Título;Enlace;Fecha;Primeros_Párrafos;Topic
Muere una mujer en un choque frontal que ha obligado a cortar la C-16 a la altura de Cercs;https://www.lavanguardia.com/sucesos/20250301/10436452/c16-accidente-cercs-coches-corte-siniestro-fallecido.html;01/03/2025;Una mujer de 59 años ha fallecido el mediodía de este sábado en un choque frontal con otro vehículo en la C-16 en el término municipal de Cercs (Barcelona). Era una de las pasajeras de uno de los vehículos siniestrados. El accidente ha tenido lugar sobre el mediodía a la altura del kilómetro 101, donde han colisionado frontalmente dos turismos en circunstancias que los Mossos están investigando. El suceso obligó a cortar la vía en los dos sentidos de la marcha y, horas después del siniestro, la misma policía catalana ha informado de la detención de la conductora que habría provocado el siniestro por homicidio imprudente. La arrestada no ha dado positivo en las pruebas de alcoholemia, pero la policía investiga ahora qué ha sido lo que ha motivado que la mujer invadiera el carril contrario.;Sucesos
Baqueira-Beret confirma el estreno de la temporada de esquí este sábado;https://www.lavanguardia.com/sucesos/20231123/9399805/baqueira-beret-confirma-estreno-temporada-esqui-sabado.html;23/11/2023;Hace solo unos días e incluso en las últimas horas pocos daban crédito a esta noticia -en un año que va camino de ser el más seco desde que hay registros- pero los astros parecen haberse aliado con el sector del esquí y Baqueira-Beret confirmaba a última hora de anoche que este sábado, 25 de noviembre, estrena la temporada 2023/24. Será la primera estación de España en levantar el telón, gracias a las nevadas caídas las últimas horas. Una precipitación quirúrgica, esas nevadas que llegan en el momento más oportuno.;Sucesos
El crimen de la mujer hallada muerta dentro de un bidón enterrado en Lloret de Mar queda impune;https://www.lavanguardia.com/sucesos/20220918/8532404/crimen.html;18/09/2022;"El crimen de la mujer hallada muerta en junio del 2013 dentro de un bidón enterrado en una finca de Lloret de Mar (Selva) ha quedado impune. El juzgado, atendiendo a la petición del fiscal, ha archivado el caso después de que las autoridades de Argentina comunicaran que la tarotista investigada por asesinato y principal sospechosa de los hechos ha fallecido. Aparte de la vidente, el juzgado también investigaba a un vecino de la población, que fue propietario de los terrenos donde localizaron el cuerpo, que reconoció que se había encargado de ocultar el cadáver. El auto de archivo remarca que no se le puede juzgar de forma ""independiente"": ""Resulta imposible juzgarle en solitario"". La víctima era Ana María Martos, vecina de Sant Feliu de Llobregat desaparecida en 2004. La familia de la víctima denunció su desaparición el 23 de febrero del 2004. Los padres llevaban más de un mes sin saber nada de su hija de 32 años y estaban preocupados. Sin embargo, las tareas de investigación no tuvieron éxito. No fue hasta nueve años después que apareció una primera pista sobre lo que le había ocurrido a Ana Maria Martos y fue a través de tres llamadas anónimas a una asociación de familiares de personas desaparecidas Inter-SOS. Las llamadas permitieron reabrir el caso porque dieron información precisa sobre dónde estaba el cuerpo de la víctima y, también, apuntó directamente a la implicación de los dos investigados.";Sucesos
"La consellera de Justícia reconoce que ""hay margen de mejora"" en las cárceles catalanas";https://www.lavanguardia.com/sucesos/20220523/8287437/ciuro-reconoce-hay-margen-mejora-carceles-catalanas-agresion-preso.html;23/05/2022;"La consellera de Justícia, Lourdes Ciuró, ha admitido que ""hay que mejorar los recursos"" en las cárceles tras la agresión este fin de semana de un preso de Brians 2 a cinco funcionarios, de los que tres tuvieron que ser atendidos en un centro sanitario. El interno, que cumplía una condena por varios homicidios en Barcelona, ha sido trasladado a la prisión de Quatre Camins y la Generalitat ha interpuesto una denuncia al juzgado de Martorell, que se ha hecho cargo del caso.";Sucesos
Un conductor muere al caer con su coche al canal de Aragón y Catalunya;https://www.lavanguardia.com/sucesos/20250528/10730795/conductor-muere-caer-coche-canal-aragon-catalunya.html;28/05/2025;El mortal siniestro se ha producido sobre las 7.50 horas. Un vecino de la comarca del Segrià que conducía por la carretera A-140 se ha salido de la vía con su todoterreno y ha ido a caer en el interior del canal Aragón y Catalunya, a la altura de la localidad de Albelda, en la provincia de Huesca. La víctima es un hombre de 51 años por el que ni los efectivos sanitarios, ni bomberos, ni Guardia Civil han podido hacer nada para salvarle la vida. Su cadáver ha sido directamente llevado al Instituto de Medicina Legal de Huesca para que se le practicara la autopsia.;Sucesos
Macrooperativo de Mossos y Guardia Civil para desarticular “la mayor red de tráfico de drogas de Catalunya”;https://www.lavanguardia.com/sucesos/20250603/10747406/macrooperativo-mossos-guardia-civil-desarticular-mayor-asd-red-trafico-drogas-catalunya.html;03/06/2025;Los Mossos d'Esquadra han detenido a un total de 28 personas en Catalunya en el marco de un macrodispositivo contra el tráfico de drogas y armas en el que han participado más de 400 agentes del cuerpo policial, informa la policía en un apunte en la red social 'X' recogido por Europa Press. En este macrodispositivo desplegado entre Girona, Barcelona y algunes ciudades de Tarragona se ha desarticulado 3 organizaciones criminales, se han incautado cocaína, heroína, cogollos de marihuana y se han desmantelado 11 plantaciones de esta última sustancia. Además, también han requisado 8 armas de fuego, munición y 72.350 euros en efectivo.;Sucesos
Un grave accidente entre dos motos en Catalunya deja dos heridos, uno de ellos en estado grave;https://www.lavanguardia.com/sucesos/20250303/10440192/grave-accidente-dos-motos-catalunya-deja-dos-heridos-grave-asd.html;03/03/2025;Un accidente de tráfico entre dos motoristas en Catalunya ha dejado en estado grave a un hombre. Una mujer también ha resultado herida en estado menos grave. Así se desprende de la información publicada por elDiari de Girona. La colisión entre las dos motos tuvo lugar este domingo 2 de marzo sobre las 16:30 horas en la carretera GI-614, en Cadaqués (Girona). El accidente obligó a cortar la vía en los dos sentidos de la marcha.;Sucesos
Desarticulado el mayor grupo de narcotráfico internacional con base en Catalunya;https://www.lavanguardia.com/sucesos/20250124/10316293/desarticulado-mayor-grupo-narcotrafico-internacional-base-catalunya.html;24/01/2025;La Guardia Civil ha desarticulado uno de los mayores grupos de crimen organizado del narcotráfico —sobre todo cocaína—, asentado principalmente en la provincia de Barcelona, que se ha saldado con 25 personas detenidas, entre ellas un estibador del puerto de Barcelona, y la intervención de 48 armas de fuego —algunas de guerra como automáticas y fusiles. El delegado del Gobierno en Catalunya, Carlos Prieto, el General Jefe de la Guardia Civil, Pedro Antonio Pizarro, y los dos capitanes responsables de la operación, denominada 'Miltruck Frenchi', han informado este viernes en una rueda de prensa de los detalles de este grupo criminal y de la investigación.;Sucesos
Cae el principal grupo criminal de robos en cajas fuertes en joyerías e inmobiliarias de Catalunya;https://www.lavanguardia.com/sucesos/20250206/10357678/cae-principal-grupo-criminal-robos-cajas-fuertes-joyerias-e-inmobiliarias-catalunya-asd.html;06/02/2025;Los Mossos d'Esquadra y la Policía Nacional desarticularon el pasado 26 de enero un grupo dedicado al robo de cajas fuertes en joyerías e inmobiliarias de Catalunya. Los investigadores detuvieron a cinco personas implicadas en 17 delitos de robos con fuerza con un valor de 700.000 euros en diferentes establecimientos de todo el territorio desde enero de 2024. Los detenidos acumulaban más de 150 detenciones, gran parte de ellas relacionadas con hechos similares cometidos en diferentes puntos del estado. El grupo utilizaba la técnica del oxicorte, un método basado en una combinación de gases que permite cortar metales resistentes con facilidad.;Sucesos
Los restos óseos hallados en una cueva en Huéscar son los de la niña desaparecida en Cúllar hace 42 años: sus hermanos viven ahora en Catalunya;https://www.lavanguardia.com/sucesos/20250305/10447053/restos-oseos-hallados-cueva-huescar-son-nina-desaparecida-cullar-42-anos-hermanos-viven-catalunya-asd.html;05/03/2025;Los restos óseos hallados en una cueva de Huéscar, en Andalucía se tratarían del cuerpo de la niña desaparecida en Cúllar hace 42 años. Fueron hallados por un pastor en un paraje de difícil acceso de la sima del Carrascal en diciembre de 2023. Así se desprende de la información publicada porGranada Hoy. Fuentes solventes cercanas a la investigación han asegurado al citado medio que todo apunta a que se trata del cuerpo de la menor de 10 años, Dolores García Rodríguez, que desapareció en Cúllar (por entonces Cúllar Baza) el 30 de octubre de 1983, durante las fiestas de la localidad del norte de la provincia de Granada. Los restos de la niña fueron encontrados junto a otros huesos, correspondientes a una persona adulta, y también podrían estar identificados.;Sucesos
Catorce detenidos vinculados al cártel de Sinaloa por secuestro y asesinato en Catalunya;https://www.lavanguardia.com/sucesos/20241117/10114304/catorce-detenidos-vinculados-cartel-sinaloa-secuestro-asesinato-catalunya.html;17/11/2024;En una operación conjunta entre la Policía Nacional y los Mossos d’Esquadra, han sido detenidas catorce personas vinculadas al cártel de Sinaloa en Catalunya. Los arrestados están presuntamente implicados en el secuestro y asesinato de un hombre, cuyo cadáver fue hallado en una zona boscosa del municipio de Botarell, en Tarragona.;Sucesos
Interpol busca identificar a cuatro cadáveres femeninos en Catalunya, uno de hace 25 años;https://www.lavanguardia.com/sucesos/20241009/10006719/interpol-busca-identificar-cuatro-cadaveres-femeninos-catalunya-25-anos.html;09/10/2024;Interpol quiere identificar los cadáveres de cuatro mujeres aparecidos en circunstancias sospechosas de muerte violenta en Catalunya. Ha introducido sus perfiles en un archivo accesible por interne al público en general. Contiene datos sobre casos de estas víctimas. El más antiguo de ellos data de 1999. Este se corresponde con el dossier  del cuerpo sin identificar más antiguo. Es el de una joven que apareció estrangulada en una habitación de hotel en la localidad de Premià de Mar en 1999 y cuyo caso, todavía hoy, sigue siendo una de las obsesiones de la policía Judicial de la Guardia Civil de Catalunya por las excepcionales particularidades del caso.;Sucesos
La Guardia Civil desmantela en Catalunya una facción de los Latin Kings;https://www.lavanguardia.com/sucesos/20240422/9600833/guardia-civil-desmantela-catalunya-fraccion-latin-kings.html;22/04/2024;"Los Latin Kings en Cataluña tenían un funcionamiento similar al de una secta y reclutaban a sus nuevos miembros entre personas con perfiles vulnerables o solitarias, que acababan creyendo que los integrantes de la banda eran como su familia. Un sistema de captación que siempre ha funcionado muy bien en este perfil de organizaciones criminales donde la pertenencia al grupo se vende como el acceso a una ""gran familia"" que cuidará de ti y de los tuyos. El pasado 17 de abril, la Guardia Civil explotó una investigación en Barcelona y Tarragona contra los Latin Kings. El resultado, 34 detenidos,  entre ellos dos menores de edad. Todos fueron puestos en libertad provisional con medidas cautelares.";Sucesos
Al menos 32 detenidos en un operativo contra los Latin Kings en Catalunya;https://www.lavanguardia.com/sucesos/20240417/9597069/32-detenidos-operativo-guardia-civil-latin-kings-cataluna.html;17/04/2024;La Guardia Civil ha detenido este miércoles a 32 personas en un operativo que está llevando a cabo en las provincias de Barcelona y Tarragona contra la banda de los Latin Kings, y que aún continúa en marcha. Según ha informado el Instituto Armado, hasta ahora se han llevado a cabo un total de 13 entradas en domicilios, repartidos entre las provincias de Barcelona (11) y Tarragona (2), sin que hayan trascendido más detalles hasta ahora sobre los estos registros.;Sucesos
Descienden un 11,4% los robos con fuerza en domicilios de Catalunya en el primer trimestre;https://www.lavanguardia.com/sucesos/20240518/9655595/descienden-robos-fuerza-domicilios-catalunya-primer-trimestre-ano.html;18/05/2024;El balance de criminalidad que trimestralmente publica el Ministerio del Interior que recoge la actividad delictiva druatne los tres primeros meses del año, en Catalunya ha aumentado un 5%, poco más de dos décimas por encima de los delitos en el resto de España. En la comunidad se han producido 126.685 delitos o lo que es lo mismo, 1.392 delitos cada día. Destaca un significativo descenso en los robos con fuerza en domicilios del 11,4%. Catalunya ha experimentado un significativo descenso en los delitos contra la propiedad privada. Se han denunciado 6.709 casos de robos en domicilios, establecimientos y otras instalaciones, lo que supone una reducción del 9,7% con respecto a los últimos meses del 2023. El mayor descenso se ha detectado en los robos con fuerza en domicilios, que han sido 562 menos.;Sucesos
Desarticulado un grupo que robaba en tragaperras de Catalunya, Valencia y Aragón;https://www.lavanguardia.com/sucesos/20240302/9532814/desarticulado-grupo-robaba-tragaperras-catalunya-valencia-aragon.html;02/03/2024;"Un operativo conjunto de los Mossos y la Guardia Civil ha desarticulado un grupo itinerante que se dedicaba a robar la recaudación de las máquinas tragaperras en bares de Catalunya, Aragón y Valencia con la detención de seis personas tras el registro en cuatro domicilios. Los detenidos, a los que se les encontró cuatro sacas con 30 kilos de monedas de un euro, están acusados de 31 robos en bares y establecimientos de localidades pequeñas, en los que forzaban la entrada para hacerse con la recaudación de las tragaperras, todo ""de manera rápida y especializada"", según un comunicado de los Mossos.";Sucesos
Detenidos por robar 41.000 euros en carne en Huesca para su reventa en Catalunya;https://www.lavanguardia.com/sucesos/20240524/9672844/detenidos-robar-41-000-euros-carne-huesca-reventa-catalunya.html;24/05/2024;La Guardia Civil de Binéfar (Huesca) ha detenido a dos trabajadores de una empresa cárnica de la comarca de la Litera (Huesca) por el hurto de carne de vacuno valorada en más de 40.000 euros que vendían después a particulares en Catalunya, hasta donde la transportaban en vehículos particulares sin ninguna medida sanitaria. Los presuntos autores, de 52 y 54 años y vecinos de Barbastro y Monzón, sustraían una vez a la semana carne de vacuno y la introducían en la furgoneta de reparto sin mantener la correspondiente cadena de frío, trasladándola hasta un punto de encuentro que concertaban. Posteriormente sin ningún tipo de medida sanitaria, la llevaban en sus vehículos particulares a distintas provincias catalanas para venderla a particulares.;Sucesos
Golpe internacional de la Policía Nacional al tráfico de marihuana en Catalunya y Andalucía;https://www.lavanguardia.com/sucesos/20240423/9601393/golpe-internacional-policia-nacional-trafico-marihuana-catalunya-andalucia.html;23/04/2024;La Policía Nacional está desarrollando este martes un importante operativo policial contra el tráfico de marihuana con intervenciones en varios puntos de Barcelona, Girona, Granada, Málaga y Marbella. La investigación, dirigida por un juzgado de instrucción de Barcelona, tiene ramificaciones en Finlandia, Suecia y Polonia, que ha trasladado a agentes de sus respectivas policías para participar en una investigación que coordina Europol. La investigación arrancó en L’Hospitalet de Llobregat y de hecho es un juzgado de esta localidad de Barcelona quien dirige la investigación en la que se están desmantelando importantes plantaciones de marihuana, según han confirmado aLa Vanguardiafuentes al corriente de la investigación.;Sucesos
Muere un hombre tras una pelea en plaza Catalunya de Barcelona;https://www.lavanguardia.com/sucesos/20231208/9435349/muere-hombre-pelea-plaza-catalunya.html;08/12/2023;Un hombre ha fallecido este jueves en un hospital de Barcelona después de ingresar en estado crítico el pasado martes tras una pelea que tuvo lugar en la plaza Catalunya de la capital catalana. La Guardia Urbana se desplazó al lugar de los hechos esa misma noche y pudo detener al presunto responsable. Tras la pelea, la víctima quedó herida de gravedad y fue trasladada a un centro hospitalario, donde finalmente ha fallecido.;Sucesos
Liberadas 14 mujeres víctimas de explotación sexual y laboral en seis inmuebles de Catalunya;https://www.lavanguardia.com/sucesos/20240317/9566501/liberadas-14-personas-victimas-explotacion-sexual-laboral-seis-inmuebles-catalunya.html;17/03/2024;Agentes de Mossos d'Esquadra del Área Central de Crimen Organizado de la DIC, conjuntamente con agentes de la Policía Nacional, detuvieron el pasado 14 de febrero, a ocho personas, de entre 20 y 48 años , a quienes se les atribuyen delitos de tráfico de seres humanos relativos a la explotación sexual y contra los derechos de los trabajadores, delitos contra el derecho de los ciudadanos extranjeros y pertenencia a grupo criminal. El día 14 de febrero, en un operativo policial, los investigadores detuvieron a los 8 investigados y llevaron a cabo 7 entradas y pesquisas en las localidades de Barcelona, Calafell, Salou y Cabrils, donde clausuraron los 6 domicilios donde se explotaba sexualmente a las víctimas. En los domicilios investigados se intervinieron varias cantidades de sustancias estupefacientes, 20.000 euros, además de joyas y documentación diversa.;Sucesos
Golpe de Mossos, Policía Nacional, Europol y FBI a la mafia georgiana en Catalunya;https://www.lavanguardia.com/sucesos/20231114/9375938/macrooperacion-policial-mafia-georgiana-catalunya.html;14/11/2023;La unidad de domicilios de la División de Investigación Criminal Central de los Mossos d'Esquadra ha liderado, desde primera hora de la mañana del martes, una macrooperación policial contra una organización criminal transnacional dedicada a robos con fuerza en domicilios y blanqueo de capitales. La investigación se ha iniciado con al menos diez detenidos, todos de nacionalidad georgiana, con el área metropolitana de Barcelona como epicentro. Uno de los puntos que la policía ha registrado es un punto de envío y recogida internacional de paquetería en la calle Serrano de Barcelona, que supuestamente la organización usaba para trasladar material robado, han añadido fuentes policiales.;Sucesos
La Fiscalía anticorrupción golpea de nuevo al crimen organizado georgiano en Catalunya;https://www.lavanguardia.com/sucesos/20231115/9381477/fiscalia-anticorrupcion-golpea-nuevo-crimen-organizado-georgiano-catalunya.html;15/11/2023;Tres de los protagonistas de esta historia ya lo fueron en junio del 2018. La madrugada del 27 de junio de aquel año, más de un millar de policías nacionales y mossos d’esquadra accedieron a la vez a 74 domicilios de Alicante, Barcelona, Madrid y València y detuvieron a 130 personas, acusadas de liderar e integrar a la mafia armenia que se había asentado en España. La operación policial fue dirigida por los fiscales anticorrupción Juan José Rosa y José Grinda y por el valiente juez de instrucción de Terrassa, Jesús Iglesias. Cinco años después, los tres han vuelto a liderar una complicada y larga investigación, también con los Mossos y la Policía Nacional, y la colaboración de la policía de Georgia y el FBI, en la que se ha vuelto a golpear con dureza a las células de la mafia georgiana que trataba de nuevo de levantar cabeza como peligrosa organización criminal. Una investigación que tuvo una derivada en Estados Unidos, donde se arrestó, al mismo tiempo que en España, a tres georgianos. Entre la treintena de arrestados, la mayoría en Catalunya, pero también uno en Marbella, hay tresladrones de ley(vor zakonen). De la treintena de arrestados el lunes, 14 pasarán a disposición judicial este jueves en el juzgado 2 de Terrassa, el que dirige el magistrado Iglesias, que arrancó las investigaciones vinculadas con la mafia del Este en el 2016. En enero de ese año, dos personas fueron asesinadas en un piso de Terrassa, entre ellas Gela Garishvili, considerado uno de los responsables de la mafia georgiana en Europa. El titular del juzgado número 2 de Terrassa asumió la investigación y, en cuanto se detectaron las vinculaciones criminales de la víctima, el rol del ministerio público lo aceptaron dos fiscales anticorrupción especializados en las mafias del Este establecidos en Madrid que aquella vez, como ahora, han viajado reiteradamente a Catalunya para liderar y coordinar los equipos de investigación.;Sucesos
Al menos 21 detenidos en Catalunya en una operación contra el cultivo y tráfico de marihuana;https://www.lavanguardia.com/sucesos/20230927/9256191/operacion-tarragona-cultivo-trafico-marihuana.html;27/09/2023;Agentes de la Guardia Civil ha iniciado un importante dispositivo policial dirigido a desarticular toda la estructura de un grupo organizado asentado en Tarragona y Barcelona dedicado al cultivo y tráfico internacional de marihuana, tal y como apuntan en un comunicado. Según las comunicaciones de la benemérita, se han producido 16 registros en diferentes localizaciones, donde han sido detectadas y desmanteladas ocho plantaciones 'indoor' de marihuana altamente sofisticadas.;Sucesos
El presunto asesino de la app gay estuvo en Catalunya;https://www.lavanguardia.com/sucesos/20220519/8277051/asesino-app-gay-catalunya.html;19/05/2022;Lo admitió en su momento el consejero de Seguridad del Gobierno vasco, Josu Erkoreka, que compareció tras la entrega en una comisaría de Irun del sospechoso al que la Ertzaintza buscaba desde hacía meses como el posible autor de varias muertes en Bilbao. Dijo entonces el responsable de la policía vasca que el trabajo proseguía con mucha intensidad y que los investigadores estaban reconstruyendo los pasos de Nelson David M. B., dentro y fuera de Euskadi. Había constancia de al menos un viaje a Murcia, acompañando a la que entonces era su novia. No fue el único desplazamiento. El individuo también estuvo en Catalu­nya. Así lo han reconocido hasta ahora dos hombres que, tras ver su imagen en los medios de comunicación, acudieron a sendas comisarías de los Mossos d’Esquadra para explicar su relación con el acusado, según han con­firmado aLa Vanguardiavarias fuentes al tanto del caso. El primero de los individuos acudió la semana pasada a la comisaría de la policía catalana en Pineda. El hombre relató a los agentes que había conocido al colombiano que aparecía en los medios de comunicación acusado de ser el asesino de gais en el País Vasco. No tenía ni la menor duda. Aseguró que le invitó a su casa y que no tardó en darse cuenta de que el joven intentaba emborracharle o drogarle para que perdiera la conciencia con la intención de robarle. El hombre explicó que tenía experiencia en el consumo de sustancias estupefacientes, que intuyó con claridad las verdaderas intenciones del chaval, y decidió echarle a gritos. No había vuelto a saber nada más del joven hasta que tropezó con su retrato en las televisiones, donde era señalado como el hombre al que buscaba la Ertzaintza por la muerte de varios gais en Bilbao.;Sucesos
Los navajazos y las amenazas con arma blanca aumentaron un 44% en Catalunya en 2022;https://www.lavanguardia.com/sucesos/20230208/8742942/navajazos-amenazas-arma-blanca-aumentaron-44-catalunya-2022.html;08/02/2023;Hace un par de años un responsable policial manifestaba en privado su preocupación por “la cultura de la navaja” que empezaba a cuajar en algunos entornos. Era noviembre de 2021 y aquella noche un joven había muerto apuñalado en una pelea multitudinaria en las fiestas de Sant Andreu de Barcelona. Lo que hace un tiempo era un problema que se advertía en privado ahora la consejería de Interior ha dado la voz de alarma ante un fenómeno que ha aumentado de forma significativa en los últimos años. Los Mossos d’Esquadra han puesto en marcha un plan en toda Catalunya que consistirá en desplegar más controles para identificar y registrar a los portadores de navajas y objetos punzantes y tratar de reducir su presencia sobre todo en zonas de ocio. Los delitos en los que interviene algún tipo de armas blancas como cuchillos, puñales o navajas ya sea para agredir o para amenazar han aumentado un 44% respecto al 2019, el último año en el que los indicadores de seguridad no estaban afectados por la pandemia.;Sucesos
Las imágenes que ha dejado la lluvia con granizo de este domingo en Catalunya;https://www.lavanguardia.com/sucesos/20220822/8477728/imagenes-deja-lluvia-granizo-domingo.html;22/08/2022;Durante este pasado domingo por la tarde hubo precipitaciones muy intensas sobre todo en el Barcelonès, Osona, el Vallès Oriental, el Maresme y la Selva y que en algunos puntos dejaron granizo de más de 2 centímetros y rachas de viento de más de 70 kilómetros por hora. Los Bombers de la Generalitat recibieron entre las 20:00 horas de este domingo y las 07:00 de este lunes un total de 42 avisos por incidentes relacionados con las intensas lluvias caídas en la provinca de Barcelona.;Sucesos
Erkoreka confirma que el caso de las muertes a gais se extiende a Catalunya;https://www.lavanguardia.com/sucesos/20220521/8282695/erkoreka-confirma-caso-muertes-gais-extiende-catalunya.html;21/05/2022;El consejero vasco de Seguridad, Josu Erkoreka, confirmó ayer la información adelantada porLa Vanguardiaen relación a la presencia en Catalunya del hombre acusado de ser el responsable de al menos un asesinato en Bilbao. Una investigación que el responsable político de la Ertzaintza amplió también a Madrid y Valencia, donde se tiene constancia de que el joven colombiano estuvo campando. Erkoreka atendió a los medios de comunicación antes de acceder al pleno de control que se celebró en el Parlamento Vasco y respondió a las preguntas referidas a la información del jueves de este diario sobre los dos hombres que habían acudido a sendas comisarías de los Mossos d’Esquadra para asegurar haberse cruzado con el sospechoso en Catalunya.;Sucesos
Mossos y Policía Nacional frustran el intento de la ‘Mocro-Mafia’ holandesa de asentarse en Catalunya;https://www.lavanguardia.com/sucesos/20221026/8582443/mossos-policia-nacional-frustran-intento-mocro-mafia-holandesa-asentarse-cataluna.html;26/10/2022;Agentes de la Policía Nacional y Mossos d’Esquadra, con la intervención de la Policía de los Países Bajos han detenido a tres integrantes de la denominada ‘Mocro-Mafia’ holandesa, frustrando su intento de asentarse en Catalunya, donde tenían previsto blanquear, a partir de diversos negocios y adquisición de bienes, dinero proveniente del narcotráfico. Las pesquisas arrancaron una vez se constituyó, en febrero de 2021, un Equipo Conjunto de Investigación (ECI), entre Policía Nacional y Mossos d’Esquadra, con el objetivo de esclarecer delitos de robos con fuerza en cajeros automáticos mediante gases explosivos en varios países de la Unión Europea.;Sucesos
Cuatro detenidos de una banda internacional que robaba en chalets habitados en Catalunya y Madrid;https://www.lavanguardia.com/sucesos/20220805/8451657/cuatro-detenidos-banda-internacional-robaba-viviendas-cataluna-madrid.html;05/08/2022;La Guardia Civil ha detenido a cuatro personas que integraban un grupo criminal especializado en robos con fuerza en viviendas habitadas, a los que se les atribuye una decena de delitos cometidos en la Comunidad de Madrid y en varios puntos de Catalunya. La investigación, en el marco de la operación Habitat-Bidasoa, ha sido llevada a cabo por la Guardia Civil y la Policía Judicial de la Prefectura de París en Francia, ya que se estima que los detenidos conformaban una célula itinerante a nivel internacional.;Sucesos
Detenido un alumno de la Escuela de Policía de Catalunya por abusos sexuales a compañeras;https://www.lavanguardia.com/sucesos/20220430/8234015/detenido-alumno-escuela-policia-catalunya-abusos-companeras.html;30/04/2022;Un aspirante a agente de la Guardia Urbana de Barcelona que estudiaba en la Escuela de Policía de Mollet del Vallès ha sido detenido como presunto autor de abusos sexuales a cuatro compañeras de curso el pasado fin de semana, han confirmado fuentes de los Mossos. El hombre, según ha adelantado el digitalCrónica Globaly ha podido confirmarLa Vanguardia, está casado, tiene hijos y habría abusado de sus compañeras de estudios en la noche del pasado sábado en un local de Sabadell tras una cena organizada para celebrar el paso del ecuador en el curso de formación que siguen en la Escuela de Policía.;Sucesos
La Generalitat desactiva la alerta por incendios forestales en Catalunya;https://www.lavanguardia.com/sucesos/20210727/7627195/generalitat-desactiva-alerta-incendios-forestales-catalunya.html;27/07/2021;La Generalitat ha desactivado la alerta del plan de incendios forestales (Infocat) por las previsiones favorables del riesgo y la evolución positiva de los fuegos que han permanecido activos en los últimos días, todos ellos ya controlados. Según ha informado la dirección general de Protección Civil de la Generalitat, se ha desactivado el plan Infocat una vez el incendio iniciado el pasado sábado enSanta Coloma de Queralt(Tarragona) ya está controlado, tras afectar a una superficie de unas 1.700 hectáreas, así como los deTorroella de Montgrí, en Girona, con 88,6 hectáreas, y el de Ventalló-Vilopriu, también en Girona, con 34,33.;Sucesos
La narcoviolencia se dispara en Catalunya por el tráfico creciente de marihuana;https://www.lavanguardia.com/sucesos/20210824/7677797/trafico-marihuana-dispara-episodios-narcoviolencia.html;24/08/2021;Mediante amenazas, extorsiones y alguna agresión les echaban de sus pisos para poder plantar marihuana. Eso estaba pasando en el barrio de Sant Roc de Badalona y continúa pasando en la Mina de Sant Adrià de Besòs. Los Mossos d’Esquadra detuvieron en julio a una organización criminal y familiar que hacía la vida imposible a los inquilinos de algunas viviendas que les interesaban para ampliar el espacio en el que cultivar lo que muchos ya denominan el nuevo “oro verde”. La unidad central de secuestros y extorsiones de la policía catalana detuvo a 15 personas y tres siguen en prisión. Las familias no han podido regresar a sus pisos por miedo a las represalias. Que te echen de tu propia casa para que otros cultiven marihuana es un ejemplo que evidencia como, cada vez más, el crimen organizado atenta contra la seguridad de las personas ajenas al mundo delincuencial. En San Roc, en la Mina, pero también en el Montseny, donde la Guardia Civil descubrió hace dos semanas cómo una banda deforestó varias hectáreas del parque natural para plantar marihuana. Con idéntico sistema otra organización taló árboles y allanó el terreno con maquinaria pesada para arrasar varias hectáreas de un bosque protegido de Santa Cristina d’Aro para hacer lo mismo: cultivar marihuana.;Sucesos
Desarticulada una red de tráfico internacional de marihuana en Catalunya;https://www.lavanguardia.com/sucesos/20210424/7148836/desarticulada-red-trafico-internacional-marihuana-catalunya.html;24/04/2021;Una organización criminal dedicada al tráfico internacional de marihuana que operaba desde un taller mecánico de la localidad barcelonesa de Sant Andreu de la Barca ha sido desarticulada con la detención de quince personas de varias nacionalidades y la incautación de 460 kilos de marihuana y 85 de hachís. En una operación conjunta de Mossos, Guardia Civil y Policía Nacional denominada Delos, los agentes constataron que esta organización cultivaba la marihuana en España y posteriormente la distribuía por Francia, Alemania y Polonia.;Sucesos
Nueve detenidos por introducir de forma irregular miles de toneladas de residuos de Francia a vertederos de Catalunya;https://www.lavanguardia.com/sucesos/20220723/8427529/nueve-detenidos-introducir-forma-irregular-residuos-franceses-vertederos-catalunya.html;23/07/2022;Una operación conjunta de los Mossos d'Esquadra, la Policía Nacional, la Guardia Civil, los Agents Rurals y la Gendarmería francesa ha permitido detener a nueve personas por presunta participación en una organización criminal dedicada al tráfico de residuos. Según ha informado la Policía Nacional, hay diez investigados más por supuesto tráfico de basuras desde Francia hasta las demarcaciones de Barcelona, Lleida y Girona. Los principales responsables están en prisión preventiva en Francia. Las investigación se inició en enero del 2021 cuando los agentes descubrieron que en un vertedero gerundense se vertían residuos procedentes de Francia con irregularidades. Se trataba de basuras de una planta de reciclaje de Nimes, en Occitania, que entraban como restos de construcción y demolición pero que, en realidad, incluían plásticos, papeles y cartones mezclados con material rocoso del vertedero para disimular la composición.;Sucesos
Doce detenidos por violencia machista en Nochevieja en Catalunya;https://www.lavanguardia.com/sucesos/20210101/6160998/doce-detenidos-violencia-machista-nochevieja-catalunya-covid.html;01/01/2021;Los Mossos d'Esquadra y las policías locales han detenido a 37 personas esta Nochevieja en Catalunya, doce de ellas por violencia machista, el doble que en 2019 -seis-, debido sobre todo al confinamiento, mientras que otra persona ha sido arrestada por abuso sexual y amenazas. El conseller de Interior, Miquel Sàmper, ha comparecido este viernes en una rueda de prensa telemática para hacer balance de la Nochevieja, marcada este año por la covid-19 y las medidas restrictivas, junto al comisario de los Mossos d'Esquadra David Boneta y la subdirectora general de Emergencias de Protección Civil de la Generalitat, Imma Solé.;Sucesos
La policía interviene cinco fiestas ilegales en Catalunya;https://www.lavanguardia.com/sucesos/20210124/6194444/mossos-intervienen-cuatro-fiestas-ilegales-catalunya.html;24/01/2021;A pesar de la mala situación epidemiológica que se vive en Catalunya, los últimos días la policía ha tenido que intervenir en varias fiestas que no cumplían las restricciones contra el coronavirus. Según ha podido saber RAC1, la pasada noche la policía autonómica ha intervenido en otras cuatro fiestas ilegales. La primera de ellas ha sido en una casa de Les Lloses, en el Ripollès, donde los agentes han denunciado a 24 jóvenes que incumplían las medidas de seguridad contra la covid. Aparte de saltarse la prohibición de reunirse más de seis personas, los participantes también habrían incumplido el confinamiento municipal.;Sucesos
Los Mossos detienen al autor del primer homicidio del año en Catalunya;https://www.lavanguardia.com/sucesos/20210108/6173273/mossos-detienen-autor-primer-homicidio-ano-catalunya.html;08/01/2021;El grupo de homicidios de los Mossos d’Esquadra de Barcelona detuvo el miércoles al presunto autor de las dos puñaladas que el lunes acabaron con la vida de un vecino de la Trinitat de 40 años. El crimen inaugura la lista de homicidios de este año en Catalunya. El pasado se cerró con 45 asesinatos, un 21% menos que en el 2019. El suceso tuvo lugar el lunes durante una discusión entre tres hombres en plena calle Finestrelles, en el distrito de Sant Andreu. Una conocida de la víctima y testigo de la agresión contó a los investigadores que la víctima discutió con otros dos jóvenes y que uno de ellos le apuñaló en el pecho. El herido fue trasladado al hospital Vall d’Hebron, donde murió dos días después.;Sucesos
El tráfico de drogas crece un 12% en Catalunya en el 2020;https://www.lavanguardia.com/sucesos/20201127/49737326781/criminalidad-trafico-drogas-cataluna-pandemia-balance.html;27/11/2020;La caída en picado de la actividad en general, especialmente marcada en ámbitos como el del turismo, se mira en el espejo de los registros policiales en el primer añoCovid-19. Las estadísticas decriminalidadcorrespondientes a los nuevos primeros meses del 2020, seis de ellos condicionados totalmente por lapandemia, incluidos los de un verano tan atípico como el último, reflejan una caída del delito en términos generales del 27,7% respecto a los tres primeros trimestres del 2019 en Catalunya. En el conjunto de España la caída es del 20,2%. Sin embargo, esta lógica mejora estadística presenta un importante borrón: entre el 1 de enero y el 30 de septiembre pasados lasdenunciaspor tráfico de drogasenCatalunyase incrementaron un 12% respecto al año anterior y en la ciudad de Barcelona la subida por este tipo delictivo fue de un 56,6%. El Ministerio del Interior acaba de hacer público elbalance de criminalidadcorrespondiente a las tres primeras cuartas partes del año. Estas estadísticas se nutren de la información de las denuncias tramitadas por todos los cuerpos policiales que actúan en el territorio español. En el caso deCatalunya, una comunidad que en los últimos años, especialmente durante el 2018 y buena parte del 2019, padeció una fuerte escalada delictiva, la ralentización de la vida cotidiana, el confinamiento, la reducción de la movilidad y la bajísima afluencia de turistas –víctimas propiciatorias sobre todo de los hurtos–, sumadas a la actuación policial, han hecho posible un descenso de unas 100.000 denuncias penales respecto a los nueve primeros meses del año pasado. Dicho de otro modo, de los 1.342 delitos diarios que se registraron en el 2019 se ha pasado a 966 en este 2020.;Sucesos
Un hombre de 78 años muere ahogado en Cambrils y eleva a 12 los fallecidos en Catalunya;https://www.lavanguardia.com/sucesos/20210803/7643211/hombre-78-anos-muere-ahogado-cambrils-12-fallecidos-catalunya.html;03/08/2021;Un hombre de 78 años y de nacionalidad holandesa ha muerto ahogado este martes por la tarde en la playa de la Llosa en Cambrils, en la comarca del Baix Camp, según ha informado la Direcció General de Protecció Civil. El afectado ha entrado a nadar con su mujer y al volver se ha quejado de un fuerte dolor en el pecho y ha tenido que ser rescatado por el servicio de socorrismo, que lo ha sacado del agua ya inconsciente. Los socorristas han empezado a practicarle las maniobras de reanimación hasta la llegada de los efectivos del Sistema d'Emergències Mèdiques (SEM), que han seguido con las maniobras, aunque finalmente han resultado infructuosas. Se trata de laduodécima víctima mortal ahogada en las playas catalanasdesde que empezó la campaña el 15 de junio pasado.;Sucesos
Fin de semana siniestro: Cuatro accidentes en 24 horas en Catalunya;https://www.lavanguardia.com/sucesos/20210613/7525943/accidentes-trafico-catalunya.html;13/06/2021;El Servei Català de Trànsit informaba poco después de las 17:30 horas de este sábado la muerte de un motorista en el interior de los túneles de Vallvidrera, convirtiéndose así en el tercero que moría en una moto ese día y el cuarto en hacerlo en las carreteras catalanas. El accidente tuvo lugar en el kilómetro 5,3 de la vía C-16 tras chocar con un coche, cuyo conductor ha resultado herido leve. Al lugar del siniestro se desplazaron cuatro patrullas de los Mossos, Bomberos de Barcelona y tres unidades del Sistema de Emergencias Médicas (SEM).;Sucesos
En marcha un dispositivo contra el tráfico de marihuana y blanqueo en Catalunya;https://www.lavanguardia.com/sucesos/20200626/481953828294/dispositivo-trafico-marihuana-blanqueo-catalunya.html;26/06/2020;Los Mossos d’Esquadra han puesto en marcha este viernes undispositivo contra el tráfico de marihuanay elblanqueo de capitalesenCatalunya. La acción se desarrolla desde las 5.30 de la mañana en diferentes puntos del territorio catalán. El cuerpo policial ha explicado a través de las redes sociales que se están realizando una veintena de entradas en diferentes municipios catalanes.;Sucesos
Más de 20 registros en una operación policial contra el tráfico de marihuana en Catalunya;https://www.lavanguardia.com/sucesos/20210414/6727648/operacion-mossos-policia-nacional-trafico-marihuana-catalunya.html;14/04/2021;Los Mossos d'Esquadra y la Policía Nacional han coordinado esfuerzos para hacer frente al narcotráfico en una operación conjunta que se desarrolla en varias localidades de Catalunya y Asturias. Desde las seis de la mañana de este miércoles, agentes de la Divisió d'Investigació Criminal de la policía catalana y de la Policía Nacional están llevando a cabo varios registros, 23 en total, el mayor grueso de los cuales tienen lugar en Catalunya. El objetivo es desarticular una presunta organización criminal de origen chino que supuestamente se dedica al tráfico internacional de marihuana y al blanqueo de dinero, según informan ambos cuerpos policiales.;Sucesos
Nuevas actuaciones policiales en Catalunya levantan sospechas de racismo;https://www.lavanguardia.com/sucesos/20200616/481812308663/racismo-actuaciones-policiales-manresa-banyoles-cataluna.html;16/06/2020;Banyolesha abierto una investigación interna para esclarecerdos actuaciones policialesregistradas envídeosdifundidos en las redes sociales. “Ante la publicación este fin de semana en diferentes perfiles en las redes sociales, de imágenes que cuestiones actuaciones policiales en la ciudad, el Ajuntament de Banyoles manifiesta que abrirá una investigación interna para aclarar las circunstancias que rodean los hechos”, subrayan en un comunicado. El consistorio asegura que “se depurarán las responsabilidades necesarias” y remarca que “no se permitirá que hechos como estos entorpezcan la convivencia en la ciudad así como tampoco el trabajo que la Policía Local lleva a cabo en beneficio de la comunidad”.;Sucesos
Cinco ladrones ingresan en prisión por diez robos violentos en tiendas de telefonía de Catalunya;https://www.lavanguardia.com/sucesos/20201112/49417625397/cinco-ladrones-ingresan-prision-robos-tiendas-catalunya-video-seo-ext.html;12/11/2020;Cinco hombres de entre 20 y 39 años y vecinos deBadalonahan ingresado este jueves 12 de noviembre en prisión tras ser detenidos, junto con un menor de edad, comopresuntos autores de diez robos violentos, un hurto en tiendas de telefonía de distintas ciudades catalanas y por pertenencia a grupo criminal. LosMossosd’Esquadrahan explicado en un comunicado que la investigación arrancó el pasado 20 de octubre con la detención de dos hombres como presuntos autores de cinco robos con violencia e intimidación en establecimientos de telefonía de las comarcas delBaixLlobregat,TarragonèsyVallèsOriental.;Sucesos
Desaparecida en Port de la Selva la periodista de TVE Catalunya Montse Elies;https://www.lavanguardia.com/sucesos/20200912/483435855888/montse-elies-tve-catalunya-desaparecida-port-de-la-selva.html;12/09/2020;La periodista de TVE-CatalunyaMontse Elies Grasse encuentra desaparecida desde el pasado miércoles 9 de septiembre, según informó su familia, y difundió en la cadena para la que trabaja en el programa L’Informatiu. La última vez que se la vio fue el miércoles en laCala Tamariua, en Port de la Selva, acompañada de una amiga y su perra, Baguira, con las que estaba pasando tres días en Còlera. Protección Civil de Port de la Selva ha dado los datos también del coche con la que se había desplazado esos días, un Citroen Nemo de color gris plata con matrícula 4609 HVS y en un tuit ha explicado que la periodista, de 45 años, sufre “un trastorno” y no tiene medicación. Tiene el móvil desactivado.;Sucesos
Operación contra el tráfico de drogas y blanqueo de capitales en Catalunya;https://www.lavanguardia.com/sucesos/20200204/473285765976/operacion-trafico-drogas-blanqueo-capitales-catalunya.html;04/02/2020;LosMossosd’Esquadraestán llevando a cabo desde primera hora de la mañana unagranoperacióncontra unaorganizacióncriminaldedicada altráficodedrogas, principalmente cocaína, y elblanqueodecapitalesque se desarrolla en diversas poblaciones de Catalunya y en Mahón, en la isla de Menorca. Según han informado los Mossos, la operación, a cargo de la División de Investigación Criminal (DIC) de los Mossos y que cuenta con la colaboración de Europol, se ha iniciado hacia las 6.00 horas de este martes y durante la misma se están practicando una decena de entradas y registros.;Sucesos
El viento causa estragos en lugares nada frecuentes de Catalunya;https://www.lavanguardia.com/sucesos/20200303/473934270790/el-viento-causa-estragos-en-lugares-nada-frecuentes.html;03/03/2020;Elvientosopló ayer con fuerza, con rachas que llegaron a superar con holgura los 100 kilómetros por hora, y lo hizo en zonas en las que habitualmente no lo hace con tanta virulencia, empezando porBarcelona. A media tarde –cuando la fuerza de Eolo ya iba a la baja–, los teléfonos del 112 ya habían recibido cerca de un millar de llamadas avisando deestragos: árboles caídos, alguna que otra cornisa desprendida, daños en el mobiliario urbano... Según datos deProtecció Civil, elBarcelonès, el Vallès Occidental, el Baix Llobregat y el Segriàfueron las comarcas en las que se registraron un mayor número de avisos. Los bomberos llevaron a cabo medio millar de intervenciones en toda Catalunya. Las fuertes rachas de viento llevaron al Ayuntamiento de Barcelona a activar el plan básico por viento en fase de alerta. Los bomberos de la ciudad acudieron a una sesentena de servicios y el viento hizo que en el puerto, durante un par de horas, se paralizara la actividad de las terminales de contenedores APM y Best.;Sucesos
Detenido un clan familiar dedicado a robar con violencia a ancianos en Catalunya;https://www.lavanguardia.com/sucesos/20201201/49836631765/detenido-clan-familiar-robos-violencia-ancianos.html;01/12/2020;LosMossos d’Esquadradetuvieron el 25 de noviembre ados hombres y tres mujeresde un clan familiar que presuntamente se dedicaban arobar violentamente relojes y joyasaancianosenCatalunya. Según un comunicado, entre junio y agosto los Mossos tuvieron conocimiento de siete robos en diferentes puntos de Catalunya, con el mismo patrón:robos violentosde relojes y joyas a personas de65 a 90 añosen la calle, y los robos sucedieron en Sitges --dos--, Malgrat de Mar, Sant Cugat, Sant Andreu de Llavaneres (Barcelona) y Calonge (Girona).;Sucesos
La verbena de Sant Joan de Catalunya acaba con un 40% menos de incidencias que en 2019;https://www.lavanguardia.com/sucesos/20200624/481937732477/verbena-sant-joan-catalunya-incidencias-coronavirus.html;24/06/2020;Laverbena de Sant Joan, conocida como la noche más mágica (y ruidosa) del año ha estado marcada por las medidas de prevención establecidas por lacrisis del coronavirus. Las playas se cerraron para evitar aglomeraciones, pero aún así la fiesta se celebró en viviendas y en algunas calles catalanas. LosBomberos de la Generalitattuvieron que atender709 incidenciasentre las 20 horas de ayer y las 8 de la mañana, según el balance definitivo que supone prácticamente un40% menos(39,7) que lo ocurrido el año pasado (1.175 incidencias). La mayoría de los servicios han sido en relación aincendiosen mobiliario urbano, vehículos y viviendas, pero ninguno de ellos ha supuesto heridos graves o daños materiales importantes. Un total de142 personashan necesitado asistencia médica en los hospitales y centros de atención primaria de Catalunya esta pasada noche, lo que supone también un descenso del 42% respecto a 2019.;Sucesos
Desarticulan un grupo criminal dedicado a los robos en domicilios de toda Catalunya;https://www.lavanguardia.com/sucesos/20200306/473982080424/grupo-criminal-robos-casas-catalunya.html;06/03/2020;Los Mossos d’Esquadra han desarticulado ungrupo criminaldedicado a losrobosendomiciliosde todaCatalunya. Los detenidos (cuatro, tres de ellos ya en prisión) actuaban por la tarde noche después de asegurarse que la casa estaba vacía. Tras romper puertas o ventanas, se llevaban dinero, joyas y aparatos electrónicos. La banda actuaba en todo el territorio, normalmente en casas situadas en zonas aisladas, ha informado el cuerpo policial en una nota. La organización, que era itinerante, estaba formada por cinco personas que rastreaban en busca de poblaciones alejadas de zonas pobladas para evitar patrullas policiales.;Sucesos
Desarticulada una red de pornografía infantil en España: un exmilitar y un profesor de secundaria, entre los detenidos;https://www.lavanguardia.com/sucesos/20250627/10832351/desarticulada-red-pornografia-infantil-espana-61-detenidos-exmilitar-profesor-secundaria.html;27/06/2025;La Policía Nacional ha detenido este viernes a 61 personas por posesión, producción y distribución de material sexual infantil en una amplia operación con un centenar de registros por toda España. Entre los arrestados figuran un exmilitar profesional —a quien se le intervinieron nueve armas de fuego y gran cantidad de munición—, un profesor de secundaria que tenía menores en régimen de acogida y un ingeniero informático. Según la Policía Nacional, la complejidad de la investigación —en la que han participado más de 200 agentes de distintas plantillas territoriales— ha radicado en la gran cantidad de personas investigadas y de registros realizados, además de las numerosas autoridades judiciales implicadas y los miles de archivos intervenidos.;Sucesos
Cárcel sin fianza para el hombre que mató a su pareja en Constantí y la escondió en el maletero del coche;https://www.lavanguardia.com/sucesos/20250422/10605060/carcel-fianza-hombre-mato-pareja-constanti-escondio-maletero-coche-asd.html;22/04/2025;Un juez de guardia de Tarragona ha enviado a prisión provisional sin fianza al hombre que el viernes confesó a los Mossos d'Esquadra que había asesinado a su pareja  en Constantí y que le había escondido en el maletero del coche. La justicia ahora le investiga por un delito de asesinato en lo que es el segundo crimen machista del año en Catalunya. El hombre, de 43 años, se entregó mientras conducía por la AP-7. Detuvo el coche, se acercó a una patrulla de los Mossos d'Esquadra a la altura de Constantí y confesó el crimen. Los agentes comprobaron que en el maletero se encontraba la mujer muerta y con signos de violencia. La víctima era una vecina de Calafell.;Sucesos
Le prometieron dinero por ver vídeos desde casa y le han robado más de 2.000 euros a un vecino de Elche;https://www.lavanguardia.com/sucesos/20250107/10261512/catalunya-detenido-roses-girona-ciberestafa-trabajo-casa-asd.html;07/01/2025;La Policía Nacional detuvo el pasado 3 de diciembre a un hombre de 38 años en una vivienda de Roses (Girona) por su implicación en una presunta estafa relacionada con el método conocido como “trabajo desde casa”. Según ha informado el cuerpo policial en un comunicado, la víctima, un vecino de Elche (Alicante), denunció haber sido engañado tras recibir una oferta laboral a través de WhatsApp. El supuesto empleo consistía en realizar tareas sencillas como ver vídeos y escribir reseñas, por las que se le prometían pagos iniciales de cinco euros por tarea. Una vez ganada la confianza del denunciante, el estafador lo incluyó en un grupo de WhatsApp, donde se le ofrecieron trabajos más frecuentes, asegurándole ganancias de hasta 90 euros diarios.;Sucesos
Los Agentes Rurales denuncian a 2 personas por fotografiar el urogallo en libertad: ¿por qué pueden multarlos con hasta 200.000 euros?;https://www.lavanguardia.com/sucesos/20250605/10756821/agentes-rurales-denuncian-2-personas-fotografiar-urogallo-libertad-multarlos-200-000-euros-asd.html;05/06/2025;En Catalunya tenemos especies en peligro de extinción con un altísimo nivel de protección. Tanto es así que dos fotógrafos se enfrentan a posibles sanciones de miles de euros por fotografiar a uno de los animales más amenazados de nuestra naturaleza: el urogallo. Los Agentes Rurales han denunciado a dos personas en el Pallars Sobirà por fotografiar ilegalmente a este ave, una especie extremadamente sensible a la presencia humana. Por eso, la fotografía y otras actividades ilegales que la perturben pueden comportar sanciones de entre 3.000 y 200.000 euros.;Sucesos
Muere un catalán de 71 años arrastrado por la corriente mientras bajaba el río Sella en canoa;https://www.lavanguardia.com/sucesos/20250423/10611095/muere-catalan-71-anos-arrastrado-corriente-bajaba-sella-canoa-asd.html;23/04/2025;"Un hombre de 71 años y residente en Catalunya ha fallecido este miércoles al sufrir un percance mientras realizaba el descenso del río Sella en canoa, según informa la Guardia Civil a Europa Press. Fue a las 12:50 horas cuando la Guardia Civil tuvo conocimiento de la localización de una persona inconsciente en la zona del coto de pesca de Alizo (Parres) en el río Sella; al lugar se trasladó una patrulla de Seguridad Ciudadana del puesto de Arriondas.";Sucesos
Accidente mortal en la C-31: una motorista de 43 años fallece y dos resultan heridos en un choque con un turismo en Siurana (Tarragona);https://www.lavanguardia.com/sucesos/20241129/10153372/catalunya-muere-pasajera-moto-choque-turismo-c-31-siurana-tarragona-asd.html;29/11/2024;La pasajera de una moto de 43 años ha muerto este jueves a las 12.19 horas en un choque con un turismo en la carretera C-31 en Siurana (Tarragona), según ha explicado el Servei Català de Trànsit (SCT) en un comunicado. Las causas del accidente todavía se están investigando, y los conductores de la moto y del coche han resultado heridos menos graves y han sido trasladados hasta el Hospital Josep Trueta de Girona y al Hospital de Figueres (Girona).;Sucesos
Un hombre apuñala a otro en el pulmón en un local okupa de Badalona: el agresor ha huido y la víctima se encuentra en estado muy grave;https://www.lavanguardia.com/sucesos/20250616/10792281/herido-grave-hombre-apunalado-pulmon-local-ocupa-badalona-agresor-huido-moto-asd.html;16/06/2025;Un hombre se encuentra herido de gravedad tras haber sido apuñalado en un local okupado de Badalona. Los hechos han ocurrido durante la mañana del pasado domingo en una antigua sucursal de Caixabank situada en la calle Torner que ahora se encuentra okupada. Una persona ha atacado a la víctima en el pulmón con un arma blanca. Así se desprende de la información publicada porElcaso.com. Al recibir la alerta sobre esta agresión, efectivos de los Mossos d'Esquadra y del Sistema d'Emergències Mèdiques (SEM) se han personado en el lugar. Allí se han encontrado con la víctima, herida de gran gravedad. El agredido ha sido trasladado de urgencia a un centro hospitalario.;Sucesos
Detenidos cuatro hombres que robaron en casas de Ourense, Pontevedra, Valladolid y Madrid;https://www.lavanguardia.com/sucesos/20250601/10742466/detenidos-cuatro-hombres-robaron-casas-ourense-pontevedra-valladolid-madrid.html;01/06/2025;Los Mossos, en colaboración con la Guardia Civil, han desarticulado un grupo especializado en el robo con fuerza en viviendas con la detención de sus cuatro integrantes, a los que se les atribuyen cinco entradas en casas de Ourense, Pontevedra, Valladolid y Madrid, aunque se investiga si están relacionados con una docena de robos más. La policía catalana ha informado este domingo en un comunicado de que las detenciones se practicaron el pasado día 28. Se trata de cuatro hombres, de entre 35 y 46 años, quienes se dedicaban a robos con fuerza en viviendas desde diciembre de 2024.;Sucesos
Muere un hombre de 52 años tras una explosión en una vivienda de dos plantas en Das;https://www.lavanguardia.com/sucesos/20250312/10470503/catalunya-muere-hombre-52-anos-explosion-vivienda-das-girona-asd.html;12/03/2025;"Un hombre de 52 años ha muerto este martes por la noche en un incendio en vivienda unifamiliar de dos plantas en Das (Girona). Según han informado los Bombers en un comunicado, el Servei d'Emergències Mèdiques (SEM) ha atendido al herido, al cual no han podido salvar la vida; en el momento del incidente dentro de la vivienda también había una mujer que habría salido ilesa.";Sucesos
Una mujer se queda sin pensión de viudedad después de 13 años de convivencia y dos hijos en común;https://www.lavanguardia.com/sucesos/20250519/10696517/mujer-queda-pension-viudedad-13-anos-convivencia-dos-hijos-comun-pmv-asd.html;19/05/2025;Una mujer se ha quedado sin pensión de viudedad después de 13 años de convivencia y dos hijos en común. Desde el 2010, la pareja convivía en Catalunya, en una primera etapa, y posteriormente en Ourense. El hombre falleció en septiembre de 2023, y en enero de 2024 la mujer solicitó la pensión de viudedad. Para su sorpresa, la petición fue desestimada por la Seguridad Social, motivo por el cual ha decidido acudir al juzgado para reclamar su derecho.;Sucesos
España expulsa a un peluquero que captaba adeptos para el Estado Islámico en Tarragona;https://www.lavanguardia.com/sucesos/20250225/10419724/espana-expulsa-pais-peluquero-captaba-adeptos-islamico-tarragona-asd.html;25/02/2025;La Policía Nacional ha informado este lunes de la expulsión a Marruecos de un condenado por delitos de yihadismo que trabajaba, desde su puesta en libertad en 2022, en una peluquería de Mataró (Barcelona). El individuo, de 53 años, había estado en prisión por terrorismo, acusado de adoctrinar y captar en el interior de su negocio a combatientes para el Estado Islámico. Según ha informado este lunes el cuerpo policial, esta persona fue detenida junto con otro individuo el año 2018 por la Guardia Civil por formar parte de una célula salafista yihadista que operaba en Catalunya.;Sucesos
Alerta del FBI por un pirateo masivo que podría comprometer datos de cuentas de Gmail y Outlook en todo el mundo;https://www.lavanguardia.com/sucesos/20250321/10502692/alerta-fbi-pirateo-masivo-comprometer-datos-cuentas-gmail-outlook-mundo-asd-rac1.html;21/03/2025;El FBI ha alertado de un pirateo masivo que podría comprometer los datos de cuentas de Gmail y Outlook en todo el mundo. Se trata de unransomwareconocido como Medusa, que se encarga de secuestrar datos y de restringir el acceso a algunos archivos del sistema operativo. El ataque utiliza un modelo de doble extorsión: encripta los datos de las víctimas y amenaza con hacerlos públicos si no se paga el rescate. ¿Cómo lo hace? Con uno de los métodos más comunes de los hackers: el phishing. Es decir, haciéndose pasar por empresas o personas conocidas para engañar a los usuarios.;Sucesos
Un conductor temerario provoca una muerte al chocar contra seis vehículos en la AP-7;https://www.lavanguardia.com/sucesos/20250420/10599569/fallecido-accidente-multiple-ap-7-altura-vilablareix.html;20/04/2025;Un hombre de 61 años y vecino de Cardedeu ha muerto este domingo por la mañana en la autopista AP-7 al ser embestido por un conductor que circulaba de forma temeraria a gran velocidad. El responsable del siniestro ha impactado contra el vehículo de la víctima mortal y contra otros cinco que circulaban por la vía en sentido sur a la altura de Vilablareix, poco después de pasar Girona, a las siete de la mañana. En ese momento se encontraban detenidos, y el fallecido es el conductor del primer coche contra el que impactó.;Sucesos
Una empresa, obligada a pagar 15.000 euros a una gerente despedida por llamar “puta” y “gorda” a una empleada;https://www.lavanguardia.com/sucesos/20250409/10567821/empresa-obligada-pagar-15-000-euros-gerente-despedida-llamar-puta-gorda-empleada-asd.html;09/04/2025;Las faltas de respeto eran el pan de cada día entre el personal de un Burger King. Sin embargo, cuando la gerente de un establecimiento de esta cadena presuntamente cruzó líneas rojas al llamar “puta” y “gorda” a una empleada, la empresa decidió despedir a la gerente. El caso ha acabado en los tribunales. Así se despende de la información publicada porSur. Sin embargo, el resultado no ha sido el esperado por la trabajadora víctima ni por la empresa que decidió despedir a la denunciada. Y es que el Tribunal Superior de Justicia de Catalunya ha vuelto a dar la razón a la gerente desestimando un recurso interpuesto por la empresa tras una primera sentencia que declaraba improcedente este despido.;Sucesos
Le dejan de pagar el alquiler, anuncian la casa a Booking y lo multan a él: “Me han embargado la nómina”;https://www.lavanguardia.com/sucesos/20250610/10772079/le-dejan-pagar-alquiler-anuncian-casa-booking-multan-me-han-embargado-nomina-rac1-asd.html;10/06/2025;;Sucesos
Muere un matrimonio catalán tras ser atropellado por un tren en Mieres;https://www.lavanguardia.com/sucesos/20250123/10311997/muere-matrimonio-atropelladas-tren-mieres-asd.html;23/01/2025;Un matrimonio procedente de Catalunya perdió la vida el pasado miércoles tras ser atropellado por un tren de Feve en la localidad mierense de Figaredo, según ha avanzado La Nueva España. El suceso ocurrió a las 22:21 horas en el paso de Vega de Piqueros, en el tramo ferroviario entre Ujo y Figaredo, a unos 300 metros de la estación de este último. La Guardia Civil investiga las causas del accidente, aunque por el momento no se han esclarecido. Al lugar acudieron patrullas de la Guardia Civil, junto con personal sanitario y de bomberos.;Sucesos
Sin rastro de Rabie E. K., un joven de 22 años desaparecido en Lleida;https://www.lavanguardia.com/sucesos/20250402/10543757/rastro-rabie-e-k-joven-22-anos-desaparecido-lleida-asd.html;02/04/2025;El Centro Nacional de Desaparecidos (CNDES) del Ministerio del Interior ha activado una alerta para solicitar la colaboración ciudadana en la búsqueda de Rabie E. K., un joven de 22 años, que desapareció el 6 de marzo de 2025 en Lleida, Catalunya. Según la descripción proporcionada por el Centro Nacional de Desaparecidos del Ministerio del Interior, Rabie E. K. mide 1,65, tiene el pelo negro y rizado, los ojos marrones y es de complexión delgada.;Sucesos
Encuentran muerto a un sintecho de 26 años en el parque de la Ciutadella de Barcelona;https://www.lavanguardia.com/sucesos/20250117/10290967/encuentran-muerto-sintecho-26-anos-parque-ciutadella-barcelona-asd.html;17/01/2025;Un sintecho de 26 años ha aparecido muerto al parque de la Ciutadella de Barcelona. Según han informado fuentes de los Mossos d'Esquadra, los hechos tuvieron lugar el 14 de enero y el cuerpo no presentaba indicios de criminalidad. Hasta el punto se desplazaron efectivos del Sistema d'Emergències Mèdiques (SEM) que no pudieron hacer nada para salvar la vida del joven.;Sucesos
Identificada la misteriosa 'mujer del cobertizo’, hallada muerta en una casa de Girona en 2018;https://www.lavanguardia.com/sucesos/20250321/10504526/identificada-misteriosa-mujer-cobertizo-hallada-casa-girona-2018-asd.html;21/03/2025;Una mujer que fue encontrada ahorcada en una casa de campo de Girona en 2018 ha sido identificada por la La Organización Internacional de Policía Criminal (Interpol) 7 años después del hallazgo de su cadáver. Se trata de Ainhoa Izaga, una mujer de 33 años originaria de Paraguay. Así se desprende de la información publicada porEl País. Su identificación ha sido el fruto de la campaña iniciada por la Interpol para tratar de poner nombre a 46 mujeres halladas muertas pero sin identificar durante las últimas décadas en seis países europeos. Esta campaña trata de esclarecer los hechos de todos estos casos, y ahora ha dado un primer paso muy importante en el caso de una de las víctimas.;Sucesos
Amenazas, robos, secuestros y amputaciones: bandas criminales lanzan una ola de violentos ataques contra los ricos del bitcoin;https://www.lavanguardia.com/sucesos/20250514/10678622/amenazas-robos-secuestros-amputaciones-bandas-criminales-lanzan-ola-violentos-ataques-millonarios-bitcoin.html;14/05/2025;Con el precio delbitcoin disparado, grupos criminales han lanzado una ola de ataques muy violentos contra personas relacionadas con las criptomonedas:influencers, inversores que han difundido en las redes sociales sus ganancias invirtiendo en criptos yempresarios vinculados con el sector. Ayer una pareja con su hijo de dos años se salvaron in extremis de un intento de secuestro en pleno centro de París: cuatro personas intentaron introducirlas en una furgoneta cuando salían de su casa, en el acomodado Distrito XI de la capital, a las 8 de la mañana.;Sucesos
Detenido un hombre por robar 20.000 euros en joyas en Premià de Mar;https://www.lavanguardia.com/sucesos/20250328/10527462/hombre-detenido-robar-20-000-euros-joyas-premia-mar-asd-pmv.html;28/03/2025;Los ladrones normalmente se dedican a arrancar cadenas y otras joyas de oro en plena calle, llegando a provocar lesiones graves en sus víctimas. Sin embargo, en la actualidad es más común toparse con delincuentes que roban directamente en la tienda. Es lo que ocurrió el pasado 6 de marzo por la tarde en una joyería dePremià de Mar(Catalunya), cuando un cliente entró y pidió ver varias cadenas de oro a una de las dependientas. Ambos se sentaron y se las mostró con naturalidad, ya que había más empleados en el local.;Sucesos
Muere un alpinista catalán y otros ocho resultan heridos tras un alud en Armenia;https://www.lavanguardia.com/sucesos/20250311/10468723/ocho-alpinistas-catalanes-han-sido-rescatados-alud-armenia-monte-aragats.html;11/03/2025;Un alpinista catalán ha resultado muerto y otras ocho personas han resultado heridas después de que un alud las haya sepultado mientras ascendían para llegar a la cima norte de los Aragats, un volcán extinto de más de 4.000 metros, según ha adelantado Catalunya Informació y ha confirmado el Ministerio del Interior armenio. El conjunto del que formaban parte también incluía a dos bomberos del Grupo de Actuaciones Especiales (GRAE) del parque de La Seu d'Urgell, mientras que un tercero sería bombero voluntario. Según ha indicado la consellera de Interior, Núria Parlón, tres de los afectados serían “servidores públicos” de Bombers, sin dar más detalles.;Sucesos
La novia catalana de 27 años de Ana Julia Quezada que llamó al tarot y reveló la trama sexual en la cárcel;https://www.lavanguardia.com/sucesos/20250508/10659032/novia-catalana-27-anos-ana-julia-quezada-llamo-tarot-revelo-trama-sexual-carcel-pmv-asd.html;08/05/2025;Ana Julia Quezadaha vuelto a protagonizar titulares tras ser la protagonista de una trama sexual en la cárcel. Todo ha salido a la luz gracias a su pareja, una joven catalana que compartió detalles de su vida privada junto a un tarotista. Corría el año 2023 cuando la joven, de entonces 27 años, se puso en contacto con el tarotista. “Estaba muy nerviosa, su relación sentimental no iba bien y quería saber si los problemas se iban a solucionar”, explicó el hombre ante la Guardia Civil. Tal y como pudo descubrir su pareja se trataba de Ana Julia, una mujer piscis de 49 años.;Sucesos
Desmantelado en Reus un almacén ilegal de ‘gas de la risa’;https://www.lavanguardia.com/sucesos/20250414/10584738/desmantelado-reus-almacen-ilegal-gas-risa.html;14/04/2025;Los Mossos d’Esquadra en coordinación con efectivos de la Guardia Urbana de la comisaría de Reus, detuvieron el pasado 1 de abril a dos hombres de 22 años como presuntos autores de un delito contra la salud pública y otro de fabricación, tráfico y depósito de sustancias peligrosas. La investigación se inició tras una intervención de la Guardia Urbana de Reus el pasado 24 de febrero, cuando una patrulla detectó una posible operación de compraventa de bombonas de óxido nitroso en los bajos de un edificio ubicado en la avenida de Salou. Los agentes observaron a tres personas saliendo de unos trasteros que, presuntamente, servían como punto de almacenamiento del gas.;Sucesos
22 multirreincidentes detenidos al menos ocho veces en Manresa: “Estamos atados de manos y pies”;https://www.lavanguardia.com/sucesos/20241216/10204717/22-multirreincidentes-detenidos-ocho-veces-manresa-atados-manos-pies-asd.html;16/12/2024;;Sucesos
Nuevo fin de semana negro: cuatro mujeres muertas por la violencia machista;https://www.lavanguardia.com/sucesos/20240714/9803539/noche-tragica-catalunya-dos-mujeres-asesinadas-hombres-sabadell-salou.html;14/07/2024;Los Mossos d'Esquadra investigan el asesinato de dos mujeres, una en Salou y la otra en Sabadell, ocurridos en las últimas horas y que se suman al asesinato el sábado de una mujer de 31 años en la localidad valenciana de Buñol. Estos tres crímenes dibujan un fin de semana trágico de violencia machista en Catalunya y asciende a 24 el número de feminicidios perpetrados en lo que va de año en España. Según ha informado la policía catalana, el crimen en Salou tuvo lugar este sábado por la noche, cuando los agentes recibieron el aviso de que había una mujer muerta con signos de criminalidad en un piso de la calle Tortosa.;Sucesos
Impiden que un padre desherede a una hija por abandonar el hogar con 11 años;https://www.lavanguardia.com/sucesos/20250407/10559761/impiden-padre-desherede-hija-abandonar-hogar-11-anos-asd.html;07/04/2025;La Audiencia de Lleida ha declarado nulo la desheredación de un padre a su hija, que abandonó el hogar cuando tenía 11 años. Lo ha decidido así tras considerar probado que fue el hombre quien no quiso tener relación familiar con su hija. Así se desprende de la información publicada porSegre. En la sentencia, a la que ha tenido acceso el citado medio, los magistrados expresan que “no puede darse por acreditado que la falta de relación es imputable exclusivamente a la hija”. Este tribunal ha ratificado una primera sentencia impuesta por el juzgado de Primera Instancia e Instrucción número 1 de Solsona, que declaró “la inexistencia de causa de desheredamiento” de la demandante respecto a la herencia de su padre.;Sucesos
Muere el esquiador que quedó herido por la avalancha de nieve del domingo pasado en Aran;https://www.lavanguardia.com/sucesos/20250402/10542952/muere-esquiador-quedo-herido-avalancha-nieve-domingo-pasado-aran-asd.html;02/04/2025;El esquiador que el domingo pasado quedó herido de gravedad tras quedar atrapado por una avalancha en la Vall d'Aran, en Lleida (Catalunya) ha fallecido finalmente en el hospital Arnau de Vilanova. El hombre, vecino de Sant Joan de Vilatorrada, en el Bages, ha muerto este lunes a consecuencia de la gravedad de las heridas. Así se desprende de la información publicada porEl Segre. El alud se produjo durante el mediodía del pasado domingo y tres personas resultaron heridas. La nieve cayó con fuerza y rapidez desde la cima de Lhuçà. Las víctimas habían acudido al lugar junto a otras seis personas para esquiar y todo el grupo fue sorprendido por un alud que dejó atrapados a tres integrantes del grupo. Los servicios de emergencias informan que uno de ellos sufrió varios traumatismos.;Sucesos
El plan contra la multirreincidencia estará operativo a finales de febrero;https://www.lavanguardia.com/sucesos/20250109/10270170/plan-multirreincidencia-estara-operativo-finales-febrero.html;09/01/2025;El ministro de Justicia, Félix Bolaños, y el conseller de Justícia, Ramon Espadaler, dieron este jueves un paso más para poner en marcha el plan de choque contra la multirreincidencia que fue aprobado el pasado mes de diciembre. Ambos dirigentes se reunieron en el Departament de Justícia en Barcelona para acabar de pulir los detalles de la medida que prevé la activación de cinco nuevos juzgados penales que deben ayudar a disminuir los plazos de enjuiciamiento para combatir el pequeño delito. Según explicó Espadaler, “está todo preparado” para que a finales de febrero o a más tardar principios de marzo los cinco nuevos órganos puedan empezar a funcionar. “Todo evoluciona según el programa previsto, afirmó el conseller. El departamento ya tiene los espacios adecuados para ubicar los nuevos órganos, cuenta con los quince funcionarios que destinará a esta labor y también un forense que deberá asistir en los juzgados.;Sucesos
Encuentran un cráneo y huesos humanos en unas obras en el antiguo cuartel de la Guardia Civil de Sabadell;https://www.lavanguardia.com/sucesos/20250225/10420266/encuentran-craneo-huesos-humanos-obras-antiguo-cuartel-guardia-civil-sabadell-asd.html;25/02/2025;Trabajadores de Aigües Sabadell han encontrado este lunes restos de huesos y un cráneo y todo apunta a que serían humanos. Según ha avanzado elDiari de Sabadell, los han encontrado en el antiguo cuartel de la Guardia Civil de la ciudad, junto a la Gran Vía, donde se está trabajando en la canalización de aguas freáticas. Fruto del hallazgo, se detuvieron los trabajos y se avisó a los Mossos d'Esquadra. El descubrimiento ya se ha notificado al Instituto de Medicina Legal de Catalunya, que se hará cargo de los restos y los analizará.;Sucesos
Sin rastro de Alex Segura Gil, el joven de 23 años desaparecido en Girona;https://www.lavanguardia.com/sucesos/20250224/10416558/rastro-alex-segura-gil-joven-23-anos-desaparecido-girona-asd.html;24/02/2025;;Sucesos
Dos muertos, un herido crítico y uno grave en un accidente en la T-314 en Cambrils;https://www.lavanguardia.com/sucesos/20241116/10112725/dos-muertos-herido-critico-grave-accidente-t-314-cambrils.html;16/11/2024;Un hombre y una mujer han muerto este sábado en un accidente en la T-314 en Cambrils (Baix Camp). El accidente ha dejado además una persona en estado crítico y una cuarta está en estado grave. Las dos han sido trasladadas al Hospital Juan XXIII. Los Mossos d'Esquadra han recibido el aviso a las 5.57 horas y el siniestro se ha producido en el kilómetro 0,8 de la carretera, donde el coche se ha salido de la vía. Las víctimas mortales, ambos vecinos de Cambrils, han sido identificadas como el conductor, un hombre de 25 años, JX.G.P., y una pasajera, una mujer de 20 años, P.J.C.;Sucesos
Alerta por la estafa del e-mail de Temu de la “caja misteriosa” para responder a una encuesta;https://www.lavanguardia.com/sucesos/20250212/10376876/alerta-estafa-e-mail-temu-caja-misteriosa-responder-encuesta-asd.html;12/02/2025;Alerta por la campaña masiva de correos electrónicos que suplantan la identidad de Temu, la conocida plataforma china de comercio electrónico, informa la Agència de Ciberseguretat de Catalunya. Los mensajes utilizan la estrategia del premio o caja de recompensa a cambio de contestar a un cuestionario. El objetivo final es conseguir robar los datos personales y bancarios para estafar o vender la información en el mercado negro. El correo electrónico detectado suplanta la identidad de Temu y promete conseguir una “caja misteriosa” a cambio de contestar a una encuesta rápida sobre la experiencia del usuario con la plataforma de comercio. Además, se informa que la promoción termina el mismo día en que se recibe el mensaje.;Sucesos
El brazo ejecutor de la justicia;https://www.lavanguardia.com/sucesos/20250409/10563889/brazo-ejecutor-justicia-newsletter-dossier-negro-fuerzas-policiales.html;09/04/2025;La persecución de los delitos es una obligación de la justicia en un sentido global, pero si hay unos actores principales sobre los que recae de un modo específico el esclarecimiento de los asuntos, la determinación del autor y su posterior localización esos son los investigadores policiales. En respuesta a una emergencia inmediata o bajo la tutela de un juez instructor, el policía es el que entra de lleno en la materia penal que se esté tratando. Hay agentes de seguridad ciudadana que reaccionan a requerimiento de una llamada al teléfono de emergencias o intervienen durante un patrullaje al ver algo sospechoso. También están los que dedican íntegramente su tiempo a buscar a los malhechores y solucionar los casos. Una labor perseverante que muy bien ejemplifica la localización y liberación del funcionario de prisiones José Antonio Ortega Lara secuestrado por ETA en enero de 1996 y quepermaneció encerrado en un zulo 532 díashasta que un equipo de la Guardia Civil lo sacó de allí, condenado ya una muerte segura. La duración del cautiverio del delantero del FC Barcelona, Enrique Castro, más conocido como Quini, no fue ni mucho menos tan largo como el de Ortega Lara, lo que no restó intensidad al trabajo policial en un momento en que los medios técnicos eran muy distintos a los que hay actualmente.La Policía Nacional liberó al jugadorel 25 de marzo de 1981, al que había secuestrado una improvisada banda de delincuentes aficionados.;Sucesos
Encuentran el cadáver de una mujer al lado del río en Cornellà de Llobregat;https://www.lavanguardia.com/sucesos/20250203/10345622/encuentran-cadaver-mujer-lado-rio-llobregat-cornella-llobregat-asd.html;03/02/2025;Los Mossos d'Esquadra investigan la aparición del cuerpo sin vida de una mujer al lado del río Llobregat en Cornellà de Llobregat este domingo. La policía recibió un aviso a las 15.30 h de una persona que decía haber visto un cadáver en el cauce del río Llobregat. Se desplazaron los Mossos d'Esquadra, el Sistema de Emergencias Médicas (SEM) y la policía local de Cornellà, que constataron la existencia del cadáver de una mujer, que debió hacer unos días que estaba muerta.;Sucesos
Les pillan con cocaína tras chocar con un coche robado en Girona y se enfrentan a 8 años de cárcel por ello;https://www.lavanguardia.com/sucesos/20250303/10440207/chocan-coche-robado-girona-les-pillan-cocaina-accidente-asd.html;03/03/2025;Tres hombres se enfrentan a condenas de cárcel tras verse implicados en un accidente en Girona, Catalunya. Uno de ellos se enfrenta a 2 años de cárcel por robar un coche y a los otros dos se les acusa de traficar con drogas y tener armas de fuego, por lo que se enfrentan a una condena de 8 años de prisión. Así se desprende de la información publicada por elDiari de Girona. Los hechos ocurrieron a las 15:20 horas del 3 de abril de 2024 en la carretera C-260 de Roses en dirección a Figueres. En ese momento, un hombre que conducía un BMW robado, dio un volantazo brusco hacia la derecha y chocó contra otro coche. A causa del impacto, el vehículo quedó volcado en el arcén y el acusado huyó corriendo del lugar.;Sucesos
El fiscal o el gran dedo acusador;https://www.lavanguardia.com/sucesos/20250226/10365249/fiscal-gran-dedo-acusador.html;26/02/2025;Este texto pertenece a 'Dossier Negro', un boletín inspirado en el podcast del mismo nombre, que Enrique Figueredo enviará los miércoles con periodicidad quincenal. Si quieres recibirlo, apúntateaquí. El fiscal es el acusador público y en aras del interés social vela por que el acto de justicia se ejerza eficazmente conforme a las leyes. Es una figura clave en todos los procedimientos, pero por la especial relevancia que tienen los delitos contra las personas su intervención y sus decisiones en esos asuntos son determinantes. Ello se ve de un modo especialmente gráfico en las vistas con jurado popular. Ese fue el caso de la joven paraguaya asesinada por su marido en la Nochevieja de 2018 en el domicilio de la pareja, en Costa Teguise (Lanzarote). El acusado y hoy condenado, Raúl Díaz Chacón, mató a su esposa,la descuartizó y trató de quemar los trozos en la barbacoafamiliar. La actuación del ministerio fiscal durante el juicio celebrado en la Audiencia de Las Palmas apuntaló las acusaciones y forzó la confesión del criminal.;Sucesos
Raptan a su hija después de que decidiera irse de su casa y la obligan a publicar un vídeo diciendo que está con su padre voluntariamente;https://www.lavanguardia.com/sucesos/20250327/10525119/raptan-joven-valenciana-logrono-asd.html;27/03/2025;La Policía Nacional ha detenido a tres personas en Alcira, en València, y a otra en Lleida, en Catalunya, acusadas de reaptar a una joven de 18 años en un piso de Logroño durante el pasado fin de semana. No se descarta que se produzcan más detenciones por estos hechos y la investigación sigue abierta. Así se desprende de la información publicada porNueveCuatroUno. Los hechos ocurrieron el pasado sábado por la tarde, cuando seis personas ingresaron en una vivienda de Logroño. En el interior, estaba una joven de 18 años y su pareja, que se escondían en una habitación. Tras conseguir entrar en la habitación por la fuerza, los autores raptaron a la joven, sacándola de la vivienda en contra de su voluntad y se la llevaron con vehículos. Forcejearon con la pareja de ella, a quien causaron lesiones de carácter leve.;Sucesos
Deja ciego de un ojo a un joven con una pistola de aire comprimido en Palamós y ahora se enfrenta a 11 años de cárcel por ello;https://www.lavanguardia.com/sucesos/20250326/10520376/deja-ciego-ojo-joven-pistola-aire-comprimido-palamos-enfrenta-11-anos-carcel-asd.html;26/03/2025;Un hombre se enfrenta a 11 años de cárcel tras dejar ciego de un ojo a la víctima, a quien disparó con una pistola de aire comprimido. El procesado asegura que se trató de un accidente y que fue consecuencia de su falta de reflejos tras un consumo abusivo de marihuana durante los días previos. Así se desprende de la información publicada por elDiari de Girona. Los hechos ocurrieron en 28 de marzo de 2022 en un camping de Palamós, en Girona (Catalunya). Pocos días previos al suceso, el procesado había empezado a vivir en la calle junto a otro joven al que había conocido hacía poco en la localidad. Dormían en un camping abandonado. Ese día, la víctima, amigo del joven con el que convivía el acusado desde hacía unos días, había acudido al camping para llevarle algo de comida a su amigo para almorzar. “Yo había ido a ayudar a mi amigo, pasaba por un mal momento y, saliendo del trabajo, le fui a llevar el desayuno”, ha declarado el afectado en el juicio.;Sucesos
Detienen a un hombre de 60 años por la muerte de su hermano de 73 en Cervelló;https://www.lavanguardia.com/sucesos/20250121/10305808/detienen-hombre-muerte-vecino-cervello.html;21/01/2025;En una de las múltiples urbanizaciones en medio de la montaña que tiene Cervelló hacía tiempo que echaban de menos a uno de sus vecinos de 73 años. Tanto es así que, según relatan fuentes de los Mossos d'Esquadra, los residentes acabaron avisando de la situación a la Policía Local. La sorpresa fue que finalmente se halló el cadáver del señor ausente en un domicilio. El hallazgo se produjo en una vivienda de la calle Josep Maria de Segarra el pasado día 16 de enero sobre las 15 horas. El cuerpo sin vida tenía signos de violencia, así que la División de Investigación Criminal de la Región Metropolitana Sud abrió una investigación.;Sucesos
Imputado el chef de un conocido restaurante de Lleida por acoso sexual y laboral a siete mujeres;https://www.lavanguardia.com/sucesos/20250221/10408653/imputado-chef-conocido-restaurante-lleida-acoso-sexual-laboral-siete-mujeres-asd.html;21/02/2025;El juzgado de Instrucción número 2 de Balaguer, en Lleida (Catalunya), ha imputado a un chef de un conocido restaurante de la provincia como presunto autor de los delitos de acoso sexual y laboral. Así se desprende de la información publicada porSegre. Tal y como ha informado el citado medio, siete empleadas de un complejo turístico de la Noguera interpusieron una denuncia conjunta contra el cocinero del establecimiento en mayo de 2024 ante los Mossos d'Esquadra. Todas las presuntas víctimas tienen entre 18 y 45 años.;Sucesos
Élite Taxi denuncia una agresión de conductores de VTC a dos taxistas en el aeropuerto de El Prat;https://www.lavanguardia.com/sucesos/20250323/10510210/elite-taxi-denuncia-agresion-conductores-vtc-dos-taxistas-aeropuerto-prat.html;23/03/2025;Un trabajador de Élite Taxi ha denunciado una nueva agresión que han sufrido dos compañeros por un grupo de conductores violentos de Uber de la Terminal 1 del Aeropuerto del Prat de Barcelona. La Vanguardia ha accedido al contenido de la comparecencia del denunciante, así como a los vídeos en los que se observan los hechos delictivos. Los taxistas han sido trasladados al hospital, donde les han hecho el parte de lesiones y, posteriormente, han recibido el alta médica. Los hechos ocurrieron la tarde del domingo 23 de marzo a las 13:15 horas. Según relata uno de los trabajadores de Élite Taxi a este medio, los agresores se encontraban en el parking de Uber -el punto de recogida a los clientes- cuando varios taxistas con chaleco azul aparecieron en escena. Estos últimos son parte del personal especializado y su objetivo no solo es asistir a los pasajeros, sino que también se dedican a cazar a los ‘piratas’ del aeropuerto.;Sucesos
Detenido el ladrón 'discreto' que robaba en coches de Tarragona con cautela y sin dejar rastro;https://www.lavanguardia.com/sucesos/20250219/10400933/detenido-ladron-discreto-robaba-coches-tarragona-cautela-dejar-rastro-asd.html;19/02/2025;Los Mossos d'Esquadra han detenido este martes 18 de febrero a un hombre de 40 años que había robado 18 coches en 10 días en Tarragona, Catalunya. El autor de estos hurtos forzaba las cerraduras de los vehículos de cautelosamente, de forma que las víctimas ni siquiera se daban cuenta de los hechos. Así se desprende de la información publicada porAntena3. Elmodus operandide este ladrón no tenía nada que ver con los robos más usuales en vehículos. Este hombre no rompía cristales ni dejaba ningún otro tipo de destrozo visible para acceder al interior de los distintos vehículos asaltados: su método particular le permitía no dejar rastro del hurto.;Sucesos
Impresionando incendio en una nave industrial en Igualada esta madrugada;https://www.lavanguardia.com/sucesos/20250103/10253594/impresionando-incendio-nave-industrial-igualada-madrugada-asd.html;03/01/2025;;Sucesos
Liberadas a ocho mujeres forzadas a ejercer la prostitución en dos locales de Barcelona;https://www.lavanguardia.com/sucesos/20241215/10203590/liberadas-ocho-mujeres-forzadas-ejercer-prostitucion-dos-locales-barcelona.html;15/12/2024;Agentes de los Mossos de la Región Policial Metropolitana Barcelona han detenido a dos mujeres y un hombre, de entre 35 y 60 años, al que se les atribuyen delitos de tráfico de seres humanos en la vertiente de explotación sexual, pertenencia a grupo criminal y delitos de tráfico de drogas. Según la policía catalana, ambas detenidas captaban a mujeres en países sudamericanos, principalmente en Colombia, Honduras y Venezuela, y las transportaban hasta Barcelona. Las obligaban a prostituirse durante largas horas al día, en condiciones abusivas. El hombre detenido hacía de proxeneta. Los Mossos han liberado a ocho víctimas de explotación sexual que eran forzadas a ejercer la prostitución en dos locales en Poblenou. Buscaban a mujeres jóvenes en páginas web de streaming de contenido sexual. El objetivo eran chicas que ya se habían iniciado previamente en sus países de origen en este mundo. En este punto las captaban y transportaban hasta Barcelona. Les ofrecían beneficios económicos a cambio de ejercer la prostitución con falsas promesas. Las obligaban a prostituirse durante largas horas al día, en unas condiciones abusivas, y vivían de forma precaria en los propios locales donde ejercían la prostitución.;Sucesos
Cómo podemos identificar el ‘Qrishing’, la estafa por QR con la que roban nuestros datos;https://www.lavanguardia.com/sucesos/20241126/10143678/como-identificar-qrishing-estafa-qr-roban-datos.html;26/11/2024;Nos habéis hecho llegar a través de nuestro número deWhatsApp (34 666908353)la imagen de una supuesta multa por estacionamiento incorrecto que incluye un código QR y nos pedís de qué se trata. Es una estafa que utiliza un QR para captar datos personales y que se ha detectado en la provincia de Salta, en Argentina. Este tipo de fraude llamado Qrishing, se está reproduciendo mayoritariamente en América Latina, donde distintas autoridades ya han emitido alertas al respecto. Pese a que en España el volante concreto que nos habéis hecho llegar todavía no se ha detectado, sí que hay constancia de estafas similares a partir de códigos QR. El modus operandi está registrado por elInstituto Nacional de Ciberseguridady tanto Mossos d’Esquadra como Policía Nacional tienen constancia de ello. ¡Te explicamos cómo funciona y cómo puedes evitar caer en este fraude!;Sucesos
Golpe contra varias redes de narcotraficantes que operaban en el área de Barcelona;https://www.lavanguardia.com/sucesos/20240310/9548898/golpe-redes-narcotraficantes-barcelona-mossos.html;10/03/2024;Los Mossos d'Esquadra han desarticulado en el área metropolitana de Barcelona a diversos grupos dedicados al tráfico nacional e internacional de grandes partidas de marihuana y de hachís, interconectados entre ellos y vinculados al crimen organizado italiano. En total, se han detenido a 18 personas y practicado 21 registros. El operativo policial deriva del caso Magenta, organizado conjuntamente con la Guarda di Finanza Italiana, cuyo dispositivo en Catalunya e Italia, coordinado por Europol, ha culminado con 78 personas detenidas relacionadas con el crimen organizado italiano. En Catalunya, la investigación la ha dirigido el juzgado de primera instancia e instrucción número 4 de Badalona (Barcelona), y en Italia la Fiscalía Antimafia de Milán.;Sucesos
Multirreincidencia, ocupaciones y armas, las prioridades de los Mossos;https://www.lavanguardia.com/sucesos/20241121/10125099/multirreincidencia-ocupaciones-armas-prioridades-mossos.html;21/11/2024;Multirreincidencia, ocupaciones delincuenciales y la proliferación de armas blancas y de fuego. A estos tres capítulos de la seguridad dedicó ayer parte de su intervención la comisaria Alicia Moriana, segunda al frente de los Mossos d’Esquadra, que junto al comisario jefe Miquel Esquius y el director de la policía, Josep Lluís Trapero, comparecieron en el Parlament para definir las prioridades y ejes de actuación tras estos primeros cien días con la socialista Nùria Parlon al frente de Interior y de unos Mossos que apuestan por un modelo de policía preventiva y comunitaria de protección. Moriana y anteriormente Trapero advirtieron de la necesidad de transformar el abordaje de una nueva multirreincidencia, “especialmente compleja”, que delinque con gran impunidad. La reincidencia, advirtió el director, “es un verdadero fracaso del sistema”. Y aportó un par de datos que no por conocidos dejan de impactar. De los 2.700 delincuentes reincidentes detenidos el año pasado en Barcelona, 500 habían sido arrestados en más de tres ocasiones y 33 más de una decena de veces.;Sucesos
Dos estafadores extorsionan a una víctima con falsos anuncios de prostitución y le exigen miles de euros: así actuaba la banda;https://www.lavanguardia.com/sucesos/20241230/10246317/estafadores-extorsionan-victimas-anuncios-falsos-prostitucion-les-exigen-miles-euros-asi-actuaba-banda-asd.html;30/12/2024;Agentes de la Policía Nacional han detenido en Olot (Girona) a dos individuos, de 22 y 41 años, acusados de pertenecer a un grupo organizado dedicado a extorsionar a personas a través de la práctica conocida como 'sextorsión'. Uno de los afectados, un vecino de Elda (Alicante), denunció haber recibido amenazas tras consultar anuncios de prostitución en internet, lo que dio inicio a la investigación. La víctima explicó que, tras hacer clic en una foto de un anuncio, los estafadores obtuvieron sus datos de contacto y comenzaron a amenazarlo mediante una popular aplicación de mensajería, exigiéndole inicialmente 1.500 euros. Después de realizar el primer pago, la extorsión continuó con una nueva exigencia de 1.000 euros, acompañada de amenazas de ir a su casa para cobrar la deuda.;Sucesos
La fiscalía pide cinco años de prisión para cinco jóvenes por quemar contenedores;https://www.lavanguardia.com/sucesos/20231010/9291442/fiscalia-pide-cinco-anos-prision-cinco-jovenes-manifestantes-quemar-contenedores.html;10/10/2023;La fiscalía ha solicitado cinco años de prisión para los cinco jóvenes manifestantes acusados de quemar contenedores en unaprotesta en Barcelona en septiembre de 2020. El juicio se ha celebrado este martes en la Audiencia de Barcelona y ha sido el ministerio público quien ha solicitado para los cinco implicados tres años por un delito de desordenes públicos y otros dos por daños.;Sucesos
Caen 800 miembros de clanes de los Balcanes en una operación de drogas y armas;https://www.lavanguardia.com/sucesos/20241214/10201721/caen-800-miembros-clanes-balcanes-operacion-drogas-armas.html;14/12/2024;La Policía Nacional, la Guardia Civil y los Mossos d'Esquadra han liderado una gran operación internacional contra el tráfico de armas de fuego, drogas y seres humanos desde regiones de los Balcanes y el este de Europa. El dispositivo ha desmantelado las rutas clandestinas de las organizaciones criminales en suelo europeo y se ha saldado con 796 detenidos, 55 de ellos en España. Según un comunicado del Ministerio del Interior, el operativo se ha saldado en territorio español con 2.600 registros de vehículos, 200 inspecciones de locales y la identificación de unas 30.000 personas, además de los 55 arrestados.  Los controles se extendieron por toda España con un despliegue de 2.700 agentes de la Policía Nacional, la Guardia Civil y los Mossos d'Esquadra, quienes establecieron el eje de coordinación en el Centro de Inteligencia contra el Terrorismo y el Crimen Organizado (CITCO), concentrando las vigilancias en Catalunya y en otros puntos de España con interés estratégico.;Sucesos
Dos excursionistas catalanes desaparecen en los Pirineos franceses tras una fuerte nevada;https://www.lavanguardia.com/sucesos/20241210/10188946/dos-excursionistas-catalanes-desaparecen-pirineos-franceses-fuerte-nevada-gvm2.html;10/12/2024;;Sucesos
Investigan un tiroteo en Tarragona que ha dejado un herido;https://www.lavanguardia.com/sucesos/20220818/8472031/catalunya-sucesos-mossos-investigan-tiroteo-herido-tarragona.html;18/08/2022;Los Mossos d'Esquadra investigan un tiroteo con un herido que sucedió este miércoles sobre las 22:00 horas en la calle Francolí de Tarragona, según han informado fuentes policiales. La víctima presentaría una lesión en una de sus muñecas, así como restos de perdigones por piernas y pecho, según ha adelantado elDiari de Tarragona.;Sucesos
Salvamento Marítimo asistió a 61.824 personas en toda España en el 2023;https://www.lavanguardia.com/sucesos/20240202/9511606/salvamento-maritimo-facilito-asistencia-61-824-personas-toda-espana.html;02/02/2024;El balance llevado a cabo por el Ministerio de Transportes y Movilidad Sostenible a través de la Dirección General de Marina Mercante refleja que Salvamento Marítimo coordinó la asistencia y rescate de 61.824 personas en un total de 7.520 actuaciones marítimas en la delimitación de responsabilidad de búsqueda y salvamento en toda España. La inmigración irregular aumento un 37% respecto al año anterior y hubo que proporcionar rescate a 26.521 personas en 1.239 embarcaciones.;Sucesos
El chatarrero muerto en Martorell, un desprendido que ayudaba a todo el mundo;https://www.lavanguardia.com/sucesos/20241121/10126445/chatarrero-muerto-martorell-desprendido-ayudaba-mundo.html;21/11/2024;Magí Ollé Falguera, de 72 años, tenía siempre una frase en la boca y la mano en el bolsillo de la cartera: “¿Qué necesitas?”. Y por lo que este jueves relataban emocionados sus vecinos, allegados y amigos de Martorell, si lo que necesitabas era razonable, lo tenías. El hombre, divorciado y padre de dos hijas, hecho a si mismo y al frente todavía de su chatarrería en la localidad, apareció el miércoles por la tarde sin vida en su casa. Estaba maniatado y con signos de no haberle puesto fácil las cosas a las personas que accedieron a la vivienda, presuntamente con la idea de robarle. Este jueves el cuerpo de la víctima esperaba en el Instituto de Medicina Legal y Forense de Catalunya para que los forenses le practicaran la autopsia y determinaran la causa de la muerte. Los investigadores del grupo de homicidios de la región policial metropolitana sur trabajaron el miércoles por la noche y hasta bien entrada la madrugada y este jueves permanecieron horas en la casa los mossos de la policía científica, realizando la inspección ocular del escenario.;Sucesos
Detenido un hombre por agredir a un bebé en el Poble Sec en Barcelona;https://www.lavanguardia.com/sucesos/20241008/10003809/detenido-hombre-agredir-bebe-poble-sec.html;08/10/2024;Los Mossos d'Esquadra han detenido a un hombre con numerosos antecedentes policiales por presuntamente agredir ayer por la tarde a dos hombres y a un bebé en el barrio de Poble-Sec de Barcelona, ha informado la policía catalana este lunes. La detención, han confirmado fuentes policiales, guarda relación, entre otras agresiones, con una recogida en un vídeo que se ha hecho viral en las redes sociales.En el vídeo, grabado en un parque, se ve a un hombre que agrede a un bebé que está en un cochecito, mientras el hombre que acompaña al menor intenta protegerle.;Sucesos
¿Cómo llegan los kalashnikov a España y cuánto cuestan?;https://www.lavanguardia.com/sucesos/20240701/9767889/como-llegan-kalashnikov-espana-cuestan.html;01/07/2024;El asesinato a tiros de un kalashnikov de dos personas el pasado domingo por la noche en Girona ha creado alarma social. El asesino sigue huido después de abandonar esta arma de guerra. La pregunta que se hace la opinión pública es ¿cómo es posible que alguien pueda tener un fusil militar en su casa en España? La periodista de La Vanguardia Mayka Navarro explica en este video en conversación con el director adjunto del diario Enric Sierra, cómo llegan estas armas a nuestro país, qué rutas siguen, para qué se utilizan y hasta qué precio alcanzan en el mercado negro. La protección de las numerosas plantaciones de marihuana que hay en Catalunya estarían detrás de la presencia de este armamento. Según datos policiales, ha aumentado la incautación de armas ilegales y cada vez son más habituales fusiles procedentes de zonas que han sufrido un conflicto bélico.;Sucesos
Localizados sin vida tres de los empresarios valencianos desaparecidos;https://www.lavanguardia.com/sucesos/20241110/10094649/hallan-cuerpos-empresarios-vicente-tarancon-miguel-burdeos.html;10/11/2024;Los equipos de rescate encontraron ayer los cuerpos sin vida de los empresarios valencianos Vicente Tarancón, Miguel Burdeos y José Luis Marín, desaparecidos desde la tarde del 29 de octubre, tras el paso de la DANA. Los tres empresarios se encontraban en compañía de Antonio Noblejas, exdirector general de la escuela de negocios EDEM. Los cuatro desaparecieron sobre las 17.55 horas del 29 de octubre, cuando volvían de Chiva en coche. Del que sigue desaparecido no se sabe nada. Nada, salvo que las brigadas de rescate lo siguen buscando, como a todas las personas que siguen estando oficialmente desaparecidas: al menos 76 después de las últimas actualizaciones. Medios humanos y técnicos –cámaras térmicas, drones...– prosiguen su búsqueda sin descanso, con la inestimable ayuda de unidades caninas de la policía, los bomberos y equipos de salvamento. La búsqueda se centra en la Albufera y el mar, donde las riadas podrían haber arrastrado los cuerpos.;Sucesos
Prisión provisional para un anciano por una presunta violación a una menor en Puig-reig;https://www.lavanguardia.com/sucesos/20240923/9961164/prision-provisional-anciano-presunta-violacion-menor-puig-reig.html;23/09/2024;El Juzgado de Instrucción 2 de Berga (Barcelona) en funciones de guardia ha acordado el ingreso en prisión provisional comunicada y sin fianza para un hombre de 82 años detenido en Puig-reig (Barcelona) por una presunta agresión sexual a una menor de menos de 16 años, según ha informado en un comunicado el Tribunal Superior de Justicia de Catalunya (TSJC) este lunes. La jueza también ha prohibido expresamente que se comunique con la víctima o que pueda acercarse a ella como presunto autor de una agresión sexual con acceso carnal a una menor de edad de menos de 16 años “con aprovechamiento de vínculo de parentesco”.;Sucesos
La telefonía móvil extiende el uso de pruebas sonoras en los procedimientos penales;https://www.lavanguardia.com/sucesos/20241106/10074394/newsletter-dossier-negro-gemelas-asesinas-audios-mensajes-voz-pruebas-inculpatorias.html;06/11/2024;Este texto pertenece a 'Dossier Negro', un boletín inspirado en el podcast del mismo nombre, que Enrique Figueredo enviará los miércoles con periodicidad quincenal. Si quieres recibirlo, apúntateaquí. La extensión de la tecnología ha permitido que las grabaciones de sonido puedan realizarse con gran facilidad y viajar de un modo casi instantáneo de un receptáculo digital a otro. El mundo de la telefonía es en gran medida responsable de este fenómeno. Sin embargo, los audios procedentes de pinchazos telefónicos, de micrófonos ocultos o de captaciones deliberadas se convirtieron hace mucho tiempo en elementos susceptibles de ser usados en un procedimiento penal como material probatorio. El caso delas gemelas asesinas de Sabadell, protagonistas de la última entrega deDossier Negroes buena prueba de ello.;Sucesos
Cae una red criminal dedicada a concertar parejas de hecho falsas en Barcelona y Girona;https://www.lavanguardia.com/sucesos/20240514/9642775/cae-red-criminal-dedicada-concertar-parejas-hecho-fraudulentas-barcelona-girona.html;14/05/2024;Agentes de la Policía Nacional han desarticulado una organización criminal presuntamente dedicada a concertar parejas de hecho en Catalunya. Según informó este martes la Policía Nacional, han sido detenidas 11 personas en Barcelona y Girona, entre las que se encuentra el líder de la organización, a las que se considera presuntos responsables de la inscripción de, al menos, 77 parejas de hecho fraudulentas entre ciudadanos y migrantes en situación irregular mediante documentación falsa.;Sucesos
Más de 30 años buscando un hermano desaparecido: “La Guardia Civil no nos dijo nunca que lo habían encontrado muerto”;https://www.lavanguardia.com/sucesos/20250122/10308592/mas-30-anos-buscando-hermano-desaparecido-guardia-civil-dijo-nunca-habian-encontrado-muerto-asd.html;22/01/2025;Tarde del 27 de septiembre de 1991. Barcelona. ¿Escenario? El aeropuerto de El Prat. En aquel momento, en otro lugar de Catalunya, Luis Brusca –un argentino de 24 años que ya hacía unos cuantos que vivía aquí– se empieza a preocupar porque hace demasiado rato que no tiene noticias de su hermano, José, que justo tiene 18 años. Eso mismo impulsa Luis a ir a la Policía Nacional y denunciar la desaparición. Aunque en aquel momento no se lo espera, eso será el inicio de un calvario de más de 30 años. Treinta y cuatro, para ser exactos.El món a RAC1ha sido testigo de esta historiarocambolesca, que Luis ha descrito como un caso paradigmático de “falta de empatía total” por parte de la administración.;Sucesos
Los funcionarios suspenden las protestas en Quatre Camins, Joves y Wad-Ras;https://www.lavanguardia.com/sucesos/20240316/9565901/sindicatos-llevan-protesta-limite-bloqueo-tres-carceles.html;16/03/2024;El Departament de Justícia ha confirmado este domingo que no hay bloqueos en las cárceles y que se podrá realizar la actividad ordinaria propia del fin de semana en los centros penitenciarios catalanes si no hay cambios. Por tanto, se podrán realizar las visitas con familiares que el sábado no se pudieron realizar en los centros de Quatre Camins i Joves, en la Roca del Vallès, y en la cárcel de mujeres, conocida popularmente como Wad-Ras, en Barcelona. Los sindicatos de funcionarios tensan el pulso con la Generalitat y mantuvieron durante todo el sábado el bloqueo de las cárceles de Quatre Camins, el centro penitenciario de jóvenes de la Roca y la prisión de mujeres de Wad-Ras. En todos estos centros, un total de 1.200 presos estuvieron ayer encerrados en sus celdas, en algunos casos sin poder salir desde que el pasado jueves se iniciaran las protestas. También se impidieron las visitas familiares habituales del fin de semana y las salidas al exterior por la falta de funcionarios.;Sucesos
Un cadáver desnudo aparece en una fosa freática del Besòs;https://www.lavanguardia.com/sucesos/20241129/10153087/cadaver-desnudo-aparece-fosa-freatica-besos.html;29/11/2024;Los Mossos d’Esquadra recuperaron el miércoles por la mañana el cadáver de un hombre, en avanzado estado de descomposición, que había caído o habían tirado al interior de una de las fosas freáticas que hay en la orilla del río Besòs. El hallazgo se produjo sobre las nueve y media de la mañana cuando un vecino de la zona se detuvo ante el orificio, que no estaba tapado en ese momento, después de que el perro que paseaba se detuviera delante y ladrara con fuerza. Utilizando la luz de su teléfono móvil, alcanzó a ver las extremidades y el tronco de lo que parecía un cuerpo humano. Enseguida se arremolinaron en la zona algunos de los transeúntes que a todas horas utilizan los márgenes del río Besòs para pasear o hacer deporte. Una mujer fue la encargada de telefonear al 112. El lugar exacto del hallazgo está en la frontera entre Santa Coloma de Gramenet y Montcada i Reixac.;Sucesos
Matan de dos tiros a un estibador a las puertas del colegio de sus hijos;https://www.lavanguardia.com/sucesos/agencia/20241116/10111989/matan-dos-tiros-estibador-puertas-colegio-hijos.html;16/11/2024;El asesinato de David Caballero Riera, de 51 años,tiroteado en la cabeza a traición cuando desayunaba en la cafeteríaque hay justo delante del colegio privado Hamelin de Montgat en el que estudian sus tres hijos, removió el día de ayer los submundos más turbios de la delincuencia y el crimen organizado de Barcelona. Su crimen, por la espalda y sin darle la opción de defenderse, puso de relieve hasta qué punto sobreviven todavía personajes a los que se les atribuye sin rubor una vida al margen de la ley, pero que, en el caso de esta víctima, no tenía más antecedentes judiciales que una condena en el 2015 por un delito leve de lesiones. Caballero, natural de Canet de Mar, pero crecido en la Barceloneta, barrio del que nunca se despegó, vivía ahora en una gran casa en Alella tras un periodo en Abu Dabi. Durante muchos años, el hombre trabajó de estibador en el puerto de Barcelona y no hay un solo investigador en Catalunya, de los Mossos d’Esquadra, la Guardia Civil o la Policía Nacional, que en la última década no se hubiera topado con él.;Sucesos
Los Mossos redoblan la presión contra las armas blancas en los conciertos de la Mercè;https://www.lavanguardia.com/sucesos/20240921/9957331/mossos-despliegan-dispositivo-armas-blancas-merce.html;21/09/2024;Los Mossos d’Esquadra desplegaron durante la primera noche de las fiestas de la Mercè un fuerte dispositivo para redoblar la presión contra las armas blancas. El operativo se puso en marcha en las tres zonas principales de conciertos con mayor afluencia de público: en la playa del Bogatell, en la Plaza Catalunya y en la calle Menéndez Pelayo. La zona más concurrida fue la playa del Bogatell donde se reunieron 60.000 personas. Cuando acabó el concierto de Oques Grasses y empezaron los Figaflawas, los agentes montaron un filtro en el acceso a la playa. Desviaron a los asistentes hacia la parte alta del paseo e hicieron un pasillo para separar a las personas que les parecían sospechosas. Agentes de la unidad del Área de Recursos Operativos (Arro) seleccionaron a los individuos y procedieron a cachearlos en busca de navajas u objetos punzantes.;Sucesos
Críticas a los Mossos por su actuación en los destrozos de casas tras el doble crimen de Sant Joan;https://www.lavanguardia.com/sucesos/20240630/9770755/criticas-mossos-permitir-destrozos-casas-familiares-homicida-figueres.html;30/06/2024;Laactuación de los Mossos d'Esquadrapermitiendo que un nutrido grupo de familiares y vecinos de las víctimas de las víctimas del doble crimen de Sant Joan destrozaran varias viviendas de Figueres relacionadas con el supuesto homicida ha sido criticado el sindicato SAP-FEPOL. En declaraciones a Catalunya Ràdio, su secretario general, Pere Garcia, ha afirmado que ley “sólo hay una” para todos los ciudadanos y ha añadido que es “obligación” de los Mossos hacerla cumplir. “No se puede enviar el mensaje de que, mientras no moleste al resto, se puede ir haciendo”. “Si 300 personas logran doblegar el cuerpo de Mossos es que algo ha fallado”, ha manifestado , ha dicho a modo de reproche al conseller de Interior en funciones, Joan Ignasi Elena, y al director de la policía, Pere Ferrer, quienes no han salido públicamente a dar explicaciones tras los sucesos del viernes noche.;Sucesos
Detenido en Terrassa el autor del último crimen con arma blanca;https://www.lavanguardia.com/sucesos/20240914/9940645/detenido-terrassa-autor-ultimo-crimen-arma-blanca.html;14/09/2024;Esta vez el escenario ha sido Terrassa y la víctima, un marroquí de 33 años, vecino de la localidad, y que murió esta pasada madrugada tras recibir una puñalada con un cuchillo con una hoja de 21 centímetros, en plena calle. La agresión se produjo poco antes de la una de la madrugada y en menos de una hora, los Mossos d'Esquadra habían detenido al presunto autor, un hombre nacido en Gambia en 1980 que se escondió en un edificio de la calle Reixament y que trató de engañar a los policías haciéndose el dormido. No le salió bien. Los mossos accedieron al inmueble a partir de las indicaciones que realizaron varios testigos, y los detalles que proporcionaron del presunto autor. Durante el registro del inmueble en el que se escondía, los policías localizaron el cuchillo con el mango negro que todavía estaba manchado de sangre. El fenómeno de las armas blancas se ha convertido en una de las prioridades del actual equipo de la conselleria de Interior, con Núria Parlon al frente. Nada más poner un pie en el departamento, la consellera encargó al nuevo director de la policía, Josep Lluís Trapero, la elaboración de un ambicioso plan que implique a todas las policías municipales y a la seguridad privada, para combatir un fenómeno que solo en lo que llevamos de año se ha llevado por delante nueve vidas. La Vanguardia publicaba esta semana unas cifras contundentes que ayudan a entender mejor el alcance del problema. Cada doce horas se produce en Catalunya una lesión con arma blanca.;Sucesos
Apuñalan por la espalda a un vigilante de seguridad en la estación de ferrocarril de Igualada;https://www.lavanguardia.com/sucesos/20220519/8279496/catalunya-sucesos-apunalan-vigilante-seguridad-estacion-fgc-igualada-barcelona.html;19/05/2022;Los Mossos d'Esquadra están investigando el apuñalamiento a un vigilante de seguridad privada este jueves en la estación de Igualada (Barcelona) de Ferrocarrils de la Generalitat de Catalunya (FGC). Los hechos ocurrieron al mediodía, después de que una agente de estación llamará a seguridad para identificar a un joven que no quería abonar el precio del billete. Según fuentes cercanas al caso, el individuo se negó a pagar y a identificarse y, ante su actitud desafiante y varios empujones, el vigilante de seguridad intentó detenerlo. No obstante, y mientras los presentes graban el momento, el individuo consigue escaparse.;Sucesos
Investigan como posible caso de violencia machista la muerte de una mujer en Madrid;https://www.lavanguardia.com/sucesos/20240714/9804074/hallada-muerta-mujer-piso-carabanchel-signos-violencia.html;14/07/2024;La Policía Nacional investiga como un presunto caso de violencia de género la muerte de una mujer de 29 años en la madrugada del sábado en Carabanchel, según han informado fuentes policiales. Su pareja ha sido detenida como presunto responsable del homicidio. Según ha informado un portavoz de Emergencias Madrid, el Summa 112 confirmó el fallecimiento de la mujer en su domicilio de la calle Nuestra Señora de Fátima, 23, en el barrio de Carabanchel.;Sucesos
Un muerto al chocar contra la mediana de la C-16 en Vacarisses;https://www.lavanguardia.com/sucesos/20240324/9581504/muerto-chocar-mediana-c-16-vacarisses.html;24/03/2024;El conductor de una furgoneta ha fallecido en la tarde de hoy domingo al empotrarse con su vehículo en la medianera de la autopista C-16, a su paso por Vacarisses (Barcelona). El Servei Català de Trànsit ha informado de que el accidente ha tenido lugar pasadas las cinco de la tarde en el kilómetro 34,8 de la citada autopista, en sentido Barcelona, punto en el que se ha cortado la circulación en dirección a la capital catalana.;Sucesos
Muere un joven atropellado por un camión en la AP-7;https://www.lavanguardia.com/sucesos/20220706/8389425/muere-hombre-atropellado-camion-ap-7-penedes-catalunya.html;06/07/2022;Un hombre de 24 años falleció anoche al ser atropellado por un camión a la altura de Castellet i la Gornal (Alt Penedès) en la AP-7. Con esta víctima, ya son 83 las personas fallecidas en un accidente de tráfico este año en Catalunya, según datos provisionales. El Servei Català de Trànsit ha informado de que ayer por la noche registraron un siniestro viario mortal en el punto kilométrico 206 de la AP-7, en sentido norte. Los Mossos d’Esquadra recibieron el aviso a las 21:52 horas, lo que comportó el despliegue de dos patrullas, una dotación de Bombers de la Generalitat y cuatro ambulancias del Sistema d’Emergències Mèdiques (SEM).;Sucesos
Tres muertos y tres heridos críticos en un choque frontal en la C-37 en Castellfollit del Boix;https://www.lavanguardia.com/sucesos/20240701/9771215/tres-muertos-tres-heridos-criticos-choque-frontal-c-37-castellfollit-boix-rac1.html;01/07/2024;Un accidente en la C-37 en Castellfollit del Boix, en el Bages, dejó este domingo por la tarde a tres personas muertas y tres heridas críticas. Pasó cerca de las 13:00 horas en el kilómetro 75 de la carretera, que conecta Manresa e Igualada. Hubo una colisión frontal entre un turismo y una furgoneta en que se vio implicado un tercer vehículo. A consecuencia del choque, murieron las dos personas ocupantes del turismo. Un pasajero de la furgoneta, que había sido trasladado en estado crítico en el Hospital de Bellvitge, murió horas después.;Sucesos
Cae una banda en Barcelona que robaba en bares y escondía el botín en una madriguera;https://www.lavanguardia.com/sucesos/20240824/9888561/cae-banda-robaba-bares-escondia-botin-madriguera.html;24/08/2024;Los Mossos d'Esquadra han desarticulado una banda de delincuentes que robaba en bares de Catalunya y que después guardaba los botines en una madriguera situada en una zona boscosa, en un lateral de la autopista AP-7. En total, se han detenido a tres personas, de 45, 38 i 31 años, por un delito de robo con fuerza y pertenencia a grupo criminal. Las detenciones del operativo se efectuaron el pasado 13 de agosto en el distrito de Sarrià-Sant Gervasi de Barcelona. Los arrestados presuntamente robaban dinero en efectivo de máquinas tragaperras y cajas registradoras de los bares saqueados. Después, guardaban los botines en un escondite que habían construido en el lateral de la autopista, lo que les permitió pasar desapercibidos en los últimos cuatro años y estar activos desde el 2008.;Sucesos
De una peletería de Milán a bazares y restaurantes chinos de Badalona: así cayó el banco oculto de los narcos;https://www.lavanguardia.com/sucesos/20231026/9331557/peleteria-milan-bazares-restaurantes-chinos-badalona-asi-cayo-banco-oculto-narcos.html;26/10/2023;Una peletería del Chinatown de Milán llamó la atención de la Guardia di Finanza, el cuerpo militar italiano que ejerce de policía judicial. “Era una peletería pequeña en la que entraba mucha gente, pero nadie compraba nada”, cuenta el teniente del grupo operativo antidroga, Giorgio Targa. Iban siempre hombres que llevaban una maleta, pero nunca salían con un bolso o una chaqueta, nada. Incluso durante el confinamiento seguía el tránsito de clientes. Los agentes montaron puntos de vigilancia e identificaron a la presunta clientela. “Todos eran traficantes de droga”, desvela. El local, regentado por ciudadanos chinos, ejercía de banco para organizaciones criminales. Los narcos pagaban sus cuentas o las cobraban en un mismo punto sin necesidad de enviar el dinero a ningún punto a pesar de que la droga y su transporte hubiera viajado desde Marruecos hasta el norte de Italia haciendo una parada en Barcelona para su transporte. La Guardia di Finanza camufló cámaras de vigilancia y micrófonos en el interior de la peletería. En tan solo seis meses, los chinos movieron 26 millones de euros. En la operación policial que sucedió a aquel hallazgo, los agentes intervinieron un bloc de notas donde se registraban las operaciones y descubrieron varias tarjetas de visita de tiendas de ropa y restaurantes chinos de Badalona. Ese fue el descubrimiento que dio pie a la mayor operación internacional de la historia de los Mossos d’Esquadra que se saldó con la detención el pasado 17 de octubre de 78 personas, 20 en Catalunya y 58 en Italia y en la que fueron decomisados más de 716.000 euros en efectivo y 1,2 toneladas de hachís.;Sucesos
Muere ahogado en una piscina en Torrelles de Foix;https://www.lavanguardia.com/sucesos/20230628/9074868/hombre-fallece-ahogarse-piscina-torrelles-foix.html;28/06/2023;Un hombre de 54 años y nacionalidad española ha fallecido este miércoles al ahogarse en una piscina comunitaria en Torrelles de Foix (Barcelona), según ha informado Protección civil de la Generalitat. Los servicios de emergencias han recibido a las 15:23 horas de hoy la alerta de que había un hombre que parecía ahogado en la piscina.;Sucesos
Los enemigos de los palomos;https://www.lavanguardia.com/sucesos/20240605/9709257/enemigos-palomos.html;05/06/2024;El amor por los palomos se hereda de padres a hijos. Es una tradición antigua y muy arraigada en algunos lugares de España, especialmente en Andalucía, y que en Catalunya ha arraigado convirtiéndose en escenario de cría de palomos para competiciones. En el último año, diferentes asociaciones de palomos han sufrido robos y, lo peor todavía, el asesinato de 80 aves que murieron por inhalación de humo después de que algún desalmado o desalmados prendiera fuego a uno de los contenedores de la Asociación de Coloms Esportius de Vilanova del Vallès. Juan Antonio Campos, presidente de la entidad, lleva toda la semana terminando de reunir la documentación para terminar de presentar la denuncia en la policía municipal de Vilanova del Vallès. Asegura el hombre que la propia policía local se encargará de trasladar la denuncia a la unidad de investigación de los Mossos d'Esquadra de Granollers que consultados porLa Vanguardiaeste miércoles solo tenían referencia del suceso por los medios de comunicación.;Sucesos
“No son delincuentes, pero tienen que entender que no pueden salir de casa con navaja”;https://www.lavanguardia.com/sucesos/20240928/9979607/son-delincuentes-entender-salir-casa-navaja.html;28/09/2024;Las cosas empiezan a cambiar. Especialmente para aquellos, en un 99,9 por ciento hombres, que salen o salían de casa con un arma blanca en el bolsillo... “por si acaso”. Un “por si acaso” que en ocasiones podía acabar en mostrar ese puñal o esa navaja de forma amenazante, o peor aún, utilizarla provocando lesiones, o la muerte. Un 44% de los homicidios registrados en el 2024 en Catalunya se realizaron con arma blanca. El departamento de Interior que lidera Núria Parlon ha puesto sobre la mesa las armas blancas, que se han convertido en la prioridad de los Mossos d'Esquadra, involucrando en el objetivo a las policías locales catalanas, a la seguridad privada y a la policía portuaria, en la capital catalana. La mejor muestra de esa nueva política se visualizó el viernes por la noche en la comisaría de la policía catalana en Ciutat Vella. En la sala de actos de las dependencias de Nou de la Rambla no cabía un alfiler. Al frente del dispositivo, el intendente Rafa Tello glosó en cuatro frases el espíritu del nuevo plan Daga, rehecho por la actual jefatura de la policía y en el que ha participado activamente el intendente Toni Rodríguez, destinado desde este lunes en el complejo central de Egara, en Sabadell. “No vamos en busca de delincuentes. Nuestro objetivo es ir a buscar armas blancas y hacer entender a esas personas que no les vamos a dejar salir de casa con una navaja, porque tarde o temprano, o un mosso, o un policía local o un vigilante de seguridad, se la va a incautar, y la Generalitat a sancionar”.;Sucesos
Macrorredada contra las estafas telefónicas;https://www.lavanguardia.com/sucesos/20240723/9822783/guardia-civil-detiene-cien-miembros-red-estafas-bancarias-sms.html;23/07/2024;La edad de los ciberdelincuentes se rebaja cada vez, como acaba de comprobar la Guardia Civil, que ha desarticulado un grupo organizado de un centenar de integrantes, la mayoría de los cuales tiene menos de 25 años. Se dedicaban a la comisión de estafas telefónicas y bancarias. Los investigadores no descartan más detenciones y tienen bajo su lupa a 151 personas más. Los delitos se cometieron en toda España y solo en Barcelona se practicaron 79 detenciones y se investiga a 46 sospechosos más. Llama la atención la juventud de los acusados, muchos de 18 años. Solo en la provincia de Málaga la estafa que se les imputa asciende a 1,2 millones de euros. Los presuntos implicados suplantaban el número de teléfono de una entidad bancaria concreta, desde el que enviaban mensajes a clientes de dicho banco o se hacían pasar por empleados para acceder a las claves de las cuentas de los perjudicados y realizar compras o transferencias de dinero sin su consentimiento.;Sucesos
Mossos piden a la Fiscalía que incremente las penas en los casos de robos de metal;https://www.lavanguardia.com/sucesos/20231231/9485294/mossos-piden-fiscalia-incremente-penas-casos-robos-metal.html;31/12/2023;El número de personas denunciadas por robo de metal ha incrementado este año en Catalunya. Los Mossos d'Esquadra han identificado a 492 personas en los diez primeros meses de 2023, de las que han denunciado 306, cifra que supone 70 más que durante todo el año 2022. El cuerpo atribuye el dato al incremento de patrullas , tanto uniformadas como de paisano, en aquellos espacios en los que se ha registrado una mayor actividad delictiva, así como la intensificación de la comunicación y las relaciones con empresas y entes que han sido víctimas o que podrían ser susceptibles de serlo. Hasta finales de octubre se han detenido a 186 personas por esta tipología de delitos, muy cerca de los 199 arrestados durante todo el 2022. Los Mossos d'Esquadra dan respuesta a la sustracción de metal con un Procedimiento Operativo Específico (POE) desde 2010, un mecanismo que todavía está vigente y que marca la tipología de acciones a realizar ante este tipo de delitos. Con una punta de robos en el 2013 y una bajada con la explosión de la pandemia de cóvido, en el 2020, que remontó lentamente con la recuperación de la actividad ordinaria.;Sucesos
Los Mossos anuncian inspecciones masivas contra las armas blancas;https://www.lavanguardia.com/sucesos/20240920/9954223/mossos-anuncian-inspecciones-masivas-armas-blancas.html;20/09/2024;Los incidentes diarios protagonizados por armas blancas tienen un “punto de insoportable” además de la alarma que generan, advirtió ayer el director general de la policía catalana, Josep Lluís Trapero, durante la presentación del nuevo plan estratégico que pretende terminar con la impunidad del que sale de su casa con una navaja encima, por si acaso. Un plan que tiene tres columnas, la operativa, la preventiva y la administrativa, y que la consellera de Interior, Núria Parlon, ha asegurado que contará con la participación de las policías municipales y con la seguridad privada. Los jefes de las policías locales se enteraron del plan ayer mismo por los medios de comunicación y tendrán que esperar a que se les convoque y detalle, para diseñar esos dispositivos conjuntos. Mientras tanto, guardias urbanas como la de Barcelona, seguirán con sus controles quirúrgicos en el espacio público para sacar de las calles el mayor número de armas potenciales peligrosas. Unos controles que se intensificarán estos días con motivo de las fiestas de la Mercè.;Sucesos
Operación contra el grupo neonazi Combat 18, que anima a atacar a migrantes y personas LGTBI;https://www.lavanguardia.com/sucesos/20231017/9305398/policia-mossos-desarrollan-operacion-grupo-neonazi-combat-18-provincias.html;17/10/2023;"La Policía Nacional y los Mossos d'Esquadra están llevando a cabo desde primera hora de esta mañana una operación contra la banda neonazi Combat 18, una ""organización criminal"" extendida por Europa que ha hecho llamamientos a cometer ataques contra inmigrantes, minorías étnicas, figuras de izquierdas o relacionadas con el movimiento LGTBI. La operación ha sido anunciada por ambos cuerpos policiales de manera conjunta en redes sociales, pese a que aún no se ha dado por concluída. Se están llevando a cabo registros y detenciones en distintas localidades de Catalunya, Madrid, Lugo, Toledo y Málaga.";Sucesos
Pillan a Ángela Dobrowolski, exmujer de Mainat, haciendo un agujero en una reja para escaparse de prisión;https://www.lavanguardia.com/sucesos/20240701/9771653/angela-dobrowolski-exmujer-mainat-agujero-reja-escaparse-prision.html;01/07/2024;Funcionarios de la prisión de Wad-Ras han abortado un intento de fuga de Ángela Dobrowolski que estaba en una fase muy preliminar y difícilmente habría tenido éxito, han confirmado a EFE fuentes penitenciarias. El Periódico de Catalunyaha informado este domingo de que los vigilantes del centro penitenciario de Wad-Ras abortaron el pasado viernes un intento de fuga de Ángela Dobrowolski, exesposa del fundador de La Trinca Josep Maria Mainat, en prisión a la espera de varias condenas firmes y juicios.;Sucesos
Retrasos en las líneas regionales y de Rodalies por dos nuevos robos de cobre;https://www.lavanguardia.com/sucesos/20240421/9600128/retrasos-lineas-regionales-rodalies-dos-nuevos-robos-cobre.html;21/04/2024;Todas las líneas regionales de Catalunya y parte de las de Rodalies circulan con retraso por dos nuevos robos de cobre la madrugada de este domingo. Los actos vandálicos en el Empordà y en el Penedès han tocado dos puntos muy sensibles de la red y a estas alturas todas las líneas circulan con alteraciones. Les más graves, a las líneas R15 y R16, que conectan Barcelona con Tarragona y el Ebro. Eso se suma a que durante el fin de semana muchos de estos trenes ya tardan más en hacer el trayecto por las obras que Adif está haciendo en el Garraf. Unos trabajos que también provocan que la mitad de trenes de la R2 Sur se queden a la estación de Garraf, por lo tanto que no llegan a Sitges y Vilanova i la Geltrú.;Sucesos
El monje cisterciense Octavi Vilà será ordenado obispo de Girona el 21 de abril;https://www.lavanguardia.com/sucesos/20240229/9531310/monje-cisterciense-octavi-vila-sera-ordenado-obispo-girona-21-abril.html;29/02/2024;"El nuevo obispo de Girona, el abad del monasterio de Santa Maria de Poblet, Octavi Vilà (Tarragona, 1961), será ordenado el domingo 21 de abril en la Catedral de Girona, en una ceremonia que contará con la asistencia del cardenal arzobispo de Barcelona, Juan José Omella; del arzobispo de Tarragona, Joan Planellas y con el nuncio apostólico en España, Bernardito Auza. También estará acompañado por el  resto de obispos catalanes. El papa Francisco ha nombrado hoy al monje cisterciense Octavi Vilà nuevo obispo de Girona. Lo ha hecho público la Santa Sede al mediodía después de que ayer trascendiera ya su nombre. Un nombramiento que el Obispado de Girona ha celebrado tras dos años con la sede vacante. Desde que falleció Francesc Pardo, el 31 de marzo de 2022, la diócesis se encontraba en una situación de interinidad.";Sucesos
Cae un grupo criminal con epicentro en Valls que traficaba con cocaína y otras drogas;https://www.lavanguardia.com/sucesos/20211118/7870585/catalunya-sucesos-cae-presunto-grupo-criminal-traficaba-drogas-valls-tarragona.html;18/11/2021;Un grupo criminal que traficaba con cocaína y otras drogas con epicentro en Valls (Tarragona)  ha sido desmantelado por los Mossos d'Esquadra y la Guardia Civil. Cinco personas han sido detenidas. En un comunicado conjunto de ambos cuerpos policiales este jueves, han explicado que la investigación se inició durante el mes de enero, cuando agentes de los Mossos d'Esquadra durante un control policial detuvieron un vehículo y encontraron 543,5 gramos de cocaína en el interior, y el conductor quedó detenido e ingresó en prisión.;Sucesos
Investigado por terrorismo yihadista el hombre que atacó con un hacha un McDonald's en el Màgic de Badalona;https://www.lavanguardia.com/sucesos/20240402/9586358/investigado-terrorismo-yihadista-hombre-ataco-mcdonald-s-magic-badalona.html;02/04/2024;El ataque cometido contra un restaurante McDonald's en el centro comercial Màgic de Badalona se investiga como un acto de terrorismo yihadista. Así lo ha comunicado el Tribunal Superior de Justícia de Catalunya en un comunicado. Un hombre fue detenido el miércoles de la semana pasada acusado de haber emprendido un ataque con un hacha contra el establecimiento de comida rápida. El individuo golpeó fuertemente contra el mobiliario sin herir a nadie. Según fuentes próximas al caso, el hombre habría atacado el restaurante de la cadena norteamericana como represalia por los ataques de Israel en Gaza. El objetivo era actuar contra intereses americanos, señalan las mismas fuentes. El individuo reconoció haber visto unas imágenes de la guerra que despertaron su reacción. Ese es el indicio por el cual el juez de instrucción 4 de Badalona ha decidido inhibirse en favor de la Audiencia Nacional, que es el tribunal competente, al apreciar indicios de delitos de terrorismo yihadista. Ahora será el juez de dicho tribunal el que debe encargar un informe para analizar el estado psicológico del arrestado, si se ha radicalizado y si era consciente de lo que hacía.;Sucesos
Fraude eléctrico y naves ocupadas alientan el negocio de la marihuana;https://www.lavanguardia.com/sucesos/20220819/8473136/fraude-electrico-naves-ocupadas-alientan-negocio-marihuana-catalunya.html;19/08/2022;Hace tiempo que se repite queCatalunya se ha convertido en el epicentro europeo de la marihuana. El año pasado los Mossos d’Esquadra se hicieron con 826.697 plantas, una cifra trece veces superior a la del 2015. El negocio crece a un ritmo vertiginoso y se extiende por todo el territorio, convirtiéndolo en uno de los principales productores y exportadores de cannabis. Entre las razones están una ley menos restrictiva que en otros países, la proximidad al resto de Europa y unos grandes beneficios. La rentabilidad del negocio de la marihuana viene dada por una reducción drástica de los costes: no se paga alquiler ni suministros en muchos casos, según los cuerpos policiales. El fraude eléctrico y las naves ocupadas han atraído a grupos criminales dedicados al tráfico que instalan aquí sus plantaciones y exportan la droga al resto del continente. La estafa se ha convertido en una práctica mayoritaria para las bandas, según fuentes policiales, y hace que el de la marihuana sea un negocio redondo. Más de la mitad de las plantaciones interiores desmanteladas en el 2021 se conectaban ilegalmente a la red eléctrica y, por lo general, se hallaban en inmuebles ocupados.;Sucesos
Operarios de la limpieza encuentran tres fardos de hachís en una playa del Prat de Llobregat;https://www.lavanguardia.com/sucesos/20230701/9081330/operarios-limpieza-encuentran-tres-fardos-hachis-playa-prat-llobregat.html;01/07/2023;Los trabajadores que se encargan de la limpieza de las playas del área metropolitana se han visto sorprendidos por algo inesperado. A las seis de la mañana, en la playa del Prat de Llobregat han descubierto tres fardos de hachís entre los residuos que se han amontonado estos días como consecuencia de las fuertes tormentas que han descargado los últimos días en Catalunya. Los operarios ha comunicado el hallazgo a los Mossos d’Esquadra que se han encargado de custodiar la mercancía, según han confirmado la policía catalana y la AMB, entidad competente del mantenimiento de las 42 playas que se extienden por la conurbación metropolitana. Los Mossos han abierto una investigación para encontrar el origen de la mercancía y a los responsables de haberla transportado hasta El Prat. Es poco habitual que los narcotraficantes desembarquen la droga en las playas del Baix Llobregat y de la conurbación de Barcelona al tratarse de zonas muy pobladas, y prefieren utilizar otras menos concurridas de la costa de Tarragona, sobre todo del delta del Ebro. El último desembarco de hachís que se produjo en el área de Barcelona fue en febrero en el puerto de Mataró donde 15 personas fueron detenidas cuando intentaban descargar una narcolancha.;Sucesos
La presión en el Estrecho empuja las narcolanchas a la costa catalana;https://www.lavanguardia.com/sucesos/20231003/9272899/presion-estrecho-empuja-narcolanchas-costa-catalana.html;03/10/2023;Los Mossos interceptaron el pasado 5 de febrero un desembarco de droga en el puerto de Mataró. Dos narcolanchas entraron en el muelle cargadas hasta arriba. En total llegaron tres pero las que se aproximaron fueron solo dos para evitar riesgos. Una de las embarcaciones antes de entrar al puerto cargó la droga en otra narcolancha y se dio media vuelta. Debido a la falta de carburante apareció días después abandonada en una playa de Sant Andreu de Llavaneras. La otra que llegó al muelle poniendo al límite su capacidad de flotación. Un grupo de treinta personas esperaban en tierra dispuestos a descargar. Un vigilante de la seguridad del puerto dio el aviso a los Mossos al percatarse del desalijo. El caso Pekín, - así es como se bautizó a la operación por la cercanía del puerto con la playa Pekín de Mataró, se saldó con la intervención de 154 fardos de hachís que pesaban 5 toneladas y media y la detención de 26 personas en dos operaciones,- la última llevada a cabo en septiembre. El valor de la droga en el mercado negro asciende a 11,5 millones de euros.  La organización había sobornado con 15.000 euros a uno de los vigilantes del puerto que permitió entrar a los porteadores.;Sucesos
Confirmado en Olot el crimen machista de Laila, de 37 años;https://www.lavanguardia.com/sucesos/20240223/9526870/confirmado-olot-crimen-machista-laila-37-anos.html;23/02/2024;Los Mossos d'Esquadra han confirmado que el crimen de Laila, de 37 años, este jueves en Olot (Girona) es un caso de violencia machista y que fue su pareja, de 56 años, quien acabó con su vida. La investigación manejaba ésta como la principal hipótesis del crimen y este viernes ha confirmado que se trató efectivamente de un asesinato machista y que el autor se suicidó tras cometerlo, falleciendo poco después en el Hospital Comarcal de la Garrotxa, donde fue trasladado en estado grave. El Departamento de Igualdad y Feminismos de la Generalitat ha condenado el feminicidio y ha expresado su apoyo al entorno de la víctima, al igual que ha hecho el Ayuntamiento de Olot, que ha decretado tres días de duelo y ha convocado una concentración este viernes a las 18:00 horas.;Sucesos
"“Que paguen por lo que han hecho”; la demanda tras la detención de los asesinos de la Font de la Polvora";https://www.lavanguardia.com/sucesos/20240925/9966568/paguen-han-hecho-demanda-detencion-asesinos-font-polvora.html;25/09/2024;“Ahora, que paguen todo el daño que han hecho y que la justicia sea justa”. A Jenni Amador, de 26 años, la noticia de la detención de los presuntos responsables de la tragedia que la última verbena de Sant Joan tiñó de sangre a su familia, le pilló de camino al médico. Ella y su hermano Antonio, de 12 años, resultaron heridos de gravedad. El pequeño sigue tres meses después hospitalizado y la joven acude prácticamente a diario al ambulatorio para las curas del impacto de bala que le ha dañado una pierna de por vida. La pasada madrugada, los Mossos d’Esquadra, en colaboración con la Guardia Civil, irrumpieron en una vivienda del municipio de Pinos Puente, en Granada. Hacía días que los investigadores habían recogido indicios suficientes para asegurar a la jueza de Girona que los sospechosos de la matanza de la Font de la Pólvora estaban en un domicilio de esa localidad.;Sucesos
A prisión tres de los 16 detenidos vinculados con una narcolancha hallada en la costa del Garraf;https://www.lavanguardia.com/sucesos/20230902/9201492/prision-tres-16-detenidos-relacionados-narcolancha-hallada-costas-garraf.html;02/09/2023;El juzgado de instrucción 5 de Vilanova y la Geltrú, en funciones de guardia, ha decretado prisión provisional, comunicada y sin fianza para tres de los 16 detenidos esta semana por su presunta relación con una narcolancha interceptada por la Guardia Civil en la costa del Garraf. El magistrado ha decidido encarcelar a las tres personas que han sido identificadas directamente como ocupantes de uno de los vehículos que llevaba parte de los fardos del hachís, según ha informado el Tribunal Superior de Justícia de Catalunya. Asimismo, ha dejado en libertad provisional a los otros 13, que quedan a disposición de la autoridad judicial siempre que sean requeridos.;Sucesos
Desalojan a once caravanas instaladas en Dosrius que venían de la 'rave';https://www.lavanguardia.com/sucesos/20210103/6163278/catalunya-sucesos-desalojan-11-caravanas-instaladas-dosrius-barcelona-venian-rave.html;03/01/2021;Los Mossos d'Esquadra y la Policía Local de Dosrius (Barcelona) han desalojado a once caravanas con personas que venían de la 'rave' en Llinars del Vallès (Barcelona) que empezó en Nochevieja y fue desmantelada este sábado. Tras terminar la fiesta en Llinars, las caravanas se instalaron en la zona del Pou de Glaç de Canyamars, ha informado el Ayuntamiento de Dosrius en un tuit recogido por Europa Press.;Sucesos
Cuatro detenidos por un tiroteo sin heridos en Barcelona;https://www.lavanguardia.com/sucesos/20230504/8943704/catalunya-dos-detenidos-tiroteo-heridos-barrio-guinardo-barcelona.html;04/05/2023;Los Mossos d’Esquadra han detenido este jueves a cuatro personas, entre 28 y 35 años, por su presunta implicación en un posible tiroteo, sin heridos, en el distrito de Horta-Guinardó, según informaron fuentes del cuerpo aLa Vanguardia. Los agentes practicaron las dos primeras detenciones justo cuando los presuntos autores trataban de huir del lugar de los hechos. Gracias a la rápida reacción y actuación de las patrullas y testigos que habían informado en qué vehículo huyeron los presuntos autores de los disparos. A las 22.20 horas, se realizaron las otras dos. Fruto de la investigación que mantiene abierta Mossos en el distrito. Estos se habrían refugiado en un piso.;Sucesos
Indemnización sin precedentes de cinco millones por un accidente mortal en Bolvir;https://www.lavanguardia.com/sucesos/20240901/9904309/indemnizacion-precedentes-cinco-millones-accidente-mortal-bolvir.html;01/09/2024;¿Cuánto tiempo debe estar detenido un vehículo en un stop? De alguna manera, esta es la esencia de la sentencia que una jueza de Girona ha dictado contra un conductor francés que el 26 de julio del 2020 mató a un financiero catalán de 41 años que viajaba con su mujer y una hija menor, y que cruzaba una carretera nacional tras detenerse en un stop. El condenado circulaba a 176 kilómetros por hora en una vía con la velocidad máxima de 90 km/h. Medición que la sentencia califica de “criminal y salvaje”. La magistrada impone al condenado a una indemnización sin precedentes de casi cinco millones de euros, que podría llegar a los siete con los intereses, exime de cualquier responsabilidad al fallecido, al que define como un “conductor modélico” y deduce falso testimonio a tres de los Mossos d’Esquadra de la división de Tráfico del Pirineo que sostuvieron en el juicio que la víctima fue el único responsable del siniestro por no haber valorado suficiente el riesgo en el momento de incorporarse a la vía tras el stop. La magistrada realiza en la sentencia un detallado ejercicio en el que analiza el comportamiento de cada uno de los conductores. Más allá de la velocidad del causante del accidente, éste tenía preferencia de paso en una vía a la que se incorporaba el fallecido que, según la jueza, de ninguna manera podría haber evitado la colisión porque le fue “imposible” valorar la velocidad a la que avanzaba el vehículo francés. Las acusaciones, representadas por los abogados Javier Leiva y Jordi Bertomeu, lograron una indemnización millonaria con pocos precedentes a partir de la exitosa labor profesional que realizaba la víctima, socio de una empresa de fondos de inversión.;Sucesos
Mossos y Guardia Civil detienen a nueve personas que asaltaban domicilios con fuerza;https://www.lavanguardia.com/sucesos/20240316/9565038/mossos-guardia-civil-detienen-nueve-personas-grupo-criminal.html;16/03/2024;Mossos d'Esquadra de la División de Investigación Criminal (DIC) de la Región Policial Metropolitana Sur y la Guardia Civil de Asturias, han desmantelado una organización criminal que se dedicaba al robo con fuerza a domicilio y han detenido a siete hombres y dos mujeres como presuntos autores de 22 delitos de robo con fuerza a domicilio, trece en Catalunya y diez en Asturias, por pertenencia a grupo criminal, receptación y falsificación documental. La investigación se inició a principios de enero cuando agentes de la Unidad de Investigación de la comisaría de Sant Boi de Llobregat tuvo conocimiento de un robo con fuerza en un domicilio de Santa Coloma de Cervelló. Unas semanas después, los investigadores tuvieron conocimiento de un segundo robo, esta vez en grado de tentativa, en el mismo municipio.;Sucesos
Desarticulada en Girona una red criminal dedicada al tráfico de personas, drogas y falsificación de moneda;https://www.lavanguardia.com/sucesos/20240603/9699395/desarticulado-girona-banda-criminal-dedicada-trafico-personas-drogas-falsificacion-moneda.html;03/06/2024;Nueva operación contra el crimen organizado internacional en Catalunya. La Policía Nacional ha desarticulado una banda afincada en la demarcación de Girona, pero con ramificaciones también en Barcelona, que se dedicaban al tráfico de personas, de drogas y a la falsificación de moneda, entre otras actividades. El entramado tenía conexiones con otras organizaciones criminales como la Camorra napolitana y, supuestamente, está detrás del tráfico de más 500 personas migrantes llegadas en patera a España y que tenían como destino final Francia e Italia. En la operación, llamadamula, han participado agentes de la Policía Nacional francesa y de Europol.;Sucesos
Un atropello múltiple en Reus deja 8 heridos, 3 de ellos en estado grave;https://www.lavanguardia.com/sucesos/20210130/6210746/catalunya-sucesos-ocho-heridos-atropello-multiple-reus-tarragona.html;30/01/2021;Ocho personas han resultado heridas este sábado en un atropello múltiple en Reus (Tarragona), en el que una conductora ha perdido el control del vehículo y ha accedido a la zona de peatones de la plaza del Nen de les Oques, antes de empotrarse contra una fachada. El SEM ha confirmado que el balance de este siniestro, que ha tenido lugar a las 12:32 horas, es de tres personas graves, otras tres en estado menos grave y dos leves.;Sucesos
Una tromba de agua inunda Terrassa en poco más de una hora;https://www.lavanguardia.com/sucesos/20230613/9038470/fuerte-tormenta-inunda-terrassa-obliga-cortar-b-40-c-16.html;13/06/2023;El cielo oscuro se desplomó este martes por la tarde en Terrassa. Una intensa tormenta procedente de las vecinas Vacarisses y Viladecavalls entró en tromba en la ciudad y, tras una fuerte granizada, causó graves desperfectos: desbordó la riera de les Arenes –en sentido Matadepera–, inundó bajos, dejó calles con dos palmos de agua e, incluso, anegó la entrada del parking de la plaza Doctor Robert, en el centro. Pasadas las tres de la tarde, el temporal derribó un muro que obligó a desalojar el Museu Nacional de la Ciència i de la Tècnica de Catalunya (Mnactec), en la rambla d’Ègara. El aviso a los servicios de emergencias llegó a las 15.51. Los Bomberos de la Generalitat intervinieron, aunque, afortunadamente, no se produjeron daños personales. A primera hora de la tarde, el alcalde de Terrassa, Jordi Ballart, activó el plan de emergencia municipal en fase de alerta ante una situación atmosférica que se preveía compleja. La imagen de la riera de les Arenes, colmada en un momento de agua con barro, que bajaba a toda velocidad después de meses de sequía, impactó en el imaginario colectivo de los más mayores de Terrassa, ciudad que sufrió las riadas de 1962. Cayeron 92 litros de agua por metro cuadrado y en algunos puntos incluso más.;Sucesos
Récord de actuaciones de los abogados en el turno de oficio;https://www.lavanguardia.com/sucesos/20230711/9100581/record-actuaciones-abogados-turno-oficio.html;11/07/2023;La justicia gratuita fue ampliamente utilizada el año pasado en Catalunya. Los detenidos tienen derecho a ser defendidos por un letrado en un juicio, y en los casos de personas sin recursos se les asigna uno de oficio. Los abogados apuntados al turno de oficio realizaron 339.556 actuaciones en el 2022, cifra récord que evidencia la vuelta a la plena normalidad tras las restricciones de la pandemia que afectaron de lleno el desarrollo de la actividad judicial. Así lo constatan los datos facilitados por el Consell de l’Advocacia Catalana, que agrupa los catorce colegios de abogados de Catalunya, que indican que la actividad registró un aumento del 6% respecto al año anterior, 2021. Ante esta creciente actividad, el organismo reclama al Departament de Justícia de la Generalitat una mejora de la dotación presupuestaria para financiar el servicio, cuya retribución para los abogados es de media 177 euros por actuación. La presidenta del Consell, Encarna Orduna, defendió la importancia del turno de oficio y del sistema de justicia gratuita y reclamó que “debe ser valorado por la administración, incorporando mejoras retributivas para los profesionales que prestan este servicio”.;Sucesos
Intervenidos más de 8 kilos de estupefacientes en una asociación canábica de Barcelona;https://www.lavanguardia.com/sucesos/20201226/6149481/catalunya-sucesos-intervenidos-mas-8-kilos-estupefacientes-asociacion-canabica-barcelona.html;26/12/2020;La Guardia Urbana de Barcelona intervino el miércoles por la mañana más de 8 kilos de estupefacientes en una asociación canábica del distrito de Gràcia, en el barrio de Camp d'en Grassot y Gràcia Nova. La Urbana recibió en julio quejas de que la asociación recibía personas a todas horas, y a raíz de esas informaciones inició una investigación que desembocó en la entrada de esta semana, por un presunto delito contra la salud pública, según un comunicado de la Urbana de este sábado.;Sucesos
Las imágenes de la tragedia: varios incendios arrasan miles de hectáreas en media España;https://www.lavanguardia.com/sucesos/20220718/8415243/incendios-arrasan-espana-imagenes.html;18/07/2022;Los fuegos de Castilla y León, Catalunya, Galicia, Andalucía y Extremadura continúan, aunque la situación en esta última, una de las más afectadas por la ola de calor, ha mejorado notablemente en las últimas horas, mientras que en Andalucía, el incendio de la Sierra de Mijas se ha dado por estabilizado. Los incendios forestales ya han acabado con la vida de un brigadista en Losacio y también con la de un vecino de Escober de Tábara (Zamora).;Sucesos
Cómo es Tomahawk, la atracción de Port Aventura accidentada por la caída de un árbol;https://www.lavanguardia.com/sucesos/20240211/9517955/tomahawk-atraccion-port-aventura-accidente.html;11/02/2024;La atracción de Port Aventura (Tarragona) en la que 14 personasresultaron heridas este domingose publicita como una montaña rusa destinada al público infantil, aunque en ella también pueden subirse adultos. Tomahawk fue inaugurada en marzo de 1997 junto con Stampida, atracción con la que se entrecruza y en la que pocos meses después de su estreno un hombre perdió la vida al salir despedido de la vagoneta en la que viajaba. Más de una década y media después de aquel trágico suceso, la misma zona del resort, ubicada en el Far West, vuelve a ser noticia por un grave incidente causado por la caída de un árbol, provocada por el fuerte viento que soplaba en la zona a las 11.25 horas de la mañana. Según fuentes de Port Aventura, la atracción había pasado la inspección interna de seguridad antes de abrir sus puertas al público este domingo y no ha llegado a descarrilar tras recibir el impacto de las ramas que han caído sobre una de las vagonetas. Sin embargo, esto no ha evitado que 14 personas que viajaban en la atracción resultaran heridas, dos de las cuales se encuentran en estado crítico.;Sucesos
Accidente Port Aventura: Catorce heridos, dos de ellos graves, por un accidente en la atracción de Tomahawk a causa del viento;https://www.lavanguardia.com/sucesos/20240211/9517848/dos-heridos-criticos-accidente-port-aventura-fuerte-viento.html;11/02/2024;Dos personas han resultado heridas críticas y otras 12 han resultado heridas de diversa consideración tras la caída de un árbol sobre las vías de la atracción Tomahawk de PortAventura. La hipótesis principal con la que trabajan los Mossos d'Esquadra es que el fuerte viento que azota la zona del Camp de Tarragona ha provocado el accidente, acontecido alrededor de las 11:25 horas de este domingo. Se desconoce hasta el momento las edades de las personas afectadas por el accidente. La atracción es frecuentada por familias con niños, ya que es una de las montañas rusas aptas para el público infantil. Los dos heridos más graves han sido trasladados al Hospital Joan XXIII de Tarragona y al Hospital de Bellvitge. Ambos son personas adultas y al menos uno de ellos ha sufrido un traumatismo craneal. El pronóstico es reservado, según fuentes hospitalarias. Del resto de heridos, hay tres menos graves, de los cuales al menos una es una niña, cuatro leves y cinco personas que han sido dadas de alta en el mismo momento del accidente, según ha informado el SEM (Servei d'Emergències Mèdiques de Catalunya).;Sucesos
Liberada una mujer en Santa Coloma de Farners atada en una vivienda cedida por la Generalitat;https://www.lavanguardia.com/sucesos/20240418/9597836/liberada-mujer-santa-coloma-farners-atada-manos-pies-companera-piso.html;18/04/2024;Los Mossos d'Esquadra liberaron este miércoles a Beatriz, una mujer de 45 años, española, que estaba retenida en un piso de Santa Coloma de Farners, en Girona. La víctima estaba atada de pies y manos, con bridas y un pañuelo. Tras ser rescatada, la mujer aseguró que llevaba más de un mes retenida por una amiga, María, española como ella y de 34 años a la que conoció cuando ambas compartieron piso de acogida para mujeres maltratadas en Figueres.;Sucesos
Muere el conductor de un turismo después de que su vehículo saliera de la vía en Sant Pere de Vilamajor;https://www.lavanguardia.com/sucesos/20230501/8935457/muere-conductor-turismo-vehiculo-saliera-sant-pere-vilamajor.html;01/05/2023;El conductor de un turismo ha muerto este lunes por la tarde al salir de la vía y volcar en Sant Pere de Vilamajor (Vallès Oriental), según ha informado el Servei Català de Trànsit (SCT). El aviso del siniestro se ha recibido a las 15.33 horas en el kilómetro 44 de la BP-5107, de Sant Antoni de Vilamajor a Cànoves i Samalús. A raíz de la incidencia, se han activado dos patrullas de los Mossos d'Esquadra, cuatro dotaciones de los Bomberos de la Generalitat y varias ambulancias del Sistema de Emergencias Médicas (SEM).;Sucesos
Una segunda periodista del 'Principal' denuncia a Saül Gordillo por presunta agresión sexual;https://www.lavanguardia.com/sucesos/20221223/8657119/segunda-periodista-principal-denuncia-sauel-gordillo-presunta-agresion-sexual.html;23/12/2022;Los Mossos d'Esquadra recibieron una segunda denuncia contra el periodista y director del diario digitalPrincipal, Saül Gordillo, por un presunto delito sexual, según avanzó laCadena SERy pudo confirmarACN. La denuncia ha sido presentada por otra redactora del medio que dirige Gordillo, que este jueves declaró ante los Mossos porla primera denuncia presentada, en este caso por una trabajadora de 23 años delPrincipalpor un presunto caso de agresión sexual que se habría producido en la noche del 1 de diciembre después del cena de empresa.;Sucesos
El juez envía a prisión al acusado de asesinar a su expareja en Amposta y descuartizar su cadáver;https://www.lavanguardia.com/sucesos/20240404/9587997/juez-envia-prision-acusado-asesinar-expareja-amposta-descuartizar-cadaver.html;04/04/2024;El juzgado de instrucción nº2 de Amposta, competente en materia de violencia sobre la mujer, ha acordado el ingreso a prisión provisional, comunicada y sin fianza para el hombre detenido el lunes de Pascua acusado del asesinato de su expareja en un piso de la localidad. Tahis tenía 34 años. La causa está abierta por un delito de homicidio, según ha informado hoy el Tribunal Superior de Justícia de Catalunya (TSJC). El magistrado ha enviado a la cárcel al presunto homicida después de que este únicamente respondiese a las preguntas de su abogado. El TSJC ha confirmado que en el momento de cometerse el crimen machista la víctima tenía en vigor una orden de alejamiento respecto del detenido. Se han detallado además los antecedentes por malos tratos que tenía el detenido, que pasará su primera noche en la cárcel.;Sucesos
Operación policial contra el tráfico de perros criados en granjas ilegales;https://www.lavanguardia.com/sucesos/20230920/9239695/operacion-policial-trafico-perros-criados-granjas-ilegales.html;20/09/2023;Los Mossos d’Esquadra lideran este miércoles una gran operación policial resultado de una compleja investigación que en el último año ha reunido pruebas contra una organización criminal dedicada a importar desde Hungría perros criados en granjas ilegales. Unos animales que después eran vendidos en establecimientos de Madrid y Barcelona a precios desorbitados y con documentación falsa. Unos animales que muchos de ellos llegaban con enfermedades graves que eran ocultadas a sus nuevos propietarios. Una investigación liderada por el juzgado número 23 de Barcelona y la Fiscalía especializada en Medio Ambiente y que ha dirigido el grupo de Medi Ambient de los Mossos d’Esquadra que durante la investigación comprobó derivadas fuera de Catalunya, abriendo el caso a la Guardia Civil, la Policía Nacional, la Guardia Urbana de Barcelona y la Policía de Andorra.;Sucesos
España registró más de 5.300 delitos al día en el 2021;https://www.lavanguardia.com/sucesos/20220221/8073480/espana-registro-mas-5-300-delitos-dia-2021.html;21/02/2022;La actividad delictiva durante el 2021 se recuperó respecto a la del primer año de pandemia, el 2020, tanto en España como en Catalunya y poco a poco vuelve a acercarse a los registros de los años previos a la covid. El balance de criminalidad que acaba de hacer público el Ministerio del Interior señala que a lo largo del año pasado se conocieron en el conjunto de España, un total de 1.960.113 delitos, 5.370 cada día, un 10,6% más que en el 2020 y cerca de un cuarto de millón de incidencias menos que en el 2019. En Catalunya, los 390.356 hechos denunciados representan un incremento similar, del 10,6%, en relación con el año anterior, aunque todavía cerca de 100.000 delitos menos que en el 2019. El Ministerio del Interior ha destacado que la tasa de criminalidad en Catalunya cayó en el 2021 a 50,3 infracciones penales por cada 1.000 habitantes, el índice más bajo de los últimos cuatros a excepción del 2020, que Interior no computa a efectos estadísticos a causa del confinamiento ordenado para frenar la expansión de la pandemia.;Sucesos
“Todavía tiemblo cuando se abren las puertas del tren”;https://www.lavanguardia.com/sucesos/20220428/8225774/joven-acosado-atraco-transporte-publico-miedo-tren-catalunya-barcelona.html;28/04/2022;Todos los días coge el transporte público para ir y volver de la universidad. Desde las últimas semanas lo hace con miedo. Le aterra volver a encontrarse con aquellos que le acosaron, amenazaron e intentaron robar no en una, sino hasta en cuatro ocasiones. Es un joven de 22 años al que han arrebatado la tranquilidad. “¡Me quedo con tu cara!”. Estas son las palabras que retumban en su cabeza cada vez que se abren las puertas del tren. La primera ocasión en que coincidió con sus agresores fue en las cercanías de la estación de Granollers-Centre. A lo lejos vio a una chica acorralada por tres jóvenes que intentaban robarla. “Me vi incapaz de pelear con ellos, pero me acerqué y les advertí que estaba llamando a la policía”, cuenta el joven. El tormento no hacía más que empezar.;Sucesos
El Clínic seguirá afectado por el ciberataque este lunes y desprograma cirugías;https://www.lavanguardia.com/sucesos/20230305/8802481/hospital-clinic-sufre-ciberataque-servicios-urgencia-laboratorio-farmacia.html;05/03/2023;El hospital Clínic de Barcelona ha notificado este domingo a las 11.17 horas a la Agència de Ciberseguretat de Catalunya que ha sufrido un ciberataqueransomware(que encripta los datos de un sistema para solicitar un rescate), que ha afectado a los servicios de urgencias, laboratorio y farmacia del centro. Además, ha obligado a desprogramar cirugías no urgentes y a derivar a pacientes nuevos a otros hospitales. A las 11.30 horas se ha iniciado el despliegue del plan de actuación para dar respuesta al incidente, dentro del cual se encuentra conocer la afectación que ha supuesto el ataque. En un comunicado de última hora de la tarde, la Generalitat ha explicado que tanto los profesionales del centro como de la agencia de ciberseguridad continúan trabajando para que pronto pueda recuperarse la normalidad.;Sucesos
El Clínic seguirá afectado por el ciberataque este lunes y desprograma cirugías;https://www.lavanguardia.com/sucesos/20230305/8802481/hospital-clinic-ciberataque-urgencias-hospital.html;05/03/2023;El hospital Clínic de Barcelona ha notificado este domingo a las 11.17 horas a la Agència de Ciberseguretat de Catalunya que ha sufrido un ciberataqueransomware(que encripta los datos de un sistema para solicitar un rescate), que ha afectado a los servicios de urgencias, laboratorio y farmacia del centro. Además, ha obligado a desprogramar cirugías no urgentes y a derivar a pacientes nuevos a otros hospitales. A las 11.30 horas se ha iniciado el despliegue del plan de actuación para dar respuesta al incidente, dentro del cual se encuentra conocer la afectación que ha supuesto el ataque. En un comunicado de última hora de la tarde, la Generalitat ha explicado que tanto los profesionales del centro como de la agencia de ciberseguridad continúan trabajando para que pronto pueda recuperarse la normalidad.;Sucesos
El TSJC eleva las penas a las gemelas de Sabadell que asesinaron al novio de una de ellas;https://www.lavanguardia.com/sucesos/20240305/9537480/tsjc-eleva-penas-gemelas-sabadell-asesinaron-novio.html;05/03/2024;Es muy infrecuente que la Sala de Apelación Penal del Tribunal Superior de Justícia de Catalunya (TSJC) modifique la sentencia de un procedimiento de jurado. Pero esta vez lo ha hecho atendiendo al recurso presentado por la familia, concretamente la hija de Pedro Fernández López,que el 10 de julio del 2021 fue salvajemente asesinado cuando dormía en casa de la que era su pareja, Dolores Vázquez. El crimen ocurrió en Sabadell y no tuvo repercusión hasta que en la instrucción salieron a la luz los vídeos grabados por uno de los vecinos del inmueble a través de la mirilla en los que se veía al autor material del crimen, Isaac Gil González, apaleando, pateando y pasando por encima del cuerpo sin vida de la víctima. Un jurado popular decretó culpables a las dos hermanas gemelas, Dolores y Pilar, y a Isaac, pareja sentimental de la última. Y el tribunal condenó a la primera a 20 años, a la otra a 16 y al autor material a 17. Unas penas corregidas ahora y elevadas a 23 años para Dolores, 20 para Pilar y otros 20 para Isaac. La sentencia, comunicada este martes, ha supuesto un alivio para la exmujer y la hija de la víctima. “No son los 25 años que pedíamos para los tres, pero, por lo menos, es una condena mucho más razonable y despeja la sombra de unos malos tratos de la víctima hacia Dolores que nunca existieron”, explicó en conversación telefónica conLa Vanguardiael abogado de la familia de Pedro, Juan Pagán.;Sucesos
Detenido el padre de las dos jóvenes pakistaníes de Terrassa asesinadas;https://www.lavanguardia.com/sucesos/20230222/8774988/hermanas-terrassa-pakistan-padre-detenido.html;22/02/2023;Ghulam Abbas, padre de las dos hermanas afincadas en Terrassaasesinadas en mayo del año pasado en Pakistán, ha sido detenido este miércoles por los Mossos d'Esquadra y la Policía Nacional en una operación conjunta. El juzgado de instrucción número 3 de la cocapital del Vallès Occidental ordenó la detención del progenitor por presunta implicación en el complot de la familia que acabó con la vida de las mujeres de 24 y 21 años. La noticia avanzada por el diario El País también indica que la policía registra el piso donde vive el progenitor en la cocapital del Vallès Occidental. Las investigaciones apuntan que pudo estar involucrado en el engaño a Arooj y Aneesa para que regresaran a la región del Gujrat, en el este del país asiático, con la excusa de que su madre había enfermado. Una vez allí ambas se habrían negado a traer a Europa a sus maridos, dos primos suyos con los que las contrajeron matrimonios forzosos cuatro años atrás, obligadas por la familia y en contra de su voluntad. De hecho, querían separarse.;Sucesos
Un menor muere en un choque entre cuatro coches en la AP-7 en Tarragona;https://www.lavanguardia.com/sucesos/20230817/9171780/muerto-heridos-choque-cuatro-coches-ap-7-tarragona.html;17/08/2023;"Un menor de edad ha muerto y diez personas han resultado heridas la noche de este miércoles tras un accidente entre cuatro coches en la AP-7 a la altura de Roda de Berà (Tarragona), tal y como ha informado el Servei Català de Trànsit (SCT) en un comunicado de este jueves. En el accidente, un hombre y una mujer heridos gravemente fueron trasladados al hospital Juan XXIII de Tarragona; cuatro personas resultaron heridas leves y trasladadas al hospital del Vendrell (Tarragona), y otras cuatro personas fueron atendidas y dadas de alta 'in situ'.";Sucesos
Una familia pide paralizar la adopción de un niño al que tienen acogido desde hace tres años;https://www.lavanguardia.com/sucesos/20240529/9684253/familia-pide-paralizar-adopcion-nino-acogido-3-anos.html;29/05/2024;[Actualización 30/5/204:La Generalitat ha frenado la adopción del niño que lleva tres años con sus padres de acogida] Esta historia tiene como percha una norma que nadie discute, aunque no siempre se cumpla. El Tribunal Europeo de Derechos Humanos establece que, cuando un niño, niña o adolescente pasa de acogimiento a adopción, “e s preciso entrar a valorar una serie de factores como el tiempo de esa convivencia, la calidad de la relación y el papel asumido por la familia de acogida con ese menor”. O dicho de otra manera, el interés superior de la criatura debe prevalecer, antes de un cambio de casa y familia, por encima de cualquier burocracia.;Sucesos
Desmantelados dos grupos criminales dedicados al cultivo de marihuana en el Pirineo catalán;https://www.lavanguardia.com/sucesos/20231107/9358363/mossos-organizacion-criminal-marihuana-pirineo.html;07/11/2023;Los Mossos d'Esquadra han desmantelado entre el verano del 2022 y el del 2023 dos grupos criminales especializados en cultivar plantaciones de marihuana al exterior y en zonas de difícil acceso del Pirineo catalán. Los agentes han identificado 21 personas como presuntos autores de delitos de pertenencia a organización criminal y contra la salud pública. La policía ha destruido un total de 27.000 plantas que suponen 8,1 toneladas de droga, con un valor en el mercado ilícito estimado en 16 millones de euros de venta a los narcotraficantes y 49 millones en la comercialización al detalle. La actividad ilegal se extendía a Poniente y en la Catalunya Central. Así pues, se han desmantelado plantaciones en el Alt Urgell, Pallars Jussà, Pallars Sobirà, Noguera y Osona.;Sucesos
La víctima de la manada de Badalona sólo tiene 13 años y conoció a uno de los agresores en Instagram;https://www.lavanguardia.com/sucesos/20230606/9020922/manada-menores-viola-nina-13-anos-solar-badalona.html;06/06/2023;La última víctima de una violación grupal en Badalona tenía solo 13 años. Ocurrió el sábado por la tarde, sobre las cinco y media, a plena luz del día, en un descampado no muy lejos de la playa. La víctima se citó con un menor al que había conocido no hacía ni una semana por Instagram. Quedaron, tuvieron relaciones sexuales consentidas, pero empezaron a aparecer en ese lugar amigos del menor que aseguraron haber sido invitados por el primero. En rei­teradas ocasiones la menor dijo “basta” y les pidió que pararan. La víctima no fue capaz de concretar el número de agresores que llegó a tener encima. Pero calcula que pudieron ser entre siete o nueve, y que todos ellos participaron activamente en la violación. La unidad central de agresiones sexuales de los Mossos d’Esquadra ha asumido la investigacióny sus especialistas acompañan desde el sábado por la tarde a la menor en un momento tan complicado para ella. Como siempre explican las responsables de la unidad, en estos primeros momentos lo fundamental es el bienestar de la menor, no tanto una declaración que solo se tomará cuando esté en condiciones de hacerlo.;Sucesos
Detenido el hombre que increpó a Óscar Puente por chantajear y difundir vídeos íntimos de un familiar;https://www.lavanguardia.com/sucesos/20231030/9340190/detenido-hombre-increpo-oscar-puente-chantajear-difundir-videos-intimos-familiar.html;30/10/2023;La Policía Nacional ha detenido en Valladolid a Lucas Burgueño, quien increpó al exalcalde de la ciudad Óscar Puente cuando ambos iban a realizar un viaje en AVE, como supuesto autor de exigir dinero a familiares suyos a cambio de no difundir un vídeo, que finalmente divulgó al no acceder las víctimas. Según han informado este lunes fuentes policiales, los agentes practicaron el arresto ayer por la tarde por la supuesta autoría de los delitos de revelación de secretos, coacciones, amenazas y daños.;Sucesos
Rubí, un peculiar oasis ante el crecimiento de la delincuencia;https://www.lavanguardia.com/sucesos/20231022/9318545/rubi-peculiar-oasis-crecimiento-delincuencia.html;22/10/2023;En el programaLa Competènciade RAC1, los Òscars, Dalmau y Andreu, conectan a veces con Radio Latina Internacional desde el polígono industrial Can Jardí de Rubí, ciudad a la que añaden la coletilla: “la Detroit catalana”. Pues la broma comparando el municipio del Vallès Occidental con la ciudad estadounidense ya no vale. El último balance de criminalidad del primer semestre del año del Ministerio del Interior sitúa a la ciudad a la cabeza de la reducción de delitos en relación al mismo periodo del año anterior, con un 8,1%. Una mejora que también tienen localidades como Santa Coloma de Gramenet o Sant Cugat del Vallès, pero que contrasta con la subida de la criminalidad de la ciudad de Barcelona, l’Hospitalet de Llobregat o el global de Catalunya.;Sucesos
Golpe policial a los grafiteros especializados en vagones;https://www.lavanguardia.com/sucesos/20201112/49412880001/golpe-policial-a-los-grafiteros-especializados-en-vagones.html;12/11/2020;LaPolicía Nacionalinformó ayer de ladetenciónen varias ciudades de hasta99 grafiterossospechosos depintarrajearun millar devagonesde tren y de metro de toda España, en su mayor parteCatalunya. Los investigadores calculan que los daños ascienden a más de 22 millones de euros. La investigación se realizó en dos partes. En una primera fase la Policía Nacional detuvo a 51 grafiteros que en alguna ocasión viajaron a Catalunya para pintar vagones. Entre los detenidos incluso figura un italiano que se trasladó desde Milán para grafiterar trenes y que fue arrestado en el aeropuerto de Barcelona en una nueva visita a la ciudad. Y en la segunda fase de la investigación se creó un equipo conjunto con losMossos d’Esquadray se arrestaron a otros 48 grafiteros que actuaban en la provincia deBarcelona. Las pesquisas arrancaron en septiembre del año pasado, cuando varios de los grafiteros ahora arrestados divulgaron en las redes sociales que la capital catalana y sus alrededores eran el mejor lugar para pintarrajear vagones y salir impunes. Catalunya se estaba convirtiendo en su meca. Un montón de vídeos colgados en internet de grafiteros en plena huida mofándose de los vigilantes que tratan de aprenderlos lo atestiguan. Las denuncias presentadas por los operadores confirmaban las bravuconadas de los grafiteros. Desde el 2017, el 48% de denuncias se habían presentado por episodios ocurridos en Catalunya, 4.981 habían sido presentadas por Renfe, y 1.850 por TMB, la operadora del metro de Barcelona. En total, 6.741 denuncias instruidas en 31 juzgados distintos. Si se suman las denuncias presentadas en lo que llevamos de año la cifra asciende a 8.000 en tres años.;Sucesos
La Guardia Civil interviene en Barcelona 4,5 toneladas de hachís y armas de guerra operativas;https://www.lavanguardia.com/sucesos/20230920/9240007/guardia-civil-interviene-barcelona-4-5-toneladas-hachis-armas-guerra-operativas.html;20/09/2023;La Guardia Civil ha intervenido en El Garraf (Barcelona) 4,5 toneladas de hachís y armas de guerra operativas como parte de una operación activa desde 2019 para desarticular una “compleja” organización criminal dedicada al tráfico de hachís a gran escala y receptación de dispositivos electrónicos previamente sustraídos. Según informó este miércoles la Guardia Civil, en la operación, conocida como ‘Rescatada’, se detuvo a un total de 50 personas a lo largo de estos años, entre las que se encuentra un Policía Local en prácticas, por la presunta comisión de los delitos de tráfico de drogas, pertenencia a organización criminal, receptación y blanqueo de capitales.;Sucesos
Dos detenidos en el operativo para desalojar pisos ocupados convertidos en plantaciones de droga;https://www.lavanguardia.com/sucesos/20230614/9039788/macrooperativo-desalojar-pisos-ocupados-convertidos-plantaciones-marihuana-reus.html;14/06/2023;"Al menos dos detenidos en el operativo policial para desmantelar plantaciones de marihuana en pisos ocupados del barrio de Mas Pellicer de Reus. Los Mossos d'Esquadra, conjuntamente con la Guardia Urbana, han realizado entradas en siete inmuebles, la mayoría de ellos propiedad de la Agencia de la Vivienda de Catalunya. Según ha explicado el inspector y subjefe del Área Básica Policial del Baix Camp-Priorat, Pere Plassa, el objetivo del dispositivo es desocuparlos y devolverlos al Govern para que puedan entregarse a personas con dificultades para acceder a una vivienda. El responsable policial afirmó que el dispositivo conjunto se está produciendo con ""éxito"" y sin incidencias.";Sucesos
Un laboratorio a lo 'Breaking Bad' en Mont-roig del Camp;https://www.lavanguardia.com/sucesos/agencia/20220715/8410872/laboratorio-breaking-bad-mont-roig-camp.html;15/07/2022;Vecino de Mont-roig del Camp, de 35 años, llevaba una vida aparentemente normal, sin ostentaciones y exento de sospechas. Con un talento innato, se encerraba día y noche en su garaje para fabricar ingentes cantidades despeed, cocaína, ketamina, MDMA… y explosivos. Al más puro estilo deBreaking Bad, la serie de televisión en la que un profesor de instituto empieza a manufacturar anfetaminas en su domicilio, este joven había convertido su cochera en un laboratorio de drogas de diseño capaz de albergar todas las fases del proceso de fabricación. Contaba con maquinaria avanzada, valorada en más de 200.000 euros, y todo tipo de utensilios y aparatos que sabía manejar a la perfección. Lo hacía desde 2017 en una vivienda de propiedad familiar en la que residía junto a su mujer, detenida por cómplice. Una investigación policial llevó a la Ertzaintza hasta tierras tarraconenses. Sospechaban de la existencia de una organización criminal dedicada a la producción y distribución de drogas sintéticas en grandes cantidades. Inmediatamente contactaron con los Mossos d’Esquadra para dar con el que ha resultado uno de los mayores laboratorios de sustancias jamás hallado en territorio nacional. La complejidad de la operación recae en la aparente normalidad del sospechoso, que pasaba desapercibido ante vecinos e investigadores. En palabras del sargento Xavier Tenorio, jefe de la Unidad Territorial de Investigación, “era un hombre talentoso capaz de pasar hasta diez días sin salir del garaje para no interrumpir el complicado proceso de producción”.;Sucesos
Un laboratorio a lo 'Breaking Bad' en Mont-roig del Camp;https://www.lavanguardia.com/sucesos/20220715/8410872/laboratorio-breaking-bad-mont-roig-camp.html;15/07/2022;Vecino de Mont-roig del Camp, de 35 años, llevaba una vida aparentemente normal, sin ostentaciones y exento de sospechas. Con un talento innato, se encerraba día y noche en su garaje para fabricar ingentes cantidades despeed, cocaína, ketamina, MDMA… y explosivos. Al más puro estilo deBreaking Bad, la serie de televisión en la que un profesor de instituto empieza a manufacturar anfetaminas en su domicilio, este joven había convertido su cochera en un laboratorio de drogas de diseño capaz de albergar todas las fases del proceso de fabricación. Contaba con maquinaria avanzada, valorada en más de 200.000 euros, y todo tipo de utensilios y aparatos que sabía manejar a la perfección. Lo hacía desde 2017 en una vivienda de propiedad familiar en la que residía junto a su mujer, detenida por cómplice. Una investigación policial llevó a la Ertzaintza hasta tierras tarraconenses. Sospechaban de la existencia de una organización criminal dedicada a la producción y distribución de drogas sintéticas en grandes cantidades. Inmediatamente contactaron con los Mossos d’Esquadra para dar con el que ha resultado uno de los mayores laboratorios de sustancias jamás hallado en territorio nacional. La complejidad de la operación recae en la aparente normalidad del sospechoso, que pasaba desapercibido ante vecinos e investigadores. En palabras del sargento Xavier Tenorio, jefe de la Unidad Territorial de Investigación, “era un hombre talentoso capaz de pasar hasta diez días sin salir del garaje para no interrumpir el complicado proceso de producción”.;Sucesos
Los Mossos investigan un robo en el monasterio de Vallbona;https://www.lavanguardia.com/sucesos/20221114/8606646/mossos-investigan-robo-monasterio-vallbona.html;14/11/2022;Los Mossos d'Esquadra investigan un robo en el monasterio de Vallbona de les Monges, en Urgell. El aviso lo dieron el sábado las monjas que residen en el sitio y según la policía, los ladrones se habrían llevado elementos de piedra del interior del templo, en concreto dos fregaderos y un arco de piedra al lado de la capilla. El robo habría ocurrido entre el miércoles y el jueves de la semana pasada. El monasterio de Vallbona de les Monges, fundado en la primera mitad del siglo XII es un monumento declarado Bien Cultural de Interés Nacional.;Sucesos
Atropello en Montmeló: Uno de los supervivientes pierde a su hermana y a su novia;https://www.lavanguardia.com/sucesos/20230912/9220298/victimas-montmelo-cruzaron-vias-tramo-visibilidad.html;12/09/2023;Una zapatilla deportiva negra con ribetes rojos recién estrenada. Unas gafas que perdieron la patilla. Un pequeño bolso de mujer bañado en sangre. Y bolsas con refrescos, botellas y vasos de los que seguramente pensaban echar cuenta en una última parada antes de acceder al festival de música electrónica Duro, el primero de Catalunya dedicado al hard techno, y al que un grupo de siete jóvenes de Madrid y Barcelona se dirigían el domingo por la tarde. Esas últimas pertenencias de las víctimas que aún quedaban junto a las vías del tren fueron recogidas al mediodía por mossos de la policía científica que se acercaron con la luz del día a realizar unanueva inspección ocular del tramo en el que los jóvenes fueron arrollados. Los siete amigos cruzaron por un punto no habilitado y de una extrema peligrosidad porque es una pequeña recta encajonada entre dos curvas cerradas y sin visibilidad que impide al que cruza poder ver si se acerca un tren. La zona concentró durante el día de ayer a numerosos curiosos. Los vecinos de las últimas casas de la urbanización Can Tabola de Montmeló viven pegados a las vías. Pero precisamente ese tramo junto a sus casas cuenta con unas vallas de gran altura que impiden el acceso directo.;Sucesos
Una amenaza de bomba obliga a cerrar varios colegios internacionales de España;https://www.lavanguardia.com/sucesos/20231218/9457634/colegios-zaragoza-cierran-aviso-bomba.html;18/12/2023;Numerosos colegios internacionales franceses y británicos a lo largo y ancho de la geografía española han echado este lunes el cierre tras recibir un aviso alertando de la presencia de explosivos en sus instalaciones, amenaza que los cuerpos de seguridad están investigando. Los centros afectados se localizan en ciudades como Zaragoza, Tenerife, Tarragona, Málaga o Madrid, y se suman a alertas similares detectadas en días previos en otras ciudades del país. “Desde la semana pasada está habiendo una oleada de amenazas falsas por mail a colegios de educación internacional en España”, confirmaron fuentes de la Policía Nacional de Zaragoza.;Sucesos
15 años de prisión por esclavizar a un hombre enfermo y luego venderlo por 400 euros;https://www.lavanguardia.com/sucesos/20231212/9442393/15-anos-prision-esclavizar-hombre-enfermo-mendigo.html;12/12/2023;"El Tribunal Supremo ha confirmado la condena a 15 años de prisión a un matrimonio rumano por esclavizar a un hombre con graves problemas de salud haciéndole mendigar 15 horas diarias, sin descanso ni alimentos, que fue vendido por 400 euros y al que amputaron una pierna por la dureza de su situación. El matrimonio contactó con la víctima en 2016, que residía en la localidad de Colceag, cerca de Bucarest, Rumanía, con escasos recursos económicos y al que convencieron para viajar a España a ejercer la mendicidad, repartiéndose los beneficios al 50%, cuando ""lo que pretendían era utilizarle para que mendigara para ellos"", según recoge la sentencia, a la que ha tenido acceso EFE.";Sucesos
Los Mossos arrestan al aspirante a guardia urbano acusado de tocamientos a tres compañeras;https://www.lavanguardia.com/sucesos/20230505/8946511/mossos-arrestan-aspirante-guardia-urbano-acusado-tocamientos-tres-companeras.html;05/05/2023;Los Mossos d’Esquadra han detenido alaspirante a agente de la Guardia Urbana de Barcelona acusado de tocamientos a tres de sus compañeras. Según ha podido saberLa Vanguardia, la detención se ha llevado a cabo este viernes por la tarde por parte de la División de Asuntos Internos de la policía catalana. Las tres víctimas han decidido presentar una denuncia por agresión sexual por la vía penal y esto ha precipitado la detención del individuo. Pasará la noche en comisaría a la espera de pasar a disposición judicial. El arrestado realizaba el primer curso de formación básica en el Institut de Seguretat Pública de Catalunya (ISPC) y tres de sus compañeras denunciaron haber recibido tocamientos en sus partes íntimas. Aprovechaba las clases de defensa personal para sobrepasar los límites del contacto normal, reprocharon. La denuncia fue comunicada por una alumna a uno de los instructores de la academia después de sentirse violentada en una de las clases.;Sucesos
Desarticulada una banda que asaltaba plantaciones de marihuana haciéndose pasar por policías;https://www.lavanguardia.com/sucesos/20240327/9583252/desarticulada-banda-asaltaba-plantaciones-marihuana-haciendose-pasar-policias.html;27/03/2024;Los operativos policiales contra plantaciones ilegales de marihuana son habituales en Catalunya. En los últimos años los delitos vinculados con el tráfico de esta sustancia han aumentado notablemente, lo que ha llevado a los Mossos d'Esquadra a exigir las medidas oportunas que lespermitan combatir con mayor eficacia este fenómeno creciente. Lo que no es tan habitual, y resulta una vuelta de tuerca más, es que grupos criminales emulen los operativos policiales para asaltar las plantaciones y llevar a cabo así robos de forma sistemática. Así es precisamente como operaba una banda en la demarcación de Tarragona: se hacían pasar por policías y, exhibiendo armas de fuego largas y cortas e indumentaria policial, accedían por la fuerza en la plantación y se llevaban su botín. El operativo policial conjunto de Mossos d'Esquadra y Policía Nacional logró este martes desarticular la organización criminal a la que se la vincula a cuatro robos violentos ocurridos el año pasado.;Sucesos
Dos muertos en un choque frontal causado por un vehículo que iba en sentido contrario en la A-2 en Lleida;https://www.lavanguardia.com/sucesos/20230430/8933017/dos-muertos-choque-frontal-causado-vehiculo-iba-sentido-contrario-2-lleida.html;30/04/2023;Dos personas han muerto esta madrugada del domingo en un choque frontal provocado por un coche que circulaba en sentido contrario en la A-2 en Granyanella (Segarra). El aviso del accidente se ha recibido a las 03.27 horas en el kilómetro 516 de la A-2, entre Cervera y Tàrrega. Por causas que se desconocen se ha producido una colisión frontal en la autovía por un conductor que circulaba erróneamente en dirección Barcelona por los carriles en sentido Lleida.;Sucesos
Muere un ciclista atropellado por un conductor que huye y luego es detenido;https://www.lavanguardia.com/sucesos/20230429/8932368/ciclista-muere-accidente-trafico-priorat.html;29/04/2023;Un ciclista muere en accidente de tráfico en la C-242 en Cornudella de Montsant (Priorat). Con esta víctima, son 49 las personas que han muerto en accidentes de tráfico este año en la red viaria interurbana de Catalunya, según datos provisionales. El Servei Català de Trànsit informa que esta tarde se ha registrado un siniestro viario mortal en la carretera C-242 a la altura del punto kilométrico 44,4 en Cornudella de Montsant (Priorat). Los Mossos d'Esquadra han recibido el aviso a las 16:30h.;Sucesos
La crisis de las cárceles se enquista pese a una tregua en los bloqueos;https://www.lavanguardia.com/sucesos/20240318/9569804/justicia-compromete-reforzar-vigilancia-cocinas-sigue-bloqueo-carceles.html;18/03/2024;Los funcionarios de prisiones redoblan el pulso al Govern y este lunes volvieron a bloquear los centros penitenciarios por tercer día, dejando a 4000 reclusos de seis centros penitenciarios encerrados en sus celdas sin poder salir. El voltaje del conflicto aumenta cada día que pasa con el riesgo de que la tensión de los funcionarios se contagie a los propios reclusos. El Govern aguanta las protestas con infructuosas apelaciones al diálogo, conscientes de que los sindicatos no pueden vulnerar los derechos de los reclusos durante mucho más tiempo, pero  tampoco es capaz de garantizar el normal funcionamiento de los centros. Además,cinco días después del asesinato de Núria López, la cocinera de la cárcel de Mas d’Enric a manos de un interno, el Govern todavía no ha aclarado públicamente qué fallo. Ni tan siquiera la consellera de Justícia ni el secretario de mesures penals han reconocido error alguno y se escudan en que está en marcha una investigación que debe aclararlo todo. El único alto cargo que hasta la fecha ha entonado el mea culpa es el viceconseller Sergi Sabrià que aseguró que era evidente que algo había fallado si un hombre condenado por asesinar con un cuchillo a una mujer había sido destinado a la cocina con acceso a elementos punzantes.;Sucesos
Detenidos dos hombres por robos violentos en tiendas de telefonía de varias localidades catalanas;https://www.lavanguardia.com/sucesos/20201025/4959712/detenidos-robos-violentos-tiendas-moviles-catalunya.html;25/10/2020;LosMossos de Esquadrahan informado de la detención de dos hombres de nacionalidad rumana, de 24 y 39 años, como presuntos autores decinco robos con violencia e intimidación en tiendas de telefoníade las comarcas del Baix Llobregat, Tarragonès y Vallès Oriental. Los arrestados amenazaban al personal de los establecimientos y simulaban llevar un arma en el bolsillo, según ha informado el cuerpo policial. La investigación se inició a principios del mes de octubre, cuando los investigadores tuvieron conocimiento del robo en una tienda de telefonía en el municipio de Sant Boi de Llobregat. Solo unos minutos más tarde de la apertura de la tienda, los autores del roboamenazaron al personal del establecimiento, poniéndose una mano en el bolsillo y simulando que llevaban un arma y consiguieron sustraer varios teléfonos móviles que había en exposición en su interior.;Sucesos
Prisión incondicional para el pistolero de Canovelles;https://www.lavanguardia.com/sucesos/20230411/8889367/prision-incondicional-pistolero-canovelles.html;11/04/2023;Un juzgado de Murcia ha mandado a la cárcel a Roger. L.S acusado dematar al encargado del club de tiro de Canovelles el pasado sábado. El juez le imputa los delitos de homicidio o asesinato, tenencia ilícita de armas y delito de resistencia o atentado a la autoridad, todos ellos en conexión con delitos leves de lesiones. Roger L.S, de 20 años y socio del club de tiro, acribilló al armero del club con cinco disparos por la espalda sin mediar palabra y aprovechando que la víctima estaba barriendo el local antes de cerrar. Después de cometer el crimen, secuestró a dos mujeres a las que interceptó en un autolavado de coches de Barcelona y las obligó a punta de pistola a conducir hasta Murcia donde finalmente fue detenido por la Policía Nacional. Por ello, el juzgado además también le imputa dos delitos de detención ilegal. Ahora el juzgado enviará al detenido hasta Catalunya para que quede a disposición de un juzgado de Granollers - el competente puesto que es donde se produjeron los hechos- que deberá volver a decretar la prisión.;Sucesos
Prisión provisional para el sospechoso de asesinar a su pareja a cuchillazos en Barcelona;https://www.lavanguardia.com/sucesos/20230801/9146586/prision-provisional-sospechoso-asesinar-pareja-cuchillazos-barcelona.html;01/08/2023;"El Juzgado de Violencia Sobre la Mujer 1 de Barcelona, en funciones de guardia, ha enviado a prisión provisional sin fianza al hombre detenido el domingopor presuntamente asesinar a su pareja en el distrito de Nou Barris. En un auto consultado por Europa Press este martes, la jueza expone que sobre las 1.35 horas el hombre llamó a emergencias ""diciendo que su pareja le había intentado matarle y que él le había matado a ella"" en el piso que compartían.";Sucesos
Controlado el incendio del Perelló después de quemar 25 hectáreas de bosque y cultivos;https://www.lavanguardia.com/sucesos/20230801/9145929/incendio-forestal-quema-control-perello-confina-cuatro-urbanizaciones.html;01/08/2023;Buenas noticias desde el Baix Ebre. El incendio forestal originado este mediodía en El Perelló ha podido ser controlado por los Bombers. Las llamas ya no avanzan después de afectar una zona de 25 hectáreas, con un potencial de masa forestal que podía alcanzar las 400 hectáreas.  Siguen trabajando en la zona medio centenar de dotaciones terrestres y quince medios aéreos.  Los efectivos de extinción han podido cerrar el perímetro y frenar el avance de las llamas favorecidos por el mosaico de campos de algarrobos donde se ha detenido el incendio, según ha informado Bombers. El Ayuntamiento del Perelló, en coordinación con Protecció Civil, ha activado el confinamiento de los vecinos de tres urbanizaciones cercanas y varias casas aisladas. Algunas masías cercanas a la zona del incendio han sido desalojadas. La enorme columna de humo originada por el fuego es visible desde decenas de kilómetros a la redonda.;Sucesos
Un hombre mata de cinco disparos a un empleado del club de tiro de Canovelles;https://www.lavanguardia.com/sucesos/20230408/8884375/tiroteo-muerto-club-tiro-canovelles-barcelona.html;08/04/2023;Un hombre ha matado a otro en el club de tiro Granollers, situado en el municipio de Canovelles (Barcelona). El autor le ha descerrajado hasta cinco disparos por la espalda al armero del club y luego ha huido en dirección Barcelona.  Los Mossos d'Esquadra han emitido una orden de busca y captura y han desplegado un amplio dispositivo para atraparlo. Según fuentes de la investigación, el asesino está identificado. Es un joven exmilitar, socio del club de tiro, que sobre las 19:30 horas ha abierto fuego contra el empleado del club con un arma que llevaba escondida.;Sucesos
Los Mossos se preparan para un nuevo verano complejo;https://www.lavanguardia.com/sucesos/20220701/8378760/mossos-preparan-nuevo-verano-complejo.html;01/07/2022;Cada verano tiene una canción y unas serpientes a partir de los hechos más relevantes... Así arrancaba en mayo la crónica en estas mismas páginas que detallaba el plan de verano de la Guardia Urbana para Barcelona. Y así arrancan estas líneas tras la presentación ayer del plan de verano de los Mossos d’Esquadra para Catalunya. Un dispositivo que debe hacer frente al que nadie niega ya que será un verano especialmente caliente con la paulatina recuperación delincuencial, que se acerca cada vez más a las terribles cifras del 2019. Durante la presentación, ni el conseller de Interior, Joan Ignasi Elena, ni el comisario jefe de la policía catalana, Josep Maria Estela, quisieron incluir el término “preocupados” en sus intervenciones. “Nos ocupa el hecho de que nos viene un verano que se parece al del 2019, pero con la fuerza que tenemos creemos que seremos capaces de darle respuesta”, indicó Estela.;Sucesos
Fallece un vecino de Berga de 51 años en un accidente de tráfico en Pinós;https://www.lavanguardia.com/sucesos/20230326/8854147/fallece-vecino-berga-51-anos-accidente-trafico-pinos.html;26/03/2023;Un conductor de 51 años ha fallecido esta madrugada a consecuencia del choque frontal de su vehículo con otro en el municipio leridano de Pinós (Lleida), según ha informado el Servei Català de Trànsit. La víctima mortal es J.M.M.R., un hombre de 51 años y vecino de Berga (Barcelona). El accidente, cuyas causas aún se están investigando, ha tenido lugar sobre las cinco de la mañana en el kilómetro 55,30 de la carretera C-55. A consecuencia del impacto ha fallecido el conductor de uno de los dos turismos mientras que el del otro vehículo ha sido trasladado en estado menos grave al hospital Sant Joan de Déu de Manresa (Bages).;Sucesos
Un hombre mata a su sobrino de tres años en Santiago de Compostela;https://www.lavanguardia.com/sucesos/20200921/483613471486/un-hombre-mata-a-su-sobrino-de-tres-anos-en-santiago-de-compostela.html;21/09/2020;Un hombre ha estrangulado hasta la muerte a susobrino de tres añoseste lunes enSantiago de Compostelacuando ambos se encontraban solos en un domicilio situado en el casco histórico. El presunto responsable de los hechos habría asfixiado al pequeño, según han informado a Efe fuentes de lainvestigación, aunque es la autopsia la que determinará la causa del deceso del menor.;Sucesos
"Un jabalí muerde a una mujer al pasear al perro: ""Si me llega a tocar una arteria no salgo de allí""";https://www.lavanguardia.com/sucesos/20230711/9102657/jabali-muerde-pasea-perro-me-llega-tocar-arteria-salgo.html;11/07/2023;"La presencia de jabalíes en las calles de las ciudades, buscando alimentos en contenedores, es un escenario cada vez más habitual en Catalunya. Durante los últimos años ha crecido mucho el número de personas que ven su día a día afectado por esta problemática. Montserrat Riera, vecina de Riells y Vilabrea (la Selva), ha explicado aEl món a RAC1que hace un mes recibió el ataque de un jabalí mientras paseaba al perro por la calle. Le mordió el brazo y tuvieron que coserle 15 puntos. ""Muchos vecinos de Riells tienen miedo de salir de casa por miedo a los jabalíes"", expresó.";Sucesos
Prisión para el cineasta Martí Guarch por agredir sexualmente a una menor durante dos años;https://www.lavanguardia.com/sucesos/20230311/8817449/psision-marti-guarch-cineasta-agresion-sexual-menor.html;11/03/2023;El juzgado de guardia de Valls decretó este viernes prisión provisional, comunicada y sin fianza para el cineasta de Alcover (Alt Camp), Martí Guarch, investigado por una presunta agresión sexual a una menor durante dos años, según informó el Tribunal Superior de Justícia de Catalunya (TSJC). La jueza practicó el pasado viernes la exploración de la menor y tomó declaración al detenido, de 23 años. Terminada la comparecencia, la magistrada ha acordado la privación de libertad.;Sucesos
Archivada la causa contra Casado por decir que el Govern no dejaba ir al baño a los niños que hablaban en castellano;https://www.lavanguardia.com/sucesos/20230704/9086267/archivada-causa-pablo-casado-decir-generalitat-dejaba-bano-ninos-hablaban-castellano.html;04/07/2023;"Un juez ha archivado la causa abierta contra el exlíder del PP Pablo Casado porhaber dicho que en la escuela catalana no se dejaba ir al baño a los alumnos que hablan en castellano. En un auto, el juez cree que aquellas palabras fueron ""desacertadas y rechazables"" pero considera que estaban amparadas por la libertad de expresión y que se pronunciaron en un contexto de ""contienda política"". El magistrado decidió abrir una investigación a raíz de unaquerella presentada por el Govern de la Generalitatpor injurias, calumnias e incitación al odio. En su declaración ante el juez el pasado 20 de marzo, Casado aseguró que no contrastó aquellas afirmaciones y que se basó en artículos de prensa y con el objetivo de denunciar la política lingüística del Govern. Aquellas noticias en las que supuestamente se basó el exlíder del PP eran del año 2008 y otra descontextualizada del año 1997 sobre el País Vasco.";Sucesos
Los Mossos investigan la muerte violenta de un hombre en Sant Sadurní d'Anoia;https://www.lavanguardia.com/sucesos/20230302/8796593/mossos-d-esquadra-investigan-muerte-violenta-hombre-sant-sadurni-d-anoia.html;02/03/2023;Agentes de los Mossos d'Esquadra de la División de Investigación Criminal (DIC) investigan la muerte violenta de un hombre de 41 años en Sant Sadurní d'Anoia, en la comarca del Alt Penedès (Barcelona). Los hechos han sucedido a las doce y media del mediodía cuando personas cercanas al fallecido han denunciado su desaparición. Los agentes de seguridad ciudadana de la comisaría del Alt Penedès se han dirigido a su domicilio, donde le han encontrado sin vida y con signos de violencia.;Sucesos
Fallece la pasajera de una moto al caer a un barranco en Caldes de Malavella;https://www.lavanguardia.com/sucesos/20230225/8784504/fallece-pasajera-moto-caer-barranco-caldes-malavella.html;25/02/2023;La pasajera de una motocicleta ha fallecido esta tarde y el conductor ha resultado herido crítico al salir de la vía el vehículo y precipitarse por un barranco, en la GI-681, a la altura de Caldes de Malavella (La Selva). El Servicio Catalán de Tráfico ha informado este sábado de que el siniestro mortal ha ocurrido antes de las 18,00 horas en el punto kilométrico 5 de la citada vía GI-681, por causas que se investigan.;Sucesos
"El asesino de Reus telefoneó al 112 y a Legálitas: ""He matado a un hombre y está ardiendo en mi jardín""";https://www.lavanguardia.com/sucesos/20231017/9304700/asesino-reus-telefoneo-112-legalitas-he-matado-hombre-esta-ardiendo-mi-jardin.html;17/10/2023;José María Zafra, de 70 años, apuraba una cerveza en la terraza del bar Victoria de Reus cuando telefoneó primero al 112. Contó a la operadora que le atendió que había matado a un hombre y que su cuerpo estaba en el jardín de su casa, justo en la entrada. La operadora trasladó la llamada a un agente de los Mossos d'Esquadra de la sala, que tomó los datos del individuo, mientras trataba de aguantar la comunicación mientras enviaba una patrulla a la dirección facilitada para comprobar la veracidad de los datos. Pero el hombre colgó. Y aún realizó una nueva llamada. Telefoneó a su contacto en la asesoría Legálitas al que explicó lo mismo, que había matado a un hombre, y que al cuerpo le había prendido fuego en el jardín de su casa. Cuando la patrulla de los Mossos de Reus abrió la puerta principal de la parcela número 18 de la calle Garrotxa de la urbanización del Pinar, encontraron el cuerpo sin vida de un hombre, al que habían quemado en una pequeña pira avivada con combustible. La patrulla confirmó el hallazgo y otra pareja de policías se dirigieron al bar Victoria, cerca del Parc de Sant Jordi, donde el sospechoso fue detenido sin ofrecer resistencia. Parecía que les estuvieran esperando.;Sucesos
Descaro y agresividad con resultado de muerte;https://www.lavanguardia.com/sucesos/20240210/9517255/barbate-guardias-civiles-muertos-narcolancha-violencia-cadiz-gibraltar-hachis-estrecho.html;10/02/2024;Un crimen como el ocurrido en Barbate era algo que, desgraciadamente, entraba dentro de lo posible en una de las zonas más calientes de Europa en lo que a tráfico de drogas se refiere: el litoral de la provincia de Cádiz. Las organizaciones criminales, excepto durante algunos periodos de apaciguamiento forzoso por efecto de la presión policial, se han mostrado cada vez más agresivas y descaradas. Además, la prohibición de las narcolanchas y el hecho de que su mera posesión acarreara un delito de contrabando ha hecho que estas embarcaciones ligeras y sobre potenciadas con motores descomunales se hayan convertido en un bien muy preciado para los traficantes del Estrecho. Así como antes de la prohibición una narcolancha ogoma, como se le conoce en el argot de la zona, era una herramienta que, salvo por pudor o por no dar pistas a los investigadores policiales, se mostraba en público sin que pasara nada ni pudiera incautarse, desde su ilegalización son objeto de especial protección por las organizaciones criminales que buscan escondites donde conservarlas. Un gran número de ellas se quedan amarradas en puntos de la costa marroquí y ya no en Andalucía porque les resulta mucho más seguro. Pero eso parece estar cambiando otra vez.;Sucesos
Libertad con cargos para el profesor de teatro detenido por presuntos abusos sexuales en Reus;https://www.lavanguardia.com/sucesos/20230217/8764273/libertad-cargos-profesor-teatro-detenido-presuntos-abusos-sexuales-reus.html;17/02/2023;El Juzgado Instrucción 2 de Reus (Tarragona) ha acordado la libertad con cargos para el profesor de teatro detenido por presuntamenteabusar sexualmente de 22 jóvenesde la localidad. En un comunicado, el Tribunal Superior de Justícia de Catalunya (TSJC) ha explicado que el magistrado también le ha impuesto las medidas cautelares de orden de alejamiento y prohibición de comunicación con las víctimas.;Sucesos
"""Turismo de grafiti"" en trenes: viajar para pintar vagones";https://www.lavanguardia.com/sucesos/20230214/8755487/policia-detiene-14-personas-grafitis-trenes.html;14/02/2023;"La Policía Nacional ha detenido a 14 individuos como presuntos autores de 98 grafitis en trenes de Baleares, Madrid, Catalunya, Aragón, Castilla y León, Cantabria, Navarra y Murcia. Además, han identificado a otras 8 personas responsables, la mayoría de las cuales realizaban ""turismo del grafiti"", es decir, viajaban desde países europeos para cometer estas acciones delictivas. En el operativo, que se han identificado  22 personas, han colaborado organismos internacionales como INTERPOL y el Centro de Inteligencia Contra el Crimen Organizado (CITCO).";Sucesos
Mossos y Policía Nacional desarticulan un grupo especializado en robos en urbanizaciones;https://www.lavanguardia.com/sucesos/agencia/20230609/9029559/mossos-policia-nacional-desarticulan-grupo-especializado-robos-urbanizaciones.html;09/06/2023;La Policía Nacional y los Mossos d’Esquadra han desarticulado en Catalunya unalanza chilenao grupo de delincuentes de este país que venía expresamente a España para robar en viviendas. Según informó la Policía este viernes, en esta operación han sido detenidas ocho personas en las provincias de Barcelona y Girona y se han practicado cinco entradas y registros, en los que se han incautado efectos sustraídos durante sus acciones.;Sucesos
La familia del jugador de rugby desaparecido ofrece 11.500 euros por pistas sobre su paradero;https://www.lavanguardia.com/sucesos/20221208/8638062/familia-jugador-levi-davis-rugby-desaparecido-barcelona-ofrece-11-500-euros-pistas-sobre-paradero.html;08/12/2022;La familia de Levi Davis, el jugador de rugby cuya pista se perdió al salir del Hard Rock Café de la plaza Catalunya de Barcelona el pasado 29 de octubre, ofrece 10.000 libras -unos 11.500 euros- a quien pueda dar pistas sobre su paradero. Además, la familia también ha contratado los servicios de un investigador privado para que les ayude a avanzar en la investigación y ha habilitado el correo findlevidavis@gmail.com para todo aquel que pueda aportar cualquier información sobre esta desaparición.;Sucesos
Dos muertos al salir de la carretera e impactar con un poste de teléfono en El Pla de Santa Maria;https://www.lavanguardia.com/sucesos/20230129/8717994/dos-muertos-salir-carretera-e-impactar-poste-telefono-pla-santa-maria.html;29/01/2023;Un vehículo que circulaba por la C-37, a la altura de El Pla de Santa Maria (Alt Camp), se ha salido de la vía por circunstancias que se desconocen y que los Mossos están investigando, con cinco ocupantes, dos de los cuales han fallecido en el acto y los otros tres han resultado heridos. El accidente ha tenido lugar sobre las 14,37 horas, en la C-37 a la altura del Pla de Santa Maria (Alt Camp) cuando el vehículo se salió de la carretera e impacto con un poste de telefonía, según han informado desde el Servei Català de Trànsit.;Sucesos
Desarticulada una organización criminal dedicada a estafas en casinos de toda España;https://www.lavanguardia.com/sucesos/20210502/7423258/catalunya-desarticulada-organizacion-criminal-dedicada-estafas-casinos-toda-espana-detenidas-tres-personas-irun.html;02/05/2021;"Un total de tres personas han sido detenidas en Irun (Guipúzcoa) en una operación conjunta de la Ertzaintza y la Policía Nacional que ha permitido desarticular una organización criminal itinerante dedicada a la comisión de estafas en casinos de toda España, según ha informado el Departamento de Seguridad. La operación policial, denominada ""Gereziak-Armeria"", ha sido desarrollada tras ser detectado un nuevo ""modus operandi"" delictivo por agentes pertenecientes al Servicio de Control de Juegos de Azar y Apuestas de la Policía Nacional en verano de 2020, investigación que contó con la coordinación y respuesta desde la Unidad de Juego y Espectáculos, además de la Sección Central de Investigación Criminal y Policía Judicial de la Ertzaintza.";Sucesos
Muere atropellado un viandante en la N-340, en Vilafranca del Penedès;https://www.lavanguardia.com/sucesos/20201228/6153779/muere-atropellado-vilafranca-penedes-n-340.html;28/12/2020;Un viandante ha resultado muerto este lunes al ser atropellado por un vehículo en la carretera N-340, en Vilafranca del Penedès (Barcelona). Según ha informado el Servicio Catalán de Tráfico, el atropello se ha producido alrededor de las 19:49 horas en el punto kilométrico 1.211 de la N-340, en Vilafranca del Penedès, sentido sur, cuando un turismo ha atropellado mortalmente a un viandante por causas que se están investigando.;Sucesos
Los Mossos detienen a un hombre relacionado con la muerte violenta de otro en Esparreguera;https://www.lavanguardia.com/sucesos/20220518/8276865/mossos-detienen-hombre-muerte-esparreguera.html;18/05/2022;Los Mossos d'Esquadra han detenido este martes a un hombre de 36 años presuntamente implicado en la muerte violenta de otro de 59 en Esparreguera (Baix Llobregat). Los hechos han tenido lugar hacia las once de la mañana, cuando el cuerpo policial ha recibido un aviso para dirigirse a un domicilio del municipio. Una vez allí, los agentes que se han desplazado y han hallado el cuerpo sin vida del hombre. Del resultado de las primeras gestiones en el lugar de los hechos, los investigadores han determinado que se trataba de una muerte violenta, y han detenido a un hombre que presuntamente está relacionado. El juzgado de instrucción 3 de Martorell, en funciones de guardia, ha llevado a cabo el levantamiento del cadáver.;Sucesos
Un detenido en Ripoll por explicar en internet cómo hacer armas y explosivos;https://www.lavanguardia.com/sucesos/agencia/20230101/8664739/detenido-ripoll-explicar-internet-como-armas-explosivos.html;01/01/2023;"La Guardia Civil ha detenido a un hombre en Ripoll (Girona) por presuntamente difundir en internet cómo fabricar armas y explosivos caseros. En el taller de su vivienda unifamiliar tenía una impresora 3D con la que fabricaba piezas y componentes esenciales de varios tipos de armas. El hombre explicaba ""detalladamente"" en foros y plataformas de internet cómo cambiar armas para convertirlas en prohibidas, informa la Guardia Civil este domingo en un comunicado.";Sucesos
Fallece el conductor de un vehículo embestido por un tren en Lleida;https://www.lavanguardia.com/sucesos/20221231/8664334/fallece-conductor-vehiculo-embestido-tren-lleida.html;31/12/2022;El conductor de un vehículo ha muerto este sábado tras ser atropellado por un tren de la línea R12 de Rodalies en un paso a nivel entre la estación de Mollerusa y Bell-lloc, en Fondarella (Lleida). Protección Civil de la Generalitat ha activado en fase de alerta el plan de emergencias ferroviarias de Catalunya (Ferrocat) por el accidente, que ha cortado la circulación de la línea, informan Protección Civil y la R12 en un tuit.;Sucesos
Muere un menor tras ser atropellado cuando iba en patinete por la carretera;https://www.lavanguardia.com/sucesos/20220423/8217184/muere-menor-iba-patinete-carretera-masquefa.html;23/04/2022;Un menor de 16 años ha fallecido esta madrugada atropellado por un turismo cuando circulaba con un patinete eléctrico por la carretera B-224 a su paso por el municipio de Masquefa, en la comarca de la Anoia. Según han informado los Mossos d'Esquadra y el Servei Català de Trànsit (SCT), el atropello mortal ocurrió sobre las 00.30 horas de esta pasada madrugada, cuando un turismo que circulaba por esta carretera  embistió al menor que iba en el patinete eléctrico.;Sucesos
El padre del terrorista;https://www.lavanguardia.com/sucesos/20230901/9197669/padre-terrorista.html;01/09/2023;El 19 de agosto del 2017 lo pasé en Ripoll indagando quiénes eran los autores de los atentados de la Rambla y Cambrils. Eran jóvenes sin oficio captados por el imán de la población, quien a ojos de su familia ejercía una buena influencia sobre sus hijos. La tensión en el municipio era evidente. La casa del imán Abdelbaki Es Satty era un minúsculo habitáculo que compartía con un hombre que trabajaba vendiendo fruta, que apenas hablaba español, y con el que intentamos comunicarnos sin éxito a través de Google Translator. Desconocía quién era realmente su compañero de piso, con quien parecía que no tenía amistad. En la mezquita estaban sobrepasados. Habían expulsado al imán porque se había tomado unos meses de vacaciones –que luego supimos que utilizó para preparar el atentado–, pero también desconocían que había captado a unos jóvenes. Nadie sospechó nunca nada. O al menos eso dijeron.;Sucesos
"Prisión para un ""grupo organizado"" que habría violado a tres mujeres en el Baix Llobregat";https://www.lavanguardia.com/sucesos/20221222/8654859/prision-grupo-organizado-violado-tres-mujeres-baix-llobregat.html;22/12/2022;El Juzgado de Instrucción número cinco de Gavà ha enviado a prisión provisional sin fianza a cinco detenidos por cinco delitos de agresión sexual y otros tres de agresión o abuso sexual a tres víctimas en 2021 en la comarca catalana del Baix Llobregat. El Tribunal Superior de Justicia de Catalunya (TSJC) ha explicado en un comunicado que los cinco han pasado a disposición judicial este miércoles y todos han declarado solo a preguntas de sus abogados.;Sucesos
Detenidos tras denunciar el asesinato del vigilante de su plantación de marihuana;https://www.lavanguardia.com/sucesos/20211024/7812650/detenidos-denunciar-asesinato-vigilante-plantacion-marihuana.html;24/10/2021;Los Mossos detuvieron ayer por la tarde a tres personas en Lleida después de que estas acudiesen a comisaría para denunciar el asesinato del vigilante de su plantación de marihuana, ubicada en la localidad leridana de Les Borges Blanques. La policía, de momento, no ha conseguido encontrar el cadáver de la supuesta víctima. Los denunciantes del presunto crimen han quedado bajo arresto policial por un delito contra la salud pública. Dos de los detenidos, según publica el diarioSegre, son de nacionalidad española y se personaron en la tarde de ayer en la comisaría para denunciar que su cultivo de marihuana había sufrido un ataque para robar la droga y que el vigilante de la misma, un joven de unos 20 años, había sido asesinado.;Sucesos
Detienen a un hombre por agredir sexualmente a una menor en un hotel de Calella;https://www.lavanguardia.com/sucesos/20220408/8188457/detienen-hombre-agredir-sexualmente-menor-calella.html;08/04/2022;Los Mossos d'Esquadra han detenido este viernes a un hombre acusado de haber agredido sexualmente a una turista británica menor de edad en un hotel de Calella (Maresme) ayer por la noche. Según publicaron algunos medios, la menor tendría 14 años y estaría de vacaciones con sus padres en esta ciudad de la costa del Maresme. La agresión se habría producido en una habitación del mismo hotel.;Sucesos
Dos tiendas saqueadas durante los disturbios en Barcelona por grupos negacionistas;https://www.lavanguardia.com/sucesos/20201031/4985963002/dos-tiendas-saqueadas-durante-los-disturbios-en-barcelona-por-grupos-negacionistas.html;31/10/2020;LosMossos d’Esquadrahan hecho hasta las 23 horas de este viernes 12 detenciones, dos de ellas a menores,durante losaltercados en Barcelona, que han comenzado después de una protesta en la plaza Sant Jaume contra las nuevas restricciones decretadas por el Govern para contener elcoronavirus, y en los que se hansaqueadodos tiendas. Además, mientras sucedían los disturbios entre la plaza de Sant Jaume y la Via Laietana, se producíandos saqueos en tiendas del centro de la ciudad Condal, una de ellas unDecathlonen la calle Canuda, y la otra es el comercio de ropa deportiva, también,FootLockerubicada en la calle Pelai. Se han llevado bicicletas, patinetes eléctricos y otros materiales deportivos. Los Mossos de Esquadrahan abierto una investigación, según ha podido saber La Vanguardia.;Sucesos
Muere a golpes un hombre en un narcoasalto por la marihuana en Navarcles;https://www.lavanguardia.com/sucesos/20211008/7778714/muere-golpes-hombre-narcoasalto-marihuana-navarcles.html;08/10/2021;Un nuevo narcoasalto por la marihuana se ha cobrado la vida de un hombre. La víctima falleció al ser atacado por unos ladrones que accedieron al domicilio para robar dos plantas de marihuana. Los hechos se produjeron la madrugada del jueves al viernes. Sobre las 1:30 horas, unos intrusos accedieron a la finca con el propósito de apoderarse de dos plantas de marihuana, según han informado los mossos en un comunicado. Los residentes en la casa se percataron de la intrusión y fueron al alcance de los ladrones. Los asaltantes reaccionaron golpeándolos con palos y herramientas de jardinería con las que pretendían robar la marihuana. Los dos hombres quedaron heridos mientras los asaltantes lograron huir. Ambos fueron trasladados a un centro hospitalario donde uno de ellos ha fallecido este viernes. Los Mossos d’Esquadra han abierto una investigación para aclarar lo sucedido y detener a los autores del homicidio.;Sucesos
Muere una joven en un choque frontal de dos coches en Abrera;https://www.lavanguardia.com/sucesos/20201010/483980946858/muere-joven-choque-frontal-abrera.html;10/10/2020;Unajovende 26 años que viajaba de pasajera en un coche ha resultadomuertaa primera hora de la mañana de este sábado en elchoquefrontalde dos turismos a la altura del municipio barcelonés de Abrera, ha informado el Servei Català de Trànsit. El suceso se ha producido poco antes de las ocho y media de la mañana en el kilómetro 1,5 de la carretera C-55 cuando, por causas que se investigan, dos coches han chocado frontalmente.;Sucesos
El detenido por la muerte del encargado del club de tiro de Canovelles trató de huir del juzgado;https://www.lavanguardia.com/sucesos/20230412/8890969/detenido-muerte-instructor-tiro-canovelles-trato-huir-juzgado-murcia.html;12/04/2023;"La espiral de violencia en la que se sumió el exmilitar que el sábado mató al encargado del club de tiro de Canovelles no cesó después de su detención. El sospechoso trató de huir cuando era conducido por la policía para declarar ante el juez, según ha informado el Tribunal Superior de Justicia de Murcia. Los agentes que lo custodiaban pudieron frustrar sus intenciones. Según el TSJM, el arrestado trató de ""huir repentinamente"" y fue alcanzado ""mientras subía las escaleras de acceso a las oficinas del juzgado de guardia"", en la Ciudad de la Justicia de Murcia. Por ello, el magistrado también hizo declarar a los agentes encargados de su custodia y quedaron recogidas en las diligencias del caso por si ese intento pudiera ser constitutivo de delito. Sin embargo, este no fue su único intento de zafarse de la policía. En el momento en que fue reducido y esposado en el andén de la estación de tren de Murcia, el individuo intentó sacar un arma pero los policías se lo impidieron.";Sucesos
Detenido en Barcelona un miembro de la banda internacional de atracadores Pink Panter;https://www.lavanguardia.com/sucesos/20211001/7760987/detenido-miembro-pink-panter-barcelona.html;01/10/2021;La Policía Nacional ha detenido a un integrante de los Pink Panthers, una organización criminal internacional muy violenta especializada en robos a joyerías. El arrestado, de nacionalidad croata, se refugiaba en Barcelona y era reclamado por las autoridades alemanas que lo relacionan con la comisión de tres asaltos violentos a estos establecimientos. Sobre él pesaba una orden europea de detención. Las autoridades alemanas lo buscaban por haber robado joyas por valor de 715.000 euros. La operación se ha desencadenado después de que un tribunal alemán solicitase la detención de este ciudadano croata, a quien se pudo vincular con la organización Pink Panther, especializada en atracos muy violentos exhaustivamente planificados.;Sucesos
Gran golpe al blanqueo del dinero de estafas informáticas;https://www.lavanguardia.com/sucesos/20201016/484106008023/gran-golpe-al-blanqueo-del-dinero-de-estafas-informaticas.html;16/10/2020;Investigadores de losMossos d’Esquadra, laPolicía Nacionaly elFBIhan participado junto con policías de otros once países europeos en ladesarticulación de una organización criminal internacional dedicada a blanquear beneficios procedentes de ciberataques y estafas informáticas. La operación ha sido coordinada por Interpol. Los arrestados operaban a nivel mundial, principalmente enEuropayAmérica, y ofrecían sus servicios a grupos criminales informáticos para convertir en legales todos los beneficios económicos que conseguían de forma fraudulenta.;Sucesos
Siete crímenes en siete días, una secuencia sin precedentes;https://www.lavanguardia.com/sucesos/20220927/8544629/siete-crimenes-siete-dias-secuencia-precedentes.html;27/09/2022;La relación es terrible, prácticamente un muerto por día. La semana pasada, la número 37 de este 2022, ya se puede calificar de trágica con el listado de crímenes que han sucedido en puntos bien dispares de la geografía catalana. De distintas modalidades, sin que haya ninguna relación entre ellos, la secuencia de casi un crimen diario evidencia que cada vez son más los conflictos que se solventan con una violencia que va a más en una sociedad en la que son también cada vez más las personas que salen de su casa armadas para defenderse o atacar. La reflexión es del doctor en Psicología de la Universitat de Barcelona Miguel Ángel Soria Verde, responsable del máster de perfilación y análisis de la conducta criminal. A nadie le ha pasado desapercibida la secuencia de crímenes. “Precisamente esta mañana hablaba del tema con un compañero de Colombia, y confío que en el caso de Catalunya estos números respondan a una coyuntura de coincidencia en el tiempo, aunque hay factores que preocupan”, comenta el doctor.;Sucesos
Los Mossos investigan la muerte violenta de un hombre en Lleida;https://www.lavanguardia.com/sucesos/20200919/483563356934/muere-tras-violada-once-hombres-somalia-lanzada-sexto-piso.html;19/09/2020;;Sucesos
Desarticulada una banda que cultivaba marihuana en 11 naves industriales;https://www.lavanguardia.com/sucesos/20200620/481866947119/desarticulada-banda-cultivo-marihuana-catalunya.html;20/06/2020;Los Mossos d’Esquadra handesarticulado un grupo que cultivaba marihuanaen once naves industriales repartidas por Catalunya, handecomisado droga por valor superior al millón de eurosy han detenido a 26 personas, siete de las cuales han ingresado en prisión. La policía catalana ha informado este sábado de que la investigación sobre este grupo se inició la segunda quincena del pasado mes de febrero, al localizar una plantación de marihuana en una nave industrial de Castellví de Rosanes (Barcelona).;Sucesos
Vuelca un autobús con 49 pasajeros en la subida a los Lagos de Covadonga;https://www.lavanguardia.com/sucesos/20230731/9143919/vuelca-autobus-subida-lagos-covadonga-asturias-49-personas-mayoria-ninos.html;31/07/2023;"Seis personas han resultado heridas graves ""con pronóstico reservado"", otras seis menos graves y 37 leves al despeñarse este lunes un autobús con 48 pasajeros y el conductor que cubría el servicio entre Covadonga y los Lagos, en la vertiente asturiana del parque Nacional de los Picos de Europa, según fuentes sanitarias y de la Guardia Civil. Este es el último balance de heridos que ha dado a conocer la vicepresidenta del Gobierno asturiano, Gimena Llamedo, que ha aclarado que entre los heridos hay al menos un extranjero de nacionalidad austriaca y vecinos de Madrid, Aragón, Catalunya, Andalucía y Extremadura que se encontraban de vacaciones por Asturias.";Sucesos
Mueren tres personas tras un desprendimiento en la mina de potasa de Súria;https://www.lavanguardia.com/sucesos/20230309/8811908/accidente-mina-suria.html;09/03/2023;Tres personashabrían fallecido en la mina de potasa de Cabanasses, en el municipio de Súria (Barcelona), a causa de un desprendimiento este jueves por la mañana. Los trabajadores, geólogos de la empresa Iberpotash, se vieron sorprendidos en el interior de las galerías, a 900 metros de profundidad. Los Bombers de la Generalitat confirmaron a la agencia ACN las tres muertes tras quedar atrapados. A media tarde, los cuerpos han sido rescatados e identificados. De las tres víctimas en la instalación, dos eran estudiantes de la Escola Politècnica Superior d'Enginyeria de Manresa (EPSEM), dependiente de la Universitat Politècnica de Catalunya, donde cursaban un máster. Los tres también eran geólogos de profesión. Hacían prospecciones en el interior de la mina para seguir avanzando. Los fallecidos tenían 28 años, 29 y una edad también en torno a los 30 años, aunque sin especificar.;Sucesos
Detenido tras agredir con una piedra a dos chicas en la calle Balmes de Barcelona;https://www.lavanguardia.com/sucesos/20221101/8590058/prision-agredir-piedra-dos-chicas-balmes-barcelona.html;01/11/2022;Una magistrada de Barcelona envía a prisión provisional comunicada y sin fianza a un varón de 50 años tras un intento de homicidio a dos mujeres de 21 i 22 años, respectivamente, ocurrido durante la madrugada del domingo en la ciudad Condal. El detenido tiene antecedentes por homicidio doloso y se encontraba en permiso de tercer grado, según un comunicado del Tribunal Superior de Justicia de Catalunya (TSJC). Los hechos ocurrieron en la calle Balmes junto a Marià Cubí, en el barrio de Sant Gervasi-Galvany, cuando las dos jóvenes fueron sorprendidas y golpeadas en la cabeza con una piedra por el agresor. Las heridas les causaron múltiples contusiones y fueron trasladadas al hospital Sagrat Cor de Barcelona.;Sucesos
Un juzgado ordena a Morad ni entrar ni quedarse en la Florida de L'Hospitalet de Llobregat;https://www.lavanguardia.com/sucesos/20221027/8585036/juzgado-ordena-morad-ni-entrar-quedarse-florida-hospitalet-llobregat.html;27/10/2022;El rapero Morad El Khattouti El Horami, más conocido como Morad, no podrá entrar y quedarse en el barrio de la Florida en L'Hospitalet de Llobregat (Barcelona). Así lo ha dictado el juzgado de instrucción número 5 de la misma localidad, una medida cautelar que estará vigente hasta que se dicte sentencia firme o acabe el procedimiento por cualquier otra resolución, según ha informado el Tribunal Superior de Justicia de Catalunya (TSJC). El juzgado ha acordado esta medida a la vez que ha dejado en libertad provisional al rapero catalán. Fue detenido este miércoles por incitar y presuntamente haber pagado a un grupo de jóvenes paraprovocar desórdenes públicosocurridos en la madrugada del pasado jueves en que se quemaron dos coches y dos contenedores en la zona de losBlocsde la Florida. Según algunos testigos, el rapero estaba grabando un videoclip y causando molestias a los vecinos. Tras el incidente, aparecieron los elementos urbanos y vehículos quemados. Además, según informaron los Mossos d'Esquadra, se tiraron objetos contra los agentes de la policía local desplazados al lugar.;Sucesos
El asesino que rehízo su vida como conserje de un hotel de lujo en Barcelona;https://www.lavanguardia.com/sucesos/20231127/9408870/mossos-detienen-dos-hombres-asesinato-cometido-francia-20-anos.html;27/11/2023;Cristian Rad, de 39 años, llevaba veinte años escondido en Catalunya. Junto a su tío, Vasile Ostas, de 51 años, se instaló en Barcelona para seguir dedicándose al proxenetismo y refugiarse de la persecución de la policía francesa. Cristian vivía en el Prat de Llobregat. Vasile en Segur de Calafell. Ambos fueron detenidos en agosto por los Mossos d’Esquadra y la Audiencia Nacional los extraditó a Francia donde en 2011 fueron condenados en rebeldía a 30 y 25 años de prisión por asesinato. En el momento de ser arrestado, Rad había encauzado su vida. Era padre de familia, tenía dos hijos con una mujer catalana y trabajaba de conserje en un hotel de lujo de Barcelona. Nunca nadie sospechó nada. Su mujer tampoco. En el momento de la detención sintió un alivio. “Por fin podré dormir tranquilo”, confesó a los agentes. Procedía de una familia desestructurada de Rumanía y acabó bajo el cuidado de su tío que lo inició en el negocio de la prostitución. En 2003, ambos vivían en Francia y formaban parte de una mafia rumana de tráfico de mujeres. El 20 de febrero de 2003, en Nancy, al nordeste de Francia, mataron a Philippe Charuel, de 29 de años, un cliente que se había enamorado de una prostituta y que trató de sacarla de la red criminal. Al percatarse de sus intenciones, los proxenetas reaccionaron y no tuvieron piedad. Rad y Ostas sorprendieron a Charuel en un bar en la ciudad de Toul, lo secuestraron durante unas horas, lo torturaron, lo mataron a golpes, metieron su cadáver en el maletero de un BMW y lo enterraron en una fosa en una zona boscosa en el municipio de Gondreville. Dos prostitutas víctimas de la organización presenciaron los hechos y también fueron condenadas por encubrir el crimen.;Sucesos
Descubren una orgía ilegal con 70 personas al equivocarse de casa dos de los asistentes;https://www.lavanguardia.com/sucesos/20220101/7963767/llica-d-amunt-orgia-70-personas.html;01/01/2022;La Policía Local de Lliçà d'Amunt (Barcelona) descubrió este viernes una orgía ilegal con 70 personas en una casa de esta localidad que había sido alquilada para tal efecto con conocimiento de su propietaria, según informa este sábado el periódicoEl Mundo. El caso está en manos de los Mossos d'Esquadra. El descubrimiento de la orgía fue casual ya que dos de los participantes se equivocaron de casa, lo que provocó la llamada de los propietarios a la policía local cuando advirtieron que estas dos personas querían entrar en su vivienda.;Sucesos
Los Mossos detienen en Suiza a un fugitivo condenado por homicidio en 2017;https://www.lavanguardia.com/sucesos/20230213/8752573/mossos-detienen-suiza-fugitivo-condenado-homicidio-2017.html;13/02/2023;El Grup d'Investigació Activa de Fugitius adscritos a la Unitat d'Entorn Penitenciari de la Comisaria General d'Investigació Criminal de los Mossos d'Esquadra han detenido a un hombre  de 23 años que no había reingresado en el centro penitenciario  durante en abril de 2021, después de disfrutar de un permiso ordinario. El interno se encontraba cumpliendo condena de siete años de cárcel, que finalizaba en septiembre de 2024, por un delito de homicidio, que había tenido lugar en 2017, en virtud de una sentencia de la Sección Sexta de la Audiencia Provincial de Barcelona.;Sucesos
Muere una mujer de 50 años en La Guardia tras recibir un disparo accidental de un arma de fuego;https://www.lavanguardia.com/sucesos/20200628/482007753951/muere-una-mujer-de-50-anos-en-la-guardia-tras-recibir-un-disparo-accidental-de-un-arma-de-fuego.html;28/06/2020;LaGuardia Civilha abierto unainvestigaciónen torno a lamuerteeste domingo de unamujer de 50 añosen la localidad toledana deLa Guardiatras recibir, supuestamente,un disparo accidental de un arma de fuego. Precisamente el accidente es la principal hipótesis que barajan los investigadores. Según han informado fuentes de la Delegación del Gobierno en nota de prensa, los investigadores aún están recabando información sobre las circunstancias de estos hechos, y la línea del accidente es la que tiene más viabilidad, aunque aún no se puede descartar ninguna hipótesis.;Sucesos
Un preso de Brians 2 agrede a dos funcionarios y a mossos al intentar huir sin éxito;https://www.lavanguardia.com/sucesos/20220919/8535650/preso-brians-2-agrede-dos-funcionarios-mossos-intentar-huir-sin-extio.html;19/09/2022;Un preso del Centre Penitenciari Brians 2, en Sant Esteve Sesrovires (Baix Llobregat), agredió el sábado a dos funcionarios y a agentes de Mossos d'Esquadra al intentar huir sin éxito, han explicado a Europa Press fuentes penitenciarias. Según ha adelantadoSer Catalunya, lesionó a dos funcionarios que le encontraron manipulando droga en su celda, y le llevaron al Hospital Penitenciario de Terrassa (Vallès Occidental) al sospechar de que se había tragado un paquete de droga.;Sucesos
15 años de prisión a un hombre que violó a una menor tras prometerle trabajo;https://www.lavanguardia.com/sucesos/20230130/8718661/condenado-prision-trabajo.html;30/01/2023;El Tribunal Supremo ha confirmado una condena de 15 años de prisión a un hombre por violar a una joven de 15 años, a quien recogió en una estación de tren de Barcelona haciéndola creer que iba a darle trabajo como empleada de hogar. La Sala de lo Penal ha dictado una sentencia, a la que ha tenido acceso EFE, que rechaza el recurso del condenado contra la resolución del Tribunal Superior de Justícia de Catalunya que ratificó aquella de la Audiencia de Barcelona por un delito de agresión sexual a menor de 16 años y otro leve de apropiación indebida. Además de la pena de prisión, el Supremo confirma la prohibición de comunicarse o acercarse a la víctima durante diez años, así como otros diez años de libertad vigilada al cumplir condena y 30.156 euros de indemnización a la joven.;Sucesos
El narcotráfico frenó la caída en picado del delito en el 2020;https://www.lavanguardia.com/sucesos/20210225/6259213/narcotrafico-freno-caida-picado-delito-2020.html;25/02/2021;En España se cometieron, o mejor dicho se conocieron, 201 delitos por hora en el 2020. Pueden parecer muchos pero, como era de esperar por la caída en picado de la actividad económica, en ­general, y de sectores específicos como el del turismo, en particular, los registros de infracciones penales dados a conocer ayer por el Ministerio del Interior representan un descenso del 19,4% respecto al 2020 en el conjunto del territorio español. En Catalunya, donde se cometió uno de cada cinco delitos contabilizados en España, la reducción fue aún mayor, del 27,9%, y en la ciudad de Barcelona se batieron récords, con una caída sin precedentes cifrada en un 40,5%. En Catalunya, todos los tipos delictivos bajan dos dígitos respecto al año anterior, a excepción de los relacionados con el tráfico de drogas, que durante el primer año de pandemia crecieron en un 12,7%. Efectivamente, el tráfico de drogas, sobre todo el cultivo y distribución de marihuana, es el hecho diferencial de un 2020 en el que los confinamientos y otras restricciones, sumados a la práctica desaparición del turismo internacional, llevaron el delito a cotas muy bajas en relación con años precedentes.;Sucesos
El asesino en serie de personas sin techo acepta una pena de 63 años de prisión;https://www.lavanguardia.com/sucesos/20230612/9035491/asesino-serie-personas-techo-acepta-pena-63-anos-prision.html;12/06/2023;"Elasesino en serie de personas sin techoha aceptado una pena de 63 años de cárcel después de firmar un acuerdo con la Fiscalía y el resto de acusaciones. El acusado, Thiago Fernandes Lages, ha suscrito el pacto antes de arrancar el juicio por el asesinato de tres personas que vivían en la calle en abril de 2020, en pleno confinamiento por la crisis sanitaria del Covid. La condena supone la imposición de 21 años de cárcel por cada uno de los tres crímenes por un delito de asesinato y otro contra la integridad moral al entender que el criminal arrebató la vida de las personas sin hogar quebrantando su dignidad. El acuerdo implica, además, que el cumplimiento efectivo de la pena sea de 40 años con lo que el acusado, que en la actualidad tiene 38 años, podrá salir de la cárcel a los 78 años y a partir de ahí será sometido a 30 años más de libertad vigilada. -	¿Se reconoce autor de esas muertes? – le ha preguntado la fiscal, Elena Contreras.";Sucesos
El juez envía a prisión a la mujer acusada de matar a su compañero sentimental en Manresa;https://www.lavanguardia.com/sucesos/20211130/7899514/crimen-manresa-mujer-hombre-prision.html;30/11/2021;El juez de guardia ha acordado prisión provisional para la mujer que la madrugada del pasado domingomató a puñaladas a su compañero sentimentalen Manresa (Barcelona), como presunta autora de un delito de homicidio. Según ha informado el Tribunal Superior de Justicia de Catalunya (TSJC), la detenida ha sido puesta esta mañana a disposición del titular del juzgado de instrucción número 3 de Manresa, que ha dictado prisión provisional comunicada y sin fianza.;Sucesos
Macrooperación contra el tráfico de drogas en Lleida y Balaguer con 15 detenidos;https://www.lavanguardia.com/sucesos/20210525/7480097/macrooperacion-trafico-drogas-lleida-balaguer.html;25/05/2021;Los Mossos d'Esquadra y la Guardia Civil han desplegado a primera hora de esta mañana un macro operativo para desarticular una banda criminal dedicada al tráfico de drogas que tendría montado su centro de operaciones en Lleida y Balaguer. Fuentes cercanas a la operación policial informan  que el dispositivo se va a alargar, como mínimo, toda la mañana. Hasta el momento, informan Mossos, se han arrestado ya a una quincena de personas en ambas ciudades.;Sucesos
Un accidente entre una locomotora y un tren de pasajeros en Vila-seca deja 29 heridos;https://www.lavanguardia.com/sucesos/20220612/8334674/accidente-tren-vilaseca-barcelona-heridos-choque.html;12/06/2022;"Un tren regional de la línea R16 de Rodalies de Catalunya y una locomotora de la empresa Captrain han chocado este domingo sobre las 21.50 horas en Vila-seca (Tarragonès). Según Renfe, había unos 75 pasajeros en el convoy y el choque ha dejado alrededor de una treintena de contusionados de diversa consideración. De ellos, 19 son heridos de carácter leve y una decena han sido trasladados a un hospital, cinco de ellos en estado grave, según el último balance del Sistema d'Emergències Mèdiques (SEM). El suceso se ha producido a las 21.50 horas, al colisionar un tren regional que cubría el trayecto entre Barcelona y Tortosa con la locomotora. Aunque inicialmente Adif había atribuido el choque frontal a un fallo en los frenos de ésta, las citadas fuentes han precisado posteriormente que esa posibilidad ""es una hipótesis más"" de las causas del accidente. Según los primeros indicios, la locomotora se habría saltado un semáforo que le indicaba que no tenía paso por causas que se investigan.";Sucesos
Los Mossos investigan por estafa a una empresa de placas solares;https://www.lavanguardia.com/sucesos/20220814/8466137/mossos-investigan-estafa-empresa-placas-solares.html;14/08/2022;Los Mossos d'Esquadra investigan a la empresa alemana Sunblitz Kraft por haber estafado al menos a 16 personas. Según ha publicado este domingo 'El Periódico' y ha confirmado la policía catalana la ACN, los afectados son de varios municipios de Catalunya y lo han denunciado en varias comisarías del territorio. El rotativo recoge testigos que aseguran que no hay ni rastro de los responsables de la compañía, que en su página web indica que tiene oficinas en Sant Cugat del Vallès y en Palma de Mallorca. La policía catalana investiga la posible estafa y tiene constancia de denuncias en esta empresa en pueblos y ciudades del Baix Camp, Solsonès, Vallès Oriental y Vallès Occidental.;Sucesos
Absuelto el exjefe de investigación de los Mossos de vulnerar la presunción de inocencia del acusado por el doble crimen de Susqueda;https://www.lavanguardia.com/sucesos/20230525/8995154/absuelto-exjefe-investigacion-mossos-vulnerar-presuncion-inocencia-acusado-doble-crimen-susqueda.html;25/05/2023;El juzgado de primera instancia 5 de Girona ha absuelto al exjefe de la División de Investigación Criminal, el intendente Toni Rodríguez, que había sido acusado de vulnerar el derecho al honor y la presunción de inocencia deJordi Magentí, imputado por el doble crimen de Susqueda. El motivo de la demanda fueron unas declaraciones ante los medios de comunicación que pronunció el responsable de la investigación el día de la detención de Magentí. “No tenemos ni una sola duda de la autoría, que procesalmente es presunta, todavía”. Para el acusado del doble crimen de Susqueda aquellas manifestaciones “le hacían aparecer como culpable cuando todavía no había sido puesto a disposición judicial, había vulnerado su derecho al honor, lesionado su dignidad, menoscabado su fama y atentado contra su estima” y se había incitado al público a prejuzgarle. Por ello, reclamaba la publicación de la sentencia en la que se admitiera la existencia de la intromisión ilegítima al honor en los cuatro principales periódicos de Catalunya y una indemnización de 30.000 euros. La juez en su resolución desestima la demanda al entender que en “la información facilitada por el intendente no se revela la identidad del detenido ni datos esenciales”. Y aclara que se refiere al arrestado siempre “como presunto autor y reitera en más de una ocasión que la investigación y el procedimiento penal se hallan en curso. “No se utilizan expresiones injuriosas o que degraden innecesariamente al detenido”, concluye. “El intendente en ningún momento identificó al detenido ni proporcionó datos relevantes para su identificación. El hecho de que la identidad del detenido fuera conocida por los medios en ese momento ninguna relación guarda con la actuación del intendente”.;Sucesos
Mossos, Policía y Guardia Civil desarticulan una red de tráfico de marihuana en Barcelona;https://www.lavanguardia.com/sucesos/20210415/6840013/mossos-policia-guardia-civil-desarticulan-red-trafico-marihuana.html;15/04/2021;Los Mossos d'Esquadra, la Policía Nacional y la Guardia Civil están llevando a cabo una operación conjunta para desarticular una red dedicada al tráfico de marihuana en distintas poblaciones de Barcelona. Según han informado los Mossos, la operación se ha iniciado poco después de las 6 de esta mañana cuando agentes de los tres cuerpos de seguridad han empezado a realizar entradas y registros en diferentes localidades del entorno metropolitano de la capital catalana.;Sucesos
Encuentran el cadáver de una mujer con signos de violencia en Manresa;https://www.lavanguardia.com/sucesos/20210414/6769849/encuentran-cadaver-mujer-signos-violencia-manresa.html;14/04/2021;"Los Mossos d'Esquadra han encontrado este miércoles el cadáver de una mujer ""con signos evidentes de muerte violenta"" en un piso de Manresa (Barcelona). Según han informado fuentes policiales, la policía catalana ha recibido el aviso a las 13.54 horas y, tras personarse al domicilio, han constatado el hallazgo de un cuerpo sin vida.";Sucesos
El aumento de hurtos demora los juicios rápidos hasta los diez meses;https://www.lavanguardia.com/sucesos/20230518/8975149/aumento-hurtos-demora-juicios-rapidos-diez-meses.html;18/05/2023;El próximo 30 de junio expiraba el plazo por el que se prolongó habilitar excepcionalmente, en julio del año pasado, un segundo juzgado de guardia en Barcelona dedicado en exclusiva a los delitos leves. ¿Dónde está el problema?, se pregunte quizás el lector. Es posible que este otro dato ayude a entender mejor la que se avecinaba si como se pretendía se hubiera clausurado ese juzgado. A día de hoy, cada vez que un mosso d’esquadra o un guardia urbano denuncia al presunto autor de un delito leve de hurto (botín inferior a los 400 euros y sin detenido), el sospechoso es citado a un juicio rápido en marzo del 2024. Lo ha leído bien. Citaciones a diez meses vista que evidencian varias realidades. Primero, que la justicia pierde la capacidad de ser rápida con esas demoras. Segundo, que hay un claro repunte delincuencial que confirman unas estadísticas guardadas en los cajones de los despachos hasta después de las elecciones. Y tercero. Si se hubiera cerrado ese segundo juzgado, el riesgo de demoras superiores al año habría sido demasiado alto y los casos prescribirían.;Sucesos
Diecisiete heridos, dos de ellos de gravedad, en un accidente de autocar en la Anoia;https://www.lavanguardia.com/sucesos/20220730/8442082/veinte-heridos-accidente-autocar-anoia.html;30/07/2022;Diecisete personas han resultado heridas de diversa consideración en el accidente de un autocar registrado esta tarde en la población de Rubió, en la comarca barcelonesa de la Anoia, han informado los Bombers de la Generalitat. Entre los heridos, hay dos graves. Una persona ha sido trasladada en estado grave con uno de los helicópteros medicalizados del SEM al Hospital de Bellvitge. La otra ha sido trasladada de gravedad al Hospital Vall d'Hebron.;Sucesos
'Crims', de Carles Porta, identifica a 'la chica de Portbou';https://www.lavanguardia.com/sucesos/20220517/8271285/carles-porta-identifica-chica-portbou.html;17/05/2022;"Se llamaba Evi Anna Rauter y solo tenía 19 años. El 4 de septiembre de 1990, una vecina de Portbou (Girona) descubrió el cadáver de una joven, que se había ahorcado, junto al cementerio. Sin identificar, durante los últimos 32 años, la bautizada como ""la chica de Portbou"" ha engrosado los listados de cadáveres sin nombres, y su imagen, distribuida en su momento por la Guardia Civil, ha sido difundida periódicamente para intentar que alguien reclamara su cuerpo. Un trabajo periodístico impecable, liderado por Carles Porta, al frente de la factoríaCrims, logró el pasado 25 de abril poner nombre y apellidos a la joven. Una identidad confirmada después por la familia de la víctima, concretamente, por una hermana, que la semana pasada se desplazó a Catalunya, donde declaró en la Guardia Civil, cuerpo que ha trabajado estos últimos años el caso. De la chica de Portbou se han escrito multitud de informaciones periodísticas, especialmente la periodista deEl Punt, Tura Soler, que año tras año, los últimos 32, ha mantenido vivo el recuerdo de la joven en sus páginas, confiando en dar con algún familiar. Unos artículos que ya fueron el origen de un libro,La novia ahorcada en el país del viento, del inspector de la Policía Nacional y escritor, Rafa Jiménez. Carles Porta se interesó por la historia y puso al equipo deCrimsa trabajar en el caso. Se sabía y así aparecía en el atestado de la Guardia Civil, que esa noche, habían acampado en una tienda de campaña, cerca de donde apareció el cadáver, un grupo de seis jóvenes austriacos.";Sucesos
Fallece una mujer en un choque frontal con un camión en la N-260;https://www.lavanguardia.com/sucesos/20211005/7768456/choque-frontal-camion.html;05/10/2021;La conductora de un turismo ha fallecido este lunes por la tarde en un choque frontal con un camión frigorífico en la carretera N-260, en el término municipal de Avinyonet de Puigventós (Girona). El siniestro ha tenido lugar en el punto kilométrico 41,5 de la carretera, poco después de las cinco de la tarde. En ese momento, los dos vehículos colisionaron  por causas que todavía se están investigando.;Sucesos
Los interrogantes que resuelven las autopsias: ¿Quién eres? ¿Qué te han hecho? ¿Quién?;https://www.lavanguardia.com/sucesos/20221204/8633141/interrogantes-resuelven-autopsias-que-te-han-hecho.html;04/12/2022;Lo que me han enseñado los muertos para entender mejor la vida es el libro que hace cuatro años publicó el forense Narcís Bardalet con la periodista Tura Soler. Un apasionante repaso a sus 35 años de oficio en los que es incapaz de dar el número de autopsias que dirigió, entre las que hubo más de decena de cuerpos descuartizados que en alguna ocasión también estaban incompletos. Extremadamente didáctico y entusiasta de las técnicas forenses, Bardalet detalla en La Vanguardia el trabajo que sus colegas del Institut de Medicina Legal i Ciències Forenses de Catalunya realizan estos días con el torso del cadáver descuartizado que un chatarrero que buscaba en las basuras localizó el pasado martes en el interior de una maleta arrojada en un contenedor del Eixample. Detalla Bardalet la ceremonia metódica y respetuosa con la que arranca una autopsia. “Hay un silencio sepulcral”. Frente al cuerpo, esta vez solo una parte, el forense se concentra en busca del máximo número de respuestas a las mismas preguntas de siempre: “¿Quién eres? ¿Qué te han hecho? ¿Quién ha sido? ¿Dónde? ¿Por qué?”;Sucesos
Los interrogantes que resuelven las autopsias: ¿Quién eres? ¿Qué te han hecho? ¿Quién?;https://www.lavanguardia.com/sucesos/20221203/8633141/interrogantes-resuelven-autopsias-que-te-han-hecho.html;03/12/2022;Lo que me han enseñado los muertos para entender mejor la vida es el libro que hace cuatro años publicó el forense Narcís Bardalet con la periodista Tura Soler. Un apasionante repaso a sus 35 años de oficio en los que es incapaz de dar el número de autopsias que dirigió, entre las que hubo más de decena de cuerpos descuartizados que en alguna ocasión también estaban incompletos. Extremadamente didáctico y entusiasta de las técnicas forenses, Bardalet detalla en La Vanguardia el trabajo que sus colegas del Institut de Medicina Legal i Ciències Forenses de Catalunya realizan estos días con el torso del cadáver descuartizado que un chatarrero que buscaba en las basuras localizó el pasado martes en el interior de una maleta arrojada en un contenedor del Eixample. Detalla Bardalet la ceremonia metódica y respetuosa con la que arranca una autopsia. “Hay un silencio sepulcral”. Frente al cuerpo, esta vez solo una parte, el forense se concentra en busca del máximo número de respuestas a las mismas preguntas de siempre: “¿Quién eres? ¿Qué te han hecho? ¿Quién ha sido? ¿Dónde? ¿Por qué?”;Sucesos
Sigue precintada la playa de Somorrostro en Barcelona por la presencia de un posible artefacto explosivo;https://www.lavanguardia.com/sucesos/20220720/8421932/precintan-playa-somorrostro-barcelona-presencia-artefacto-explosivo.html;20/07/2022;"Parte de la playa Somorrostro sigue cerrada este jueves ""por precaución"" al detectar un objeto metálico en el fondo marino a escasos metros de la orilla, según han explicado fuentes de la Delegación del Gobierno de Catalunya y del Ayuntamiento de Barcelona a varios medios locales. Las labores de la Armada y Guardia Civil se iniciarán, aproximadamente, a partir de las 16:00 horas de hoy para inspeccionar el objeto, hallado dentro del mar y a escasos metros de la orilla. Previamente  se hará una reunión preparatoria.";Sucesos
Prisión comunicada sin fianza para el hombre acusado de matar a su madre en Maçanet de la Selva;https://www.lavanguardia.com/sucesos/20220718/8416783/prision-comunicada-fianza-hombre-mato-madre-macanet-selva.html;18/07/2022;"El juzgado de instrucción de Santa Coloma de Farners (Girona) ha decretado prisión provisional comunicada y sin fianza para el hombre acusado de acabar con la vida de su madre el pasado sábado durante un brote psicótico en Maçanet de la Selva, en la misma provincia. Según informa el Tribunal Superior de Justicia de Catalunya (TSJC), al individuo se le atribuye un delito de homicidio que ha provocado actos de condena y que este mismo lunes ha sido calificado de ""feminicidio familiar"" por el sindicato CCOO.";Sucesos
Expulsado de la escuela de policía un aspirante a guardia urbano de Barcelona acusado de tocamientos a tres alumnas;https://www.lavanguardia.com/sucesos/20230504/8943528/expulsado-aspirante-guardia-urbano-escuela-policia-tocamientos-tres-alumnas.html;04/05/2023;El Instituto de Seguridad Pública de Catalunya (ISPC) ha expulsado cautelarmente a un aspirante a agente de la Guardia Urbana de Barcelona, acusado de realizar tocamientos íntimos  al menos a tres alumnas de la escuela. La academia de policía ha notificado este jueves al individuo que lo aparta de forma provisional del curso de formación básica, según ha podido saberLa Vanguardiay ha confirmado un portavoz del departamento de Interior. El ISPC también ha notificado la expulsión del alumno al Ayuntamiento de Barcelona para que le rebaje el pago de la prestación que percibe. La semana pasada, una alumna comunicó a uno de sus instructores que uno de sus compañeros de sección le había tocado sus partes íntimas durante una de las clases de defensa personal. Los instructores elevaron la queja y el ISPC inició una investigación interna en la que aparecieron dos víctimas más que también confirmaron haber sufrido tocamientos por parte de este individuo. Las mujeres indicaron que el alumno sobrepasaba los límites del contacto físico en esas clases. Fuentes al corriente de la investigación no descartan que aparezcan más víctimas. El centro ha abierto un expediente disciplinario y una investigación interna que determinará la continuidad de este alumno, y en caso de que se confirmen las denuncias, supondría su expulsión definitiva.;Sucesos
Barcelona cierra el 2023 con una subida generalizada de todas las modalidades delictivas;https://www.lavanguardia.com/sucesos/20240219/9523855/barcelona-cierra-2023-subida-generalizada-todas-modalidades-delictivas.html;19/02/2024;El alcalde Jaume Collboni presidió este lunes por la tarde la Junta de Seguridad de Barcelona, con la presencia del conseller de Interior, Joan Ignasi Elena. Una reunión periódica que sirve para poner en común el estado de la ciudad en materia de seguridad y que sirve para hacer balance de las últimas cifras, en este caso, las estadísticas delincuenciales del 2023. Un año malo, muy malo en materia de seguridad, con un incremento generalizado de todas las modalidades delictivas, en relación al 2022. Sube todo, especialmente las agresiones sexuales, las estafas y todo lo relacionado con las drogas, pero sube también y mucho la actividad policial, que multiplica las detenciones, identificaciones y operativos, tanto de Mossos d'Esquadra, Guardia Urbana de Barcelona, Policía Nacional y Guardia Civil. Al terminar la reunión, a puerta cerrada, se repartió entre los medios de comunicación, un dossier de diez páginas con un resumen elegido de los datos. Una estadística en la que especialmente el departamento de Interior sigue comparando con el 2019, anterior a la pandemia, y un año especialmente negro en cuanto a cifras, con unos índices delincuenciales que de hecho provocó la puesta en marcha de algunos de los planes que a día de hoy siguen vigentes como Tremall.;Sucesos
Detenidos cinco integrantes de una banda motera por tenencia ilícita de armas;https://www.lavanguardia.com/sucesos/20220711/8401061/detenidos-integrantes-banda-motera-tenencia-ilicita-armas.html;11/07/2022;Efectivos de la Guardia Civil han detenido, en el marco de la Operación 'Trasporter', a los cinco integrantes de una banda motera como presuntos autores de un delito de tenencia ilícita de armas. Tres de ellos fueron interceptados en la provincia de Burgos y los dos restantes en Asturias. El origen de dicha operación se remonta a abril del 2021, a raíz de un dispositivo establecido en la provincia de Burgos, donde fue detectado un vehículo ocupado por tres personas que se desplazaban desde Asturias hasta Catalunya.;Sucesos
Desmanteladas dos plantaciones de marihuana con 30.000 plantas y cogollos;https://www.lavanguardia.com/sucesos/20211003/7764744/desmanteladas-dos-plantaciones-marihuana-30-000-plantas-cogollos.html;03/10/2021;Los Mossos d'Esquadra han desmantelado dos plantaciones de marihuana en el Camp de Tarragona con cerca de 30.000 plantas y cogollos, y han sido detenidos los dos responsables de las mismas y de la empresa que las gestionaba, mientras que otras dos han sido denunciadas penalmente. Según informa este domingo la policía catalana, las dos plantaciones de marihuana estaban ubicadas en Vila-seca y Mont-roig del Camp, en Tarragona.;Sucesos
Agreden a un vigilante de seguridad de Renfe en la estación de la Sagrera;https://www.lavanguardia.com/sucesos/20210309/6265973/agresion-renfe-barcelona-vigilante-sagrera-video.html;09/03/2021;Un vigilante de seguridad de Renfe fue agredido este domingo en la estación de la Sagrera, en Barcelona. La víctima fue golpeada por dos jóvenes, hasta que una de sus compañeras de seguridad reprendió a los agresores. El incidente, según fuentes cercanas a la víctima, se originó después de que dos de los pasajeros que provocaron la discusión trataran de colarse sin pagar su billete. Los hechos tuvieron lugar durante la noche del domingo, antes de la llegada de uno de los últimos trenes a la estación barcelonesa. Según las mismas fuentes, los pasajeros, que presentaban signos de embriaguez, reaccionaron violentamente después de que el vigilante les llamara la atención por su conducta.;Sucesos
Los bomberos dan por extinguido el incendio de la fábrica de químicos de La Llagosta;https://www.lavanguardia.com/sucesos/20220706/8390619/bomberos-dar-extinguido-incendio-fabrica-quimicos-llagosta.html;06/07/2022;"Los Bombers de la Generalitat han considerado extinguido a las 13.17 horas de este miércoles el incendio de la fábrica de productos químicos de La Llagosta (Barcelona), según han informado a través de Twitter. Han detallado que retiran las dos dotaciones que hasta el momento han estado revisando la zona afectada pero que harán ""alguna inspección si es necesario"".";Sucesos
Muere un motorista en la carretera C-13 a la altura de Castell de Mur;https://www.lavanguardia.com/sucesos/20210903/7698392/muere-motorista-salirse-carretera-c13-castell-mur.html;03/09/2021;Un motorista de 48 años y de nacionalidad inglesa ha muerto hoy en la carretera C-13, a la altura de Castell de Mur (Lleida). Según ha avanzado el periódicoPallars Digital, el siniestro ha tenido lugar en el punto kilométrico 81 cuando, por causas aún desconocidas, el conductor se ha salido de la vía. Después del aviso, recibido a las 14:24 horas, la carretera ha sido cortada durante poco más de una hora. A su vez, se han activado tres patrullas de los Mossos d'Esquadra, dos dotaciones y un helicóptero medicalizado del Sistma d'Emergències Mèdiques (SEM).;Sucesos
Detenido por matar a su pareja en Sant Joan Despí;https://www.lavanguardia.com/sucesos/20200128/473190861425/detenido-muerte-pareja-sant-joan-despi-baix-llobregat.html;28/01/2020;LosMossosd’Esquadrahan detenido esta madrugada a unhombrede 45 años, de nacionalidad española, comopresuntoautorde unhomicidioenSantJoanDespí (Baix Llobregat). La policía investiga las circunstancias de la muerte de una mujer encontrada sobre las 03.00 horas de hoy el martes en su domicilio de Sant Joan Despí. El hombre, de 45 años y nacionalidad española, no tiene antecedentes judiciales por agresiones machistas contra ella, según ha informado el Tribunal Superior de Justicia de Catalunya (TSJC).;Sucesos
La víctima de Rubí denunció hasta tres agresiones sexuales de los mismos autores;https://www.lavanguardia.com/sucesos/20230415/8896464/victima-rubi-denuncio-tres-agresiones-sexuales-autores.html;15/04/2023;El antiguo solar completamente derruido solo conserva tres pequeñas estancias con algunas paredes y un techo de vieja uralita. El interior es putrefacto. Varias hogueras han destruido lo poco que quedaba, hay basura, pintadas ofensivas y un viejo sofá destartalado que se supone pudo ser el escenario de la presunta agresión grupal que una mujer denunció a finales del año pasado. Ocurrió en Rubí. En un polígono industrial de las afueras de esta localidad de Barcelona en la que el jueves,el titular del juzgado 7 envió a prisión sin fianza a cinco hombres, de entre 20 y 27 años, nacionalidad marroquí y vecinos de Terrassa, acusados de haber participado en la agresión sexual. Y no solo una vez, sino varias, tres como mínimo, como relató la víctima a las investigadoras de la unidad central de agresiones sexuales (UCAS), que llevó con discreción el tema. Una investigación especialmente compleja ante la extrema vulnerabilidad de la víctima, una mujer con una discapacidad intelectual diagnosticada que durante un tiempo ni pudo ni supo denunciar el calvario que estaba padeciendo.;Sucesos
Detenida por apuñalar mortalmente a su pareja en Viladecans;https://www.lavanguardia.com/sucesos/20210201/6212853/mossos-detienen-mujer-viladecans-homicidio-pareja.html;01/02/2021;Los Mossos d’Esquadra han detenido a una mujer de 37 años por presuntamente asesinar a su pareja de 65 en Viladecans. Según ha informado este lunes el Tribunal Superior de Justícia de Catalunya (TSJC), “no constan antecedentes judiciales entre la pareja”. La Policía Local de esta ciudad del Baix Llobregat fue alertada el domingo por la noche de una fuerte discusión en un piso de la calle Carles Altés del barrio de la Montserratina. Al llegar al lugar de los hechos, poco antes de las nueve, hallaron el cuerpo del hombre sin vida con una herida de arma blanca en el pecho. Una puñalada en el corazón acabó siendo fulminante.;Sucesos
Condenado a 27 años por matar a su mujer frente a su hijo pese a tener una orden de alejamiento;https://www.lavanguardia.com/sucesos/20230407/8882482/condenado-27-anos-matar-mujer-frente-hijo-pese-orden-alejamiento.html;07/04/2023;"El Tribunal Supremo ha confirmado la condena a 26 años y nueve meses de prisión a un hombre que asesinó a su pareja tras darle una ""terrible paliza"" delante de su hijo, de año y medio, cuando habían estado horas antes celebrando su cumpleaños juntos en la casa, pese a tener una orden de alejamiento en vigor. La Sala de lo Penal ha dictado una sentencia, a la que ha tenido acceso EFE, que rechaza el recurso del condenado contra la resolución del Tribunal Superior de Justicia de Catalunya que confirmó otra de la Audiencia de Barcelona por delitos de asesinato con alevosía y ensañamiento, con la agravante de parentesco y género, otro de violencia habitual en el ámbito familiar y otro de quebrantamiento de condena o medida cautelar.";Sucesos
Dobrowolski: “Le pinché sustancias para su bienestar”;https://www.lavanguardia.com/sucesos/20201003/483806395418/dobrowolski-le-pinche-sustancias-para-su-bienestar.html;03/10/2020;Angela Dobrowolski, esposa de Josep María Mainat, describió la noche de los hechos como una más de las que pasó con su marido, de quiennegó que se estuviera separandoy afirmó sin ambages que le puso dos inyecciones “para su bienestar”, no para matarlo. Después de ser detenida por los Mossos d’Esquadra, acusada de quererasesinar a Mainat, que es diabético, administrándole dos tomas de insulina,Dobrowolskise defendió. “No son ciertos los hechos que se me imputan”. Y agregó: “Le pinché una serie de sustancias para su bienestar y para adelgazar porque él me lo pidió”. Así constan en las declaraciones judiciales a las que ha tenido accesoLa Vanguardia. En cambio, Mainat le contó al juez que intentó resistirse sin éxito a que su mujer le pusiera las inyecciones. “Cuando estaba dormido me despertó mi mujer y me dijo si me había puesto la inyección de la hormona de crecimiento. Me dijo que había una por casa y me preguntó si quería que me la pusiera. Yo le dije que no hacía falta, pero ella insistió y al final accedí. Acto seguido me preguntó si me quería adelgazar, le dije que no, pero ella insistió y al final accedí y me puso una inyección que es un tratamiento para adelgazar que también seguía mi mujer”.;Sucesos
El análisis de las imágenes de las cámaras de seguridad de la casa de Mainat;https://www.lavanguardia.com/sucesos/20201002/483795930804/mainat-confeso-a-la-ninera-de-sus-hijos-que-su-mujer-habia-querido-asesinarle.html;02/10/2020;El caso de latentativa de asesinato del exmiembro de La Trinca,Josep María Mainat–que en estos momentos se investiga en el juzgado de Instrucción 32 de Barcelona–, ha tenido un enorme impacto en la opinión pública catalana y española, debido a la popularidad del productor televisivo. Toni Muñoz, el periodista deLa Vanguardiaque sacó en exclusiva la noticia de la investigación, analiza en este video las imágenes de las cinco cámaras de seguridad de la casa de Mainat, en las que se observa como su esposa,Angela Dobrowolski, visita hasta en 13 ocasiones el dormitorio de su marido para, según los Mossos, ponerle dos inyecciones de insulina a su marido, que es diabético. Las inyecciones le provocaron un coma hipoglucémico que a punto estuvo de costarle la vida.;Sucesos
Los Mossos buscan a tres jóvenes por los carteles que se mofaban del alzheimer de Maragall;https://www.lavanguardia.com/sucesos/20230329/8863215/mossos-buscan-tres-jovenes-carteles-mofaban-alzheimer-maragall.html;29/03/2023;Los Mossos d'Esquadra de la comisaría general de Información disponen de imágenes de muy buena calidad de los tres jóvenes responsables de la colocación de los carteles que se burlaban del alzheimer de Pasqual Maragall, en varios lugares de la ciudad de Barcelona. Las cámaras de un hotel de la capital cercana al lugar en el que se colgaron los carteles han ofrecido unas imágenes de alta calidad con las que trabajan los investigadores y a las que ha tenido acceso La Vanguardia. Ninguno de los tres sospechosos está bajo la mirada de los investigadores especializados en sectores radicales. Por tanto, todas las opiciones e hipótesis están abiertas, incluída la posibilidad de que los tres elegidos fuean meros encargados de colocar los carteles y que cobraron por hacerlo. La policía catalana abrió de oficio una investigación por delito de odio, a la que se sumó la denuncia presentada por el propio Maragall. La comisaría general de información compartió este miécoles las imágenes con el resto de unidades de investigación de la región de Barcelona y el resto de la organización para tratar de ver si son identificados. Con esta difusión de las imágenes, los investigadores confían en no tardar en identificar a los autores y determinar, tras prestarles declaración y trasladar los atestados al juez correspondiente, si incurrieron en algún tipo de delito o se trató de un acto de vandalismo de extremado mal gusto.;Sucesos
Un incendio en el lado francés interrumpe el AVE con destino a París;https://www.lavanguardia.com/sucesos/20210727/7627488/incendio-lado-frances-interrumpe-ave-frontera.html;27/07/2021;Un incendio en la catenaria entre las poblaciones de Narbona y Béziers ha provocado la interrupción de la alta velocidad con Francia. La alteración del servicio se viene produciendo desde primera hora de hoy y se desconoce por el momento su duración. Renfe ha informado de que la suspensión de paso por las estaciones francesas no significa que la circulación por la red española vaya a verse alterada. Así, las conexiones entre Barcelona, Girona y Figueres se mantienen inalterables no así con las paradas al otro lado de la frontera.;Sucesos
Muere un hombre de 77 años ahogado en la playa de Gavà;https://www.lavanguardia.com/sucesos/20200912/483426121440/ahogado-hombre-playa-gava.html;12/09/2020;Un hombre de 77 años y nacionalidad española ha muertoahogadoeste sábado por la mañana en laplayadeGavà(Barcelona). El teléfono de emergencias 112 ha recibido;Sucesos
Dispositivo policial contra una organización dedicada al tráfico de cocaína y marihuana;https://www.lavanguardia.com/sucesos/20210615/7530207/dispositivo-policial-trafico-cocaina-marihuana-barcelona-girona.html;15/06/2021;Los Mossos d'Esquadra han desplegado un dispositivo a primera hora de este martes contra una organización dedicada al tráfico de cocaína y marihuana. Una operación que se ha cobrado con 32 detenidos Desde las cinco de la mañana hasta cerca de las 13 horas se han realizado un total de 48 entradas  entre Barcelona, el área Metropolitana y Girona.;Sucesos
Diez personas dan una paliza a un hombre en una nueva agresión homófoba en Barcelona;https://www.lavanguardia.com/sucesos/20210628/7563465/diez-personas-apalizan-hombre-nueva-agresion-homofoba.html;28/06/2021;Los Mossos d’Esquadra investigan un nueva agresión homófoba que tuvo lugar el pasado domingo en Barcelona. La víctima, un hombre de 52 años, estaba en el mirador del Park Güell cuando un grupo de diez jóvenes lo increparon y le propinaron varios puñetazos debido a su condición sexual. Cuando la víctima estaba malherida, los agresores además le robaron la cartera. Las heridas no revistieron gravedad y no requirió que el hombre fuera hospitalizado. El ataque tuvo lugar de madrugada en el popular parque barcelonés, que se ha convertido en una zona bastante concurrida por las noches por grupos de jóvenes. Al día siguiente, la víctima denunció los hechos en la comisaría de los Mossos d’Esquadra que han puesto en marcha una investigación para localizar a los agresores.;Sucesos
Un detenido por agresión sexual a una chica de 19 años en la playa del Somorrostro;https://www.lavanguardia.com/sucesos/20210604/7506251/detenido-agredir-sexualmente-chica-playa-somorrostro.html;04/06/2021;La Guàrdia Urbana de Barcelona ha detenido esta pasada madrugada de jueves a viernes a un hombre de 30 años por una agresión sexual a una chica en la playa del Somorrostro, en Barcelona, según ha adelantado SER Catalunya y han confirmado fuentes municipales a la agencia ACN. Las mismas fuentes han explicado que el hombre había hecho tocamientos en las partes íntimas a la chica de 19 años sin su consentimiento.;Sucesos
Los Mossos investigan la muerte violenta de un taxista en Lleida;https://www.lavanguardia.com/sucesos/20220410/8190696/mossos-investigan-muerte-violenta-taxista-lleida.html;10/04/2022;Los Mossos d'Esquadra investigan la muerte violenta de un taxista esta madrugada en la ciudad de Lleida, quien habría recibido varias puñaladas. La policía catalana ha informado este domingo de que sobre las dos y media de esta madrugada, los Mossos han sido alertados de que había una persona inconsciente con signos de violencia en la vía pública.;Sucesos
Detenido por ensalzar los atentados de Barcelona y Cambrils de 2017;https://www.lavanguardia.com/sucesos/20201027/4944620597/detenido-enlatecer-atentados-17a.html;27/10/2020;LosMossoshandetenidoa unhombreparaensalzar las acciones terroristasde los autores de losatentados de Barcelona y Cambrilshoras después del ataque, en agosto de 2017. La detención tuvo lugar enPalafrugellel pasado viernes. Se trata de un hombre de 34 años y de nacionalidad marroquí. El investigado hacía unos meses que vivía en Francia pero el pasado miércoles se desplazó a Catalunya para renovar el permiso de residencia, y fue interceptado el viernes poco antes de retornar a Francia. El hombre difundía en las redes contenidos para promocionar el yihadismo y pocas horas después de los atentados del 17 de agosto del 2017 ensalzó los autores de los ataques atribuyéndoles la categoría de mártires y alabando las acciones terroristas que habían cometido.;Sucesos
Muere el conductor de un camión tras chocar con otro en la AP-7 en Subirats;https://www.lavanguardia.com/sucesos/20210424/7163346/muere-conductor-camion-chocar-ap-7-subirats.html;24/04/2021;El conductor de un camión ha fallecido este mediodía a consecuencia de un accidente con otro camión en la autopista AP-7 a su paso por el municipio barcelonés de Subirats, ha informado este sábado el Servei Català de Trànsit. El suceso ha tenido lugar cuando, por causas que se investigan, un camión ha alcanzado por detrás al vehículo pesado que le precedía y a consecuencia del choque ha fallecido el conductor, mientras que el otro camionero ha resultado ileso.;Sucesos
Denunciado un falso fisioterapeuta en Barcelona por abusar de tres mujeres;https://www.lavanguardia.com/sucesos/20220313/8121129/denunciado-falso-fisioterapeuta-abuso-mujeres-barcelona.html;13/03/2022;Los Mossos d'Esquadra han denunciado en Barcelona a un hombre de 60 años por un presunto delito de abuso sexual a tres mujeres y otro de intrusismo profesional por hacerse pasar por fisioterapeuta. La investigación empezó el 1 de marzo, cuando las tres víctimas se presentaron en comisaría para denunciar que habían ido a sesiones individuales en la consulta de un supuesto fisioterapeuta. En el transcurso de estas sesiones, el denunciado hizo tocamientos en las partes íntimas sin su consentimiento.;Sucesos
Aparece la menor desaparecida el domingo en Terrassa;https://www.lavanguardia.com/sucesos/20210413/6647210/aparece-menos-desaparecida-domingo-terrassa-mmn.html;13/04/2021;En el día de ayer la Guardía Civil difundía la imagen de una menor en redes sociales pidiendo a los vecinos de Terrassa que se sumaran a la búsqueda una niña que llevaba 24 horas desaparecida. Varios medios de comunicación se hicieron eco del llamamiento y miles de personas dieron difusión en redes sociales. Casi un día después varios familiares y medios locales informan que la niña ha aparecido sana y salva.;Sucesos
Las autoridades buscan a una menor desaparecida en Terrassa;https://www.lavanguardia.com/sucesos/20210412/6644911/guardia-civil-busca-menor-desaparecida-terrasa-mmn.html;12/04/2021;La Guardia Civil ha hecho un llamamiento en redes sociales a todos los vecinos de la localidad de Terrasa (Barcelona) y alrededores para que se unan a la búsqueda de la menor Martina Alfaro. La joven lleva sin aparecer desde el domingo 11 de abril y  ya ha sido dada por desaparecida. Según difunde Sosdesaparecidos, Marina tiene 15 años y según la descripción que han  facilitado mide 1,60, es de complexión delgada y tiene el pelo largo y liso.;Sucesos
Desalojadas 200 personas por hacer botellón en Barcelona;https://www.lavanguardia.com/sucesos/20210410/6641386/200-desalojados-botellon-paseo-lluis-companys-barcelona.html;10/04/2021;Unas 200 personas han sido desalojadas este viernes por la noche por hacer botellón en el paseo de Lluís Companys de Barcelona, entre el Arco de Triunfo y el Parque de la Ciutadella. Poco después de las 22 horas, un amplio dispositivo de la Guardia Urbana ha hecho marchar los concentrados, muchos de los cuales han huido corriendo para evitar ser identificados y multados, sin más incidencias.;Sucesos
Muere un hombre en Les Borges Blanques tras declararse un incendio en una vivienda;https://www.lavanguardia.com/sucesos/20220226/8085585/muere-incendio-borges-blanques-vivienda.html;26/02/2022;Segundo incendio mortal en Catalunya en menos de 24 horas. Bombers de la Generalitat ha comunicado que esta pasada madrugada ha perdido la vida un hombre, de 61 años, tras declararse un incendio en una vivienda de Les Borges Blaques. El suceso ha ocurrido en el número 35 de la calle Hospital de la comarca leridana de Les Garrigues. El incendio se ha producido en la primera planta de un inmueble de tres pisos pasadas las doce de la noche. El fuego ha calcinado totalmente el pasillo de la vivienda, donde había una estufa de gasóleo, y una habitación contigua. En una de las estancias, los Bomberos han localizado a la víctima, que ha sido evacuada al exterior del inmueble. No obstante, los servicios de emergencias sólo han podido certificar su muerte.;Sucesos
La industria china de la marihuana;https://www.lavanguardia.com/sucesos/20210420/6984575/industria-china-marihuana.html;20/04/2021;Las cifras ayudan a hacerse una buena idea de las dimensiones y de la importancia dela organización criminal de origen chino desarticuladadurante una operación conjunta de los Mossos d'Esquadra y la Policía Nacional, tutelada por el juzgado cinco de Badalona. En dos fases, los investigadores detuvieron a 65 personas de las que 27 ingresaron a prisión, registraron 29 viviendas y locales, se incautaron de casi 200.000 euros y 40.000 plantas de marihuana repartidas en 13 plantaciones distintas. Poder vincular ese número de plantaciones a una misma organización criminal es uno de los éxitos de la investigación. El inspector Toni Salleras y el inspector jefe Juan Pablo Iglesias, responsables de crimen organizado en Mossos y Policía Nacional, han detallado este martes la importancia del caso que ha logrado, aseguran, desarticular completamente a las dos familias asociadas para la causa.;Sucesos
Hallados más de 30 artefactos explosivos de la Guerra Civil en un campo de Tarragona;https://www.lavanguardia.com/sucesos/20210403/6625776/artefactos-explosivos-bombas-guerra-civil-xerta-tarragona.html;03/04/2021;"Los Mossos d'Esquadra han desenterrado este sábado hasta 32 artefactos explosivos de la Guerra Civil en una zona agrícola de Xerta, en Baix Ebre (Tarragona). El hallazgo hecho por unos civiles en el margen de una finca de cultivo ha obligado a la intervención de los Técnicos Especialistas en Desactivación de Artefactos Explosivos (Tedax), cuerpo encargado de la desactivación de explosivos, que finalmente se han llevado los artefactos para su destrucción ""con seguridad"".";Sucesos
Un violento carterista es reducido con la ayuda de un perro guardián en Barcelona;https://www.lavanguardia.com/sucesos/20210329/6614622/violento-carterista-reducido-ayuda-perro-guardian-barcelona.html;29/03/2021;Un violento carterista tuvo que ser reducido por el personal de seguridad de la estación del Norte de Barcelona con la ayuda de un perro especializado en protección. La actitud de hostilidad del sospechoso, que no dudó en enfrentarse al personal uniformado cuando fue descubierto en sus actividades ilícitas, hizo que los vigilantes se emplearan a fondo y se sirvieran de una eficaz herramienta como es un can guardián. Los hechos se produjeron en la citada estación de autobuses de la capital catalana sobre las 23.00 horas del pasado jueves y ante un numeroso público que en aquel momento, y pese a las limitaciones horarias impuestas para el control de la pandemia, todavía estaba presente en la estación.;Sucesos
Detenido en Barcelona un hombre por retener durante tres días a su expareja y agredirla sexualmente;https://www.lavanguardia.com/sucesos/20200802/482637716233/detenido-barcelona-retener-expareja-agresion-sexual.html;02/08/2020;El hombredetenidoenBarcelonaeste jueves porsecuestraryretenerdurante tres días a suexparejase enfrentará finalmente a una causa por detención ilegal y maltrato, pero no por agresión sexual, dado que la víctima no lo denunció por ese delito, según ha informado el Tribunal Superior de Justicia de Catalunya (TSJC). En el momento de la detención la víctima manifestó a los agentes que hacía tres días que su expareja se había presentado en el domicilio y que después de acceder a su piso la retuvo,agrediéndola física y sexualmente. El hombre le rompió el móvil para que no se pudiera comunicar con ninguna persona.;Sucesos
Los forenses alertan que el depósito de cadáveres quedará saturado en 30 días si no bajan las muertes;https://www.lavanguardia.com/sucesos/20200408/48387005960/forenses-deposito-cadaveres-saturado-coronavirus.html;08/04/2020;ElInstituto de Medicina Legal y Forense de Catalunyavive sumido en una situación atípica. El coronavirus ha cambiado una tendencia: se practican más autopsias por muerte natural (por enfermedad) que por muertes violentas, accidentes de tráfico o suicidios. Si el ritmo de decesos sigue a este ritmo, los forenses alertan de que el depósito de cadáveres puede quedar saturado en un plazo de30 díasdebido a que el número de cuerpos que ingresa es superior al que sale. Sin embargo, desde la conselleria de Justicia confían en que la curva de fallecimientos por coronavirus irá en descenso y ven “poco probable” el colapso de las instalaciones. El Instituto Forense cuenta con una capacidad de 200 cámaras frigoríficas para depositar los cuerpos. Cien situadas en una sala con neveras normales y otra destinada a las grandes catástrofes que se habilita cuando hay un repunte de muertes entre “cuatro o cinco veces al año”, la mayoría por accidentes de tráfico.;Sucesos
Los Mossos interrogan al joven que salió de la discoteca junto a la víctima de Igualada;https://www.lavanguardia.com/sucesos/20211112/7857888/mossos-descartan-joven-salio-discoteca-victima-igualada.html;12/11/2021;Cada día se denuncia en Catalunya un promedio de tres agresiones sexuales. Son datos oficiales del departamento de Interior que no tienen en cuenta todos los delitos sexuales que las víctimas no se atreven a aflorar. Las violaciones requieren de investigaciones complejas que en ocasiones tardan días, horas, semanas o meses en dar con los autores. La agresión sexual que centra toda la atención de los investigadores de la Unidad Central de Agresiones Sexuales (UCAS) de los Mossos d'Esquadra es la sufrida la madrugada del pasado 1 de noviembre por una menor de 16 años, rescatada por dos transportistas en un polígono de las afueras de Igualada donde la localizaron prácticamente inconsciente y abandonada. A punto de cumplirse las dos semanas de un ataque de una crueldad y sadismo alejado del patrón más común de las violaciones que se investigan en Catalunya, la menor sigue hospitalizada y ya ha necesitado tres intervenciones quirúrgicas, además de la asistencia emocional y psicológica que le prestan en el hospital infantil de Sant Joan de Déu. Los investigadores todavía no han podido tomarle una declaración detallada de lo que ocurrió aquella madrugada en la que fue a Igualada a celebrar Halloween con unas amigas. La falta de su declaración no ha impedido que los Mossos trabajen sin descanso para dar con el autor o los autores de unos hechos que pudieron costarle la vida, si aquella madrugada los dos transportistas no la hubieran auxiliado cuando la encontraron tirada, desnuda, sangrando y tiritando de frío en mitad de un descampado cercano a la discoteca en la que estuvo esa noche.;Sucesos
¿Cómo mantener la distancia entre los antidisturbios y los manifestantes violentos?;https://www.lavanguardia.com/sucesos/20210218/6255680/como-mantener-distancia-antidisturbios-manifestantes-violentos.html;18/02/2021;El modelo policial de control de masas en España es el de la distancia. Consiste en mantener a la fuerza pública y a los grupúsculos violentos con el mayor espacio posible entre ellos para evitar el cuerpo a cuerpo. En concreto en Catalunya, también. Lo dice el texto del Parlament que prohibió las pelotas de goma a la policía autonómica. “Debe desarrollarse un modelo, en cuanto al mantenimiento del orden público en eventos de masas, basado en el diálogo y la planificación, en el mantenimiento de la distancia y en la movilidad de las unidades policiales”, se lee en la resolución 476/X del Parlament de Catalunya.;Sucesos
Un detenido en Cambrils por presunta agresión sexual durante la verbena de San Juan;https://www.lavanguardia.com/sucesos/20200624/481940292797/detenido-cambrils-agresion-sexual-verbena-san-juan-fiesta-privada.html;24/06/2020;Un hombre ha sido detenido este miércoles enCambrils(Tarragona) por un presunto delito deagresión sexuala una mujer en el transcurso de una fiesta privada celebrada en un domicilio de esta localidad. El detenido, que conocía a la víctima, es un hombre de 51 años de edad y de nacionalidad española, según han informado a Efe los Mossos d’Esquadra.;Sucesos
Detenido el líder de los moteros United Tribuns por el control de la droga en clubes nocturnos;https://www.lavanguardia.com/sucesos/20200116/472919655753/policia-nacional-bandas-moteras-united-tribuns.html;16/01/2020;LaPolicía Nacionalestá desarrollando esta mañana una operación para desmantelar la implantación e una banda motera de origen alemán, denominadaUnited Tribuns Nomads Spain. Por ahora, hay una decena de detenidos, uno de ellos en Barcelona, además de varios registros. Se habían instalando en Mallorca y mantenían contactos y ramificaciones en Catalunya y Valencia, principalmente Tarragona y Barcelona, según informan fuentes jurídicas aLa Vanguardia.En los registros se ha encontrado armas, dinero en efectivo y drogas. La operación la está pilotando el Juzgado de Instrucción número 6 de Mallorca, junto a la UDYCO y agentes de la Comisaría General de Información, con agentes especializados en bandas urbanas. Los investigadores detectaron su instalación en España. Se dedicaban altráfico de drogas en locales nocturnos, en fiestas clandestinase incluso en prostíbulos, principalmente en Mallorca.;Sucesos
El juez deja en libertad al conductor ebrio que huyó tras matar a una anciana en un atropello;https://www.lavanguardia.com/sucesos/20211222/7947826/juez-deja-libertad-conductor-ebrio-huyo-arrollar-matar-anciana-atropello.html;22/12/2021;El juez ha dejado esta mañana en libertad al conductor detenido por los Mossos el lunes, acusado de un atropello mortal (la víctima es una anciana de 90 años) en un camino de Artesa de Lleida. Ese conductor huyó, además, del lugar tras el violento impacto sin preocuparse por el estado de la persona arrollada y cuando fue arrestado por los Mossos, horas después, aún presentaba signos claros de ebriedad. El test de alcoholemia arrojó una elevada tasa: 1,7 miligramos de alcohol por litro de aire espirado.;Sucesos
Prisión provisional para el sospechoso de matar a su pareja en Sant Joan Despí;https://www.lavanguardia.com/sucesos/20200130/473219662730/prision-sospechoso-matar-pareja-sant-joan-despi.html;30/01/2020;El Juzgado de Violencia sobre la Mujer de Sant Feliu de Llobregat (Barcelona) ha acordado este juevesprisión provisional comunicada y sin fianzapara el hombredetenidopor presuntamente matar a suparejaenSant Joan Despí(Barcelona) e intentar huir en avión. Según ha informado el Tribunal Superior de Justicia de Catalunya (TSJC) en un comunicado, la causa está abierta por presunto delito de homicidio y otro patrimonial.;Sucesos
Detenido en Montcada el preso que se fugó camino del dentista;https://www.lavanguardia.com/sucesos/20220608/8326373/detenido-montcada-preso-fugo-camino-dentista.html;08/06/2022;Los Mossos d'Esquadra han detenido esta tarde en un taller de reparación de motos de Montcada i Reixach a Adrián Molina Romera, de 22 años, en paradero desconocido desde que se fugó el pasado 5 de abril, camino del dentista, custodiado por una pareja de policías. Un amplio dispositivo de los Mossos d'Esquadra con la colaboración de distintas policías municipales le han seguido la pista hasta su detención, siguiendo muy de cerca las publicaciones del fugado en su Instagram. Unos vídeos que difundía cada vez con más frecuencia, los últimos vinculados con el último gran premio de motos de Montmeló, donde se dejó ver y pavoneó sin ningún tipo de vergüenza. El joven delincuente, que cumplía una condena de once meses de prisión y tenía pendiente varios juicios por robos con fuerza y una tentativa de homicidio, aprovechó una visita al dentista en Terrassa para fugarse, en colaboración con un compinche.;Sucesos
Minuto de silencio por el asesinato de una mujer en Terrassa;https://www.lavanguardia.com/sucesos/20200119/472973257206/minuto-silencio-asesinato-mujer-terrassa-video-seo-ext.html;19/01/2020;"Terrassase ha levantado este domingo con una trágica noticia; elasesinato de una mujer a manos de su expareja. La víctima, de 29 años, se llamaba Judit y estudiaba para ser enfermera. Su ex, unMosso d’Esquadrale disparó con suarma reglamentariaen un garaje y, posteriormente,se suicidó. El alcalde de la ciudad, Jordi Ballart, presidió este mediodía unminuto de silenciopara denunciar la que es la tercera muerte por violencia machista en Catalunya este año.";Sucesos
Margallo da una cabezada en el plenario del Europarlamento;https://www.lavanguardia.com/sucesos/20200115/472915934896/margallo-pp-cabezada-eurocamara-trending-topic-conciencia-tranquila-video-seo-ext.html;15/01/2020;El exministro del Partido Popular José Manuel García Margallodando una ligeracabezadadurante el turno de palabra de un eurodiputado polaco en laEurocámara. Este momento se produjo en el plenario del Europarlamento de ayer, poco después de las cuatro de la tarde. Margallo, que se ha convertido en “trending topic” en las redes sociales gracias a estaanécdota, se ha justificado en las redes asegurando que si se durmió es porque tiene laconciencia tranquila.;Sucesos
Horror y miedo en el pueblo de Pakistán donde asesinaron a las hermanas de Terrassa;https://www.lavanguardia.com/sucesos/20220527/8298418/horror-miedo-pueblo-pakistan-asesinaron-hermanas-terrassa.html;27/05/2022;"Una atmósfera de horror y miedo envuelve aún el pueblo de Mouza Nothia en el este de Pakistán donde hace una semana unos familiares ""mataron como animales"" en un crimen de honor a dos hermanas paquistaníes residentes en Terrassa, después de que las jóvenes pidieran el divorcio de sus primos para rehacer sus vidas. La policía alegó que Muhammed Hanif, un tío materno, y Shehryar Abbas, un hermano, estrangularon y mataron a Aneesa Abbas, de 24 años, y Arooj Abbas, de 21, la semana pasada después de que las jóvenes permanecieran inflexibles y se negaran a facilitar la emigración de sus prometidos a España.";Sucesos
Cae un pedófilo que abusó y grabó a una menor de tres años en Sant Adrià de Besòs;https://www.lavanguardia.com/sucesos/20221115/8608065/cae-pedofilo-abuso-grabo-menor-tres-anos-sant-adria-besos.html;15/11/2022;La Policía Nacional detuvo la semana pasada en su domicilio de Sant Adrià de Besòs a un joven de 20 años acusado de abusar sexualmente de una menor, así como de producir y distribuir pornografía infantil. El detenido, en prisión tras su arresto, admitió los hechos y relató a los investigadores que aprovechaba los ratos que pasaba al cuidado de la menor, de tres años y vecina de su bloque, para abusar sexualmente de ella y grabar las escenas. Unas imágenes que después compartía con otros pedófilos. La investigación la arrancó Google, la compañía que de un tiempo a esta parte examina de forma aleatoria el contenido de la nube, en búsqueda precisamente de contenidos prohibidos. Google descubrió unas imágenes en las que aparecía una niña menor que era abusada sexualmente. Esas imágenes se denunciaron a la Oenegé norteamericana especializada en este tipo de delitos Centro Nacional para menores Desaparecidos y Explotados de los Estados Unidos.;Sucesos
La fiscalía sitúa a un abogado y a un notario como los líderes de la trama que se apoderó de pisos de ancianos;https://www.lavanguardia.com/sucesos/20221114/8606967/fiscalia-abogado-notario-trama-estafa-ancianos-cocoon.html;14/11/2022;Una estafa de 20 millones de euros, con 128 inmuebles arrebatados de forma fraudulenta, con 42 empresas pantalla, 17 acusados, más de 15.000 folios de investigación y siete años para desenredar una madeja complicadísima. Estos son los números de una de las mayores estafas inmobiliarias de la historia de España que está a punto de llegar a juicio y que fue perpetrada supuestamente por un grupo de abogados y notarios que estafaron a centenares de ancianos para quedarse con sus viviendas. La Fiscalía pidepenas de hasta 21 años de cárcelpara los máximos responsables del engaño . En el centro de la trama, la fiscalía en su escrito de acusación, sitúa al abogado y exmodelo Francisco Comitre y al notario suspendido de funciones, Enrique Peña. Para Comitre, la Fiscalía reclama la pena más alta: 20 años y 9 meses de cárcel, al considerarlo “el máximo responsable de la organización” y es el único al que acusa de organización criminal. Y para el notario, Enrique Peña, que tenía un despacho en la Diagonal y que estaba supuestamente conchabado con la organización a la hora de suscribir operaciones ilegales, solicita una pena de 15 años de cárcel. A todos los acusados, el fiscal les atribuye los delitos de estafa, falsedad documental y blanqueo de capitales.;Sucesos
"La ""rave"" de fin de año de Llinars sigue activa pese al aviso de desalojo de los Mossos";https://www.lavanguardia.com/sucesos/20210102/6161669/rave-llinars-covid-fin-de-ano-2020.html;02/01/2021;"La macrofiesta ilegal que empezó la pasada noche de fin de año en un polígono de Llinars del Vallès, en Barcelona, sigue activa tras más de 30 horas de duración. Según advirtieron a los asistentes los Mossos d’Esquadra la pasada noche, los agentes tienen previsto actuar policialmente en las ""próximas horas"" en la fiesta si sus participantes no abandonan el lugar por voluntad propia, según han dicho a Efe fuentes del cuerpo. Más de doscientas personas de varias nacionalidades -más de 1.000 según afirman los vecinos y los propios asistentes- participan desde ayer en esta fiesta en una nave abandonada, custodiada por efectivos de la policía local de Llinars y de los Mossos de las unidades de seguridad ciudadana, antidisturbios ARRO y tráfico.";Sucesos
Indulgencia para rescatar el arte sacro robado;https://www.lavanguardia.com/sucesos/20220503/8231950/rescate-arte-sacro.html;03/05/2022;Indulgencia para los que ayuden a localizar arte sacro robado durante años de iglesias y monasterios españoles en la segunda mitad del siglo XX. La justicia está decidida. Es el momento de que aparezcan los buenos samaritanos. “Proceda a hacer entrega de la parte que falta por recuperar del tapiz El Compendio o Apoteosis de las Artes, elaborado en 1654 por Corneille Schutz, referente al robo en la Iglesia Santo Domingo de Castrojeriz (Burgos) el 7 de noviembre de 1980”. Lo que leen es un escrito de la Audiencia Nacional (Juzgado de Instrucción Central número 4) dirigido a la Jefatura Superior de Policía de Catalunya con el objetivo de que la citada pieza, recuperada tras haber sido objeto de un robo, fuera entregada, como así ocurrió, al Arzobispado de Burgos.;Sucesos
Oleada de asaltos en los cultivos de cáñamo legal del Maresme;https://www.lavanguardia.com/sucesos/20210824/7677798/oleada-asaltos-cultivos-canamo-legal-maresme-marihuana.html;24/08/2021;Hay una planta que es idéntica a la de la marihuana, tanto el tallo como las hojas como los cogollos cuando toca el momento de recolectar. Se trata del cáñamo, que se cultiva de manera industrial para fines farmacéuticos o industriales en productos de estética o alimentación. El informeViolencia y marihuanade los Mossos d’Esquadra dedica un apartado a esas plantaciones que en los últimos dos años han proliferado al tiempo que están sufriendo una oleada de asaltos violentos. Mientras que el año pasado se cometieron 96 robos violentos en plantaciones, 14 eran legales de cáñamo industrial. ¿A qué es debido ese auge? Los analistas de la policía catalana tienen varias explicaciones para justificar tanta violencia contra unos empresarios que se han visto obligados a incrementar las medidas de protección y seguridad de sus cultivos. Una de las razones es la incultura. Tal cual. Hay delincuentes que son incapaces de distinguir entre el cáñamo y la marihuana y roban pensando que se están llevando droga.;Sucesos
El protocolo de desahucios de los Mossos no excluye a los antidisturbios;https://www.lavanguardia.com/sucesos/20221104/8593507/protocolo-desahucios-mossos-excluye-antidisturbios.html;04/11/2022;Se había convertido en uno de los buques insignia del proyecto policial de la Conselleria d’Interior que dirige Joan Ignasi Elena: el protocolo de los Mossos d’Esquadra para actuar ante un desalojo y una ocupación. El conseller lo presentó ayer en Barcelona acompañado en su primera rueda de prensa desde que vuelve a ser jefe de la policía, el comisario Eduard Sallent y de la inspectora portavoz, Montserrat Escudé. En contra del acuerdo pactado en su momento entre ERC y la CUP, los nuevos PNT (Protocolo Normalizado de Trabajo), las pautas de actuación en el argot de los Mossos, contemplan la actuación del orden público, la brigada móvil y las ARRO, cuando se consideren necesarias, como última opción en una intervención. Los protocolos presentados están firmados por el anterior jefe de la policía catalana, el comisario Josep María Estela, y cuentan con el visto bueno del responsable de la DAS, la división de evaluación de sistemas, el mayor Josep Lluís Trapero, que tiene la responsabilidad de firmar todos los PNT de los Mossos.;Sucesos
Detenido el presunto autor de un apuñalamiento mortal en l'Hospitalet;https://www.lavanguardia.com/sucesos/20220510/8255649/detenido-presunto-autor-apunalamiento-mortal-l-hospitalet.html;10/05/2022;Los Mossos d'Esquadra han detenido al presunto autor delasesinatode un hombre que fue apuñalado mortalmente el pasado domingo en plena calle en l'Hospitalet de Llobregat, según ha informado este martes la policía catalana. Tanto la víctima mortal, un hombre de 55 años, como el presunto asesino, de 25 años, eran personas sin hogar que se dedicaban a recoger chatarra. El domingo discutieron y la trifulca acabó con una herida producida por arma blanca.;Sucesos
El detenido por agredir con una piedra a dos jóvenes ya mató al vigilante de un parking;https://www.lavanguardia.com/sucesos/20221102/8590308/detenido-agredir-piedra-dos-jovenes-mato-vigilante-parking.html;02/11/2022;Decía bien una de las dos jóvenes que la madrugada del domingo pasadofueron atacadas por sorpresa por un hombre que las agredió violentamente con una piedra, por sorpresa y prácticamente sin mediar palabra. En declaraciones a betevé, una de las víctimas contaba todavía asustada y con las señales de los puntos en el rostro, que estaba segura de que si el hombre hubiera medido más sus fuerzas en el segundo golpe con una piedra de grandes dimensiones, la hubiera matado. No hubiera sido la primera vez. El incidente, que se saldó con tres heridos, las dos jóvenes y un hombre que medió para ayudarlas y también resultó lesionado de gravedad, acabó con la detención del individuo a manos de las patrullas de seguridad ciudadana de los Mossos d'Esquadra que se acercaron a la zona, en la calle Balmes, reclamadas por varios testigos de la agresión. El Tribunal Superior de Justícia de Catalunya, en un comunicado, informó el martes de que el hombre había ingresado en prisión y añadió que se encontraba en tercer grado de una condena por un homicidio doloso. Un asesinato que el detenido, Alberto Rovira Moll, de 50 años, cometió en agosto del 2008 y por el que fue condenado a 16 años de prisión por un tribunal con jurado.;Sucesos
Investigan el robo de un kilo de cocaína de una caja fuerte en una comisaría de los Mossos;https://www.lavanguardia.com/sucesos/20201123/49638391616/robo-cocaina-bunker-comisaria-mossos.html;23/11/2020;LosMossosd’Esquadra investigan elrobo de un kilogramo de cocaínade lacomisaría de Sant Feliu de Guíxols(Girona) el pasado octubre, según adelanta laCadena Ser. Ladroga, valorada en unos 40.000 euros, se encontraba en una caja fuerte bajo custodia junto con armas y dinero. Fue el jefe de la Unidad de Investigación del cuerpo policial de la comisaría el que se dio cuenta de que faltaba un paquete de droga de la caja fuerte, bajo llave, en la que se guardaba la cocaína intervenida en varios operativos, asegura la Ser. Los policías que la custodiaban revisaron el búnker después de conocerse que cuatro agentes de la comisaría de Santa Coloma de Farners (Girona) había robado presuntamente droga para revenderla.;Sucesos
Indignación por la colilla de cigarrillo que habría causado el incendio que arrasa el Cap de Creus;https://www.lavanguardia.com/sucesos/20210717/7607563/indignacion-colilla-cigarrillo-causa-incendio-llanca-cap-creus.html;17/07/2021;Una colilla de cigarrillo mal apagada es la principal hipótesis que baraja la investigación como causa delincendio que afecta actualmente a 410 hectáreasdel Parc Natural del Cap de Creus, entre los municipios de Llançà y Port de la Selva, en la provincia de Girona. Un hecho que, pese a no estar confirmado al 100%, ha causado gran indignación entre las autoridades catalanas. El incendio quema desde el viernes alimentado por una tramontana moderada que combinada con las altas temperaturas, la baja humedad y la difícil orografía están dificultando mucho su estabilización. Actualmente trabajan 95 dotaciones terrestres de Bombers de la Generalitat y 16 aéreas sobre todo en las zonas cercanas a Selva de Mar y Santa Creu.;Sucesos
Seis detenidos de una red que distribuía billetes falsos de 20 y 50 euros por internet;https://www.lavanguardia.com/sucesos/20220503/8238838/detenidos-red-distribuia-billetes-falsos-20-50-euros-internet.html;03/05/2022;Una operación conjunta de los Mossos d'Esquadra y la Policía Nacional entre Catalunya y Andalucía ha acabado con la desarticulación de un grupo criminal que falsificaba billetes de 20 y 50 euros y los distribuía por toda España a través de internet. Entre ambos cuerpos han detenido a seis personas, a las que se les acusa de delitos de falsificación de moneda y pertenencia a grupo criminal. La investigación empezó hace poco menos de un año, cuando los dos cuerpos policiales detectaron la circulación de una gran cantidad de billetes falsos de 20 y 50 euros con elementos comunes en su falsificación. Estos billetes espurios se vendían en una plataforma de internet.;Sucesos
Los Mossos investigan la muerte violenta de un hombre en su casa de Barcelona;https://www.lavanguardia.com/sucesos/20201111/49395061000/mossos-investigan-muerte-violenta-hombre-barcelona.html;11/11/2020;LosMossos d’Esquadrainvestiganlamuerteviolentade unhombrecuyocadáveraparecióanoche en sudomiciliodeBarcelona. Según ha informado hoy la Policía de la Generalitat, hacia las 22.00 horas de ayer la policía catalana recibió el aviso de que en una vivienda del distrito barcelonés de Horta-Guinardó podría hallarse el cuerpo sin vida de una persona.;Sucesos
La delincuencia aprovecha la desbandada de Semana Santa;https://www.lavanguardia.com/sucesos/20220420/8208142/delincuencia-aprovecha-desbandada-semana-santa.html;20/04/2022;A la espera de contabilizar las denuncias que se vayan presentando por la actividad delincuencial en Catalunya la última Semana Santa, queda claro que en materia criminal hemos vuelto a la normalidad que en cuestiones de robos sufríamos antes de la pandemia. Que mejor que la desbandada generalizada de la semana pasada para reactivar a una delincuencia que poco a poco vuelve a las andadas con brío. A falta de cifras oficiales y estadísticas comparando unos años con otros, lo mejor para ilustrar lo que ha pasado estos últimos días es recuperando algunos casos concretos. Durante la pandemia los trasteros particulares, así como los vehículos de los parkings públicos y privados se convirtieron en un objetivo recurrente de bandas que en su mayoría hacían hurtos en el transporte público y se readaptaron. El domingo pasado, los vecinos de un inmueble de la avenida Josep Tarradellas de l’Hospitalet de Llobregat descubrieron alarmados como aprovechando que parte de la comunidad estaba de escapada, les reventaron 23 trasteros. Forzaron las cerraduras, que no acostumbran a ser en general muy sofisticadas en estos habitáculos, y los saquearon.;Sucesos
Prisión sin fianza para el autor del crimen machista de Lloret;https://www.lavanguardia.com/sucesos/20201112/49417754459/prision-sin-fianza-autor-crimen-machista-lloret.html;12/11/2020;El juzgado número 5 de Blanes, con competencia en materia deviolencia de género, ha acordado prisión provisional, comunicada y sin fianza para Pascal de B., el hombre de 51 años y nacionalidad belgadetenido el lunescomo presuntoasesino de su mujer en Lloret de Mar. Según informa el Tribunal Superior de Justicia de Catalunya (TSJC), la jueza mantiene la causa abierta por homicidio o asesinato en función de lo que se concrete a medida que avance la investigación de los Mossos d’Esquadra de Girona. El detenido, a quien no le constan antecedentes en los juzgados de violencia entre la pareja, se ha acogido de nuevo a su derecho a no declarar, como ya realizó ante la policía.;Sucesos
En libertad los cuatro Mossos detenidos por presunto soborno, robo y revelación de secretos;https://www.lavanguardia.com/sucesos/20211015/7793583/libertad-cuatro-mossos-detenidos-presunto-soborno-robo-revelacion-secretos.html;15/10/2021;El titular del juzgado de instrucción 1 de Rubí (Barcelona) ha decretado libertad provisional para los cuatro agentes de los Mossos d'Esquadra detenidos este jueves y que han pasado a disposición judicial este viernes por lospresuntos delitos de soborno, robo con fuerza, revelación de secretos y realización arbitraria del propio derecho. Según ha informado el Tribunal Superior de Justícia de Catalunya (TSJC) en un comunicado, se requiere a los cuatro individuos que estén a disposición del juzgado cuando sean requeridos, y para uno de ellos --mosso en excedencia-- se ha acordado la libertad bajo fianza de 85.000 euros y la medida cautelar de prohibición de salida del territorio.;Sucesos
Los Bombers dan por estabilizado el incendio de Castellví de Rosanes;https://www.lavanguardia.com/sucesos/20210714/7599160/incendio-castellvi-rosanes-martorell-activo-negligencia.html;14/07/2021;El jefe de intervención de los Bomberos de la Generalitat, Ricard Expósito, ha explicado este miércoles por la tarde que dan por estabilizado el incendio, después de que haya quemado más de 220 hectáreas. En declaraciones a los medios, ha concretado que durante la tarde han controlado varios focos, sobre todo un foco en la zona noroeste del incendio, cerca del peaje de la autopista de Martorell (Barcelona). Elincendio que se declaró este martes por la tarde en Castellví de Rosanesy Martorell y ha calcinado unas 225 hectáreas, en su mayoría forestales. Hasta 67 dotaciones y 230 bomberos  han trabajado toda la noche para sofocar las llamas de un fuego que todo apunta que podría haber sido provocado por una negligencia. Se trata del incendio forestal más importante en Catalunya en lo que va de año.;Sucesos
Uno de los presuntos pistoleros del bingo de Tortosa huye a Francia;https://www.lavanguardia.com/sucesos/20220920/8536660/pistoleros-bingo-tortosa-huye-francia.html;20/09/2022;"Uno de los tres presuntos pistoleros que la madrugada del lunes asaltaron el bingo Vali Park de Tortosamatando de un tiro en la cabeza a una de sus trabajadorase hiriendo de un disparo por la espalda al único cliente, ha logrado huir a Francia, según han confirmado aLa Vanguardiafuentes oficiales al corriente de la investigación. La banda criminal había protagonizado numerosos asaltos violentos en bingos y casas de juegos y apuestas del sur de Navarra, concretamente en Tudela y otras localidades de la Ribera. Esos hechos provocaron el inicio de dos investigaciones en paralelo. Una de la Guardia Civil, que había logrado que un juez autorizara incluso la intervención de las comunicaciones de los integrantes de la organización, y otra segunda investigación de la Policía Nacional. Ambas en grupos de policía judicial en Navarra. La banda, cuyo núcleo principal estaría integrado por tres personas, dos de nacionalidad marroquí y una tercera mujer, española, pareja de uno de los dos anteriores; decidió hace dos semanas salir de Navarra por la presión policial. Sabían que los investigadores estaban cada vez más cerca. Y no se sabe muy bien por qué razón eligieron Tortosa como nuevo destino, concretamente un hotel de esa localidad del Baix Ebre donde se alojaron entregando en recepción el documento de identidad de uno de los tres. Pensaban que en Tarragona no estarían fichados por los Mossos d'Esquadra, porque no habían delinquido ni estado nunca antes en Catalunya.";Sucesos
Ya son seis los detenidos por el crimen de la mano seccionada;https://www.lavanguardia.com/sucesos/20210901/7692426/seis-detenidos-crimen-mano-seccionada.html;01/09/2021;Los Mossos d’Esquadra ya han detenido a seis personas, entre el 26 al 31 de agosto, en relación con un presunto delito de homicidio después de haber encontrado una mano seccionada en un coche en ­Tarragona. Según explicó ayer la policía catalana en un comunicado, tres de los detenidos ya han ingresado en prisión provisional, incomunicada y sin fianza, tal y como había informado el lunes el Tribunal Superior de Justícia de Catalunya (TSJC).;Sucesos
Aglomeraciones en varias playas de España;https://www.lavanguardia.com/sucesos/20200807/482699306792/playas-aglomeraciones-pontevedra-nigran-distancia-de-seguridad-coronavirus-video-seo-ext.html;07/08/2020;Elcalory el poco espacio que ha dejado la pleamar ha provocado unapreocupanteimagenen la playa de Nigrán, en Pontevedra. Aglomeraciones que se producen por lasmareas vivasy que provocan que no se tenga en cuenta ladistancia de seguridadpara evitar posibles rebrotes decoronavirus. Los bañistas no mantienen la distancia de seguridad y lassombrillasestán demasiado cerca. De momento, no se contempla parcelar la playa ni limitar el aforo, pero parece que los drones que informan a los bañistas no están teniendo mucho éxito.;Sucesos
El cuerpo de John McAfee lleva siete meses en una morgue de Barcelona;https://www.lavanguardia.com/sucesos/20220207/8039357/cuerpo-john-mcafee-lleva-siete-meses-morgue-barcelona.html;07/02/2022;Más de siete meses después de su muerte en una cárcel catalana, el cuerpo de John McAfee permanece en el congelador de una morgue de Barcelona, según adelantó el periódico MarketWatch  y ha podido confirmarLa Vanguardiade fuentes oficiales. Concretamente, los restos mortales del empresario estadounidense se encuentran en el Institut de Medicina Legal i Ciències Forenses de Catalunya, en la Ciutat de la Justicia. La demora, según fuentes judiciales, se debe a que la causa abierta tras la muerte del fundador del famoso antivirus McAfee sigue pendiente de la ejecución de todas las pruebas solicitadas. La hija y la exesposa de McAfee iniciaron una batalla legal por el cuerpo y un juez de Martorell mantiene abierta una investigación sobre la causa de la muerte, supuestamente un suicidio. El multimillonario estadounidense fue hallado muerto en su celda en la cárcel barcelonesa de Brians 2 el pasado 23 de junio. Llevaba encarcelado desde octubre del 2020 cuando fue interceptado en el aeropuerto del Prat justo antes de cruzar el filtro policial de salidas internacionales para tomar un vuelo con destino Istambul.McAfee, de 75 años, estaba a la espera de ser extraditado a Estados Unidos, país que había expedido una orden de busca y captura por un delito de estafa y evasión de impuestos.;Sucesos
Un hombre muere ahogado en una playa de Sitges;https://www.lavanguardia.com/sucesos/20200801/482623460507/muere-ahogado-playa-sitges.html;01/08/2020;Unhombrede unos 60 años ha muertoahogadoeste sábado al mediodía en laplaya de la BarradeSitges(Garraf), en la zona del Paseo Marítimo, según ha informado Protección Civil. El 112 ha recibido poco antes de la una y media del mediodía el aviso de varios testigos alertando de que un hombre se había ahogado y que lo habían sacado del agua. Efectivos del Sistema de Emergencias Médicas (SEM) han intentado reanimarle sin éxito. La playa de la Barra tenía servicio de vigilancia y bandera verde en el momento de los hechos. Con esta ya son doce las personas que han muerto ahogadas en las playas catalanas desde el inicio del verano, el 15 de junio.;Sucesos
Salen a la luz los abusos sexuales de un cura en Barcelona y Caldes d'Estrac en los 60 y 70;https://www.lavanguardia.com/sucesos/20230225/8783668/veintena-personas-denuncian-abusos-sexuales-cura-barcelona-caldes-d-estrac.html;25/02/2023;"Una veintena de personas ha denunciado los abusos sexuales continuados de un cura en Barcelona y Caldes d'Estrac (Maresme) en las décadas de los 60 y 70, según han avanzadoEl Paísy 'Catalunya Ràdio'. Por otra parte,La Vanguardiaha podido contactar con algunos exalumnos de la escuela que dirigía y han reconocido que el mosén era un pederasta que ""tuvo que huir del pueblo porqué algunos padres iban a por él"". El cura denunciado, Josep Vendrell Cortasa, falleció en el 2004 y parte de las víctimas no descartan ""que se tratase de un suicidio"" ya que se marchó de Caldetas ""con lo puesto, porqué unos padres lo estaban buscando para darle una paliza"". Sin embargo, durante años el pueblo estuvo dividido entre los partidarios ""del mossèn"" y sus detractores.";Sucesos
Asesinado de un tiro en el pecho un hombre en un bosque de Lleida;https://www.lavanguardia.com/sucesos/20220126/8012791/asesinan-tiro-pecho-hombre-bosque-lleida.html;26/01/2022;Todas las hipótesis están en estos momentos abiertas. Los Mossos no han hecho más que iniciar la investigación para esclarecer la muerte de Joan Coromina, un vecino de Oliana (Alt Urgell),  de 60 años, asesinado de un tiro en el pecho en un bosque cercano a su domicilio. La Policía de Catalunya tuvo conocimiento de los hechos tras la alerta de un vecino de la zona. Llamó a los Mossos para informar que había encontrado el cadáver de un hombre en una zona cercana a la masía del Reu, en terreno municipal de Gualter (Baronia de Rialb) cerca de Ponts.;Sucesos
Imágenes del incendio entre Llançà y Port de la Selva que afecta al Cap de Creus;https://www.lavanguardia.com/sucesos/20210717/7606814/incendio-llanca-port-selva-arrasa-parte-cap-creus.html;17/07/2021;Avisaron las autoridades que la temporada de incendios forestales para este verano en Catalunya sería intensa, rogando a actuar con la máxima precaución posible estos días en toda la geografía catalana ante la alerta por fuego. El martes pasado se declaró un primer gran incendio entreCastellví de Rosanes y Martorell, en el Baix Llobregat, quemando más de 220 hectáreas entre matorrales y zona boscosa. El segundo gran incendio de esta semana se declaró ayer por la tarde entreLlançà y Port de la Selva(Alt Empordà) y afecta al parque natural del Cap de Creus quemando por el momento unas 195 hectáreas.;Sucesos
Denuncian una brutal agresión en Terrassa;https://www.lavanguardia.com/sucesos/20210704/7576876/denuncian-brutal-agresion-homofoba-terrassa.html;04/07/2021;Un joven de Terrassa se encuentra herido después de que la pasada noche recibiera una brutal paliza. La pelea de dos grupos de jóvenes en plenas fiestas mayores ha hecho que la policía catalana abra una investigación. A primera hora de este domingo el Observatori contra l'Homofòbia denunció la agresión al considerarla un acto homofóbico, aunque fuentes de Interior han confirmado a La Vanguardia que ese no fue el motivo real de las agresiones.;Sucesos
Multa de 328.460 euros a la empresa de Cornellà donde murió un trabajador de 19 años;https://www.lavanguardia.com/sucesos/20210630/7567080/multa-cidac-cornella-muerte-trabajador-19-anos.html;30/06/2021;Inspecció de Treball de Catalunya propone una sanción de 328.460 euros a la empresa de Cornellà donde murió un trabajador de 19 años atrapado entre la máquina y el material que manipulaba. El accidente mortal ocurrió el pasado 30 de abril en la cooperativa CIDAC. La investigación constata la responsabilidad de la empresa en el accidente mortal por un incumplimiento de las normas de prevención de riesgos laborales en una infracción que considera muy grave. Inspecció de Treball ha trasladado toda la documentación a la Fiscalía.;Sucesos
"Gordillo asegura que el vídeo del Apolo ""evidencia que aquella noche no hice nada ilegal""";https://www.lavanguardia.com/sucesos/20230126/8712604/gordillo-asegura-video-apolo-evidencia-noche-hice-ilegal.html;26/01/2023;"El periodista Saül Gordillo, hasta hace poco responsable del diario Principal y ex director de Catalunya Ràdio, acudió este jueves al juzgado de instrucción 6 de Barcelona a cuyo titular aseguró que no hizo nada ilegal a una de las redactora del digital que lo denunció por una agresión sexual. Gordillo ratificó lo que ya contó ante los Mossos d'Esquadra cuando le tomaron declaración y aseguró que las imágenes de las cámaras de seguridad de la sala Apolo, escenario de los hechos que se investigan, no hacen más que avalar su versión. La denunciante, de 23 años, ratificó también su denuncia, admitió haber visto las imágenes de las cámaras de seguridad, certificó que lo que pasó y denuncia es lo que está grabado e insistió que sintió que era agredida sexualmente. Que unas mismas imágenes, que ha podido ver La Vanguardia, sean interpretadas de una manera tan dispar por la denunciante y el denunciado dan más valor a las palabras de la abogada de la periodista, Noemi Martí, que insistió a las puertas del tribunal que su clienta no había hecho más que contar ""como se había sentido aquella noche, como lo percibió y como lo vivió"".";Sucesos
Dos nuevos muertos en las playas catalanas;https://www.lavanguardia.com/sucesos/20210618/7541454/dos-nuevos-muertos-playas-catalanas.html;18/06/2021;Dos bañistas de 86 y 59 años han perdido la vida en las playas del Rec del Molí de l’Escala (Alt Empordà) y en la del Creixell (Tarragonès) este viernes. Ninguna de las dos contaba con servicio de vigilancia. Con estas son cuatro las personas que han fallecido durante este mes de junio en el litoral catalán después que el pasado 14 de junio dos bañistas perecieran en la playa del Somorrostro de Barcelona y en la de Els Pescadors de Badalona. El primero de los siniestros tuvo lugar al filo del mediodía cuando un testigo alertó al teléfono de emergencias 112 informando que un hombre estaba inconsciente en el agua. El Sistema d’Emergències Mèdiques (SEM), que desplazó  una unidad terrestre y un helicóptero, intentó reanimar a la víctima, un hombre de 86 años y de nacionalidad española, sin éxito. El Ayuntamiento de l’Escala tiene señalizada esta  playa como no vigilada.;Sucesos
Detenida en Orense una mujer que mató, descuartizó y quemó a un hombre que conoció por internet;https://www.lavanguardia.com/sucesos/20211223/7950119/detenida-mujer-confesar-psiquiara-orense-mato-descuartizo-quemo-hombre-internet.html;23/12/2021;Cuatro meses después del crimen llegó la confesión. Cristina R. V. reconoció esta semana que en el mes de agosto mató, quemó y descuartizó a un hombre de 53 años en Orense. La joven, de 26 años, fue detenida el lunes tras contar una primera versión de lo sucedido a su psiquiatra y este miércoles pidió “voluntariamente” hablar con la comitiva judicial para ofrecer todos los detalles. La relación entre ambos nació a través de web de contactos y el varón se habría desplazado el 20 de agosto desde Catalunya hasta la localidad gallega para conocerla en persona. La familia de la víctima denunció su desaparición el 27 de agosto, fecha a partir de la cual la Guardia Civil mantiene abierta una investigación.;Sucesos
Prisión provisional sin fianza para el conductor que causó el accidente en el que murió una mossa;https://www.lavanguardia.com/sucesos/20210605/7508258/prision-provisional-sin-fianza-conductor-causo-accidente-murio-mossa.html;05/06/2021;El juzgado de Instrucción número 3 de Martorell (Barcelona) en funciones de guardia ha acordado prisión provisional, comunicada y sin fianza para el conductor que causó presuntamente el accidente este viernes en Abrera (Barcelona) en el quemurió una agente de los Mossos d'Esquadra. La causa continúa abierta por supuestos delitos homicidio por imprudencia grave, omisión del deber de socorro, lesiones por imprudencia grave, conducción bajo los efectos del alcohol y las drogas y conducción sin permiso, ha informado el Tribunal Superior de Justicia de Catalunya (TSJC) este sábado en un comunicado.;Sucesos
Los Mossos descartan que la mujer que cortó el pene a su pareja antes fuera agredida sexualmente;https://www.lavanguardia.com/sucesos/20210603/7503863/mossos-descartan-mujer-corto-pene-pareja-fuera-agredida-sexualmente.html;03/06/2021;Los Mossos d'Esquadra han descartado que la mujer que cortó el pene de su pareja antes fuera agredida sexualmente, según ha avanzado la Cadena SER. Así lo concluye la investigación abierta por la policía catalana para aclarar lo sucedido la noche del martes en el interior de un bar de Sant Andreu de la Barca. La juez de instrucción 3 de Martorell ha decretado la prisión provisional sin fianza para la mujer, Tanya, de 36 años, imputada por un delito de lesiones. Los hechos ocurrieron a las dos de la madrugada del lunes al martes en el bar 'El sibarita de la barca', local en el que trabajaban la víctima y la agresora. Allí la mujer le cortó el pene a su pareja con un cuchillo de cocina de grandes dimensiones.;Sucesos
Muere el conductor de un autocar vacío al chocar con un camión en Alcover;https://www.lavanguardia.com/sucesos/20210520/7470060/accidente-alcover-autocar-muere-conductor-choque-camion.html;20/05/2021;El conductor de un autocar que circulaba sin pasajeros ha muerto este jueves al colisionar su vehículo con un camión grúa, cuyo conductor ha resultado herido menos grave, en la carretera C-14 en el término municipal de Alcover, en Tarragona, según ha informado el Servei Català de Trànsit (SCT). El accidente ha ocurrido en el punto kilométrico 25 de la C-14, a la altura de Alcover (Tarragona), y los Mossos d'Esquadra han recibido el aviso a las 14:26 horas.;Sucesos
Tras el rastro de Adrián Molina, el preso que se fugó al salir del dentista;https://www.lavanguardia.com/sucesos/20220622/8357333/rastro-adrian-molina-preso-fugo-salir-dentista.html;22/06/2022;No fue una fuga más la del preso Adrián Molina Romera, de 22 años. El 5 de abril el delincuente, que cumplía en Lledoners una condena de once meses y tenía pendiente otra de nueve años recurrida por su abogada, se fugó tras una visita al dentista en Terrassa. La huida fue grabada por las cámaras de la franquicia de un establecimiento famoso por vender postres con forma de penes y vaginas. Sin ser el más peligroso de los fugitivos, su prepotencia compartiendo vídeos en redes, en los que se mofaba de los policías y alardeaba de su impunidad, lo situó en el foco. Su pasión por las motos y el tesón del grupo de búsqueda activa de fugitivos de los Mossos d’Esquadra hicieron el resto. Desde el 8 de junio el joven permanece encarcelado de nuevo en Lledoners, tras ser detenido por los Mossos. A pesar de su corta edad, Adrián Molina tiene una corte de seguidores que lo idolatra y consideran un héroe capaz de plantar cara a la patrulla de los Mossos que aquella tarde lo acompañó al dentista desde prisión. La visita la gestionó su madre y hay sospechas de que hizo algo más que concertar la cita.;Sucesos
Detenido en Barcelona un exhibicionista y abusador de menores reincidente;https://www.lavanguardia.com/sucesos/20210512/7448042/detenido-exhibicionista-agresor-sexual-menores-barcelona.html;12/05/2021;Los Mossos d'Esquadra arrestaron este lunes a un hombre de 50 años acusado de exhibicionismo y tocamientos a menores después de realizar tocamientos a una menor en plena calle en el distrito barcelonés de Sants-Montjuïc. Acumulaba una decena de detenciones por los mismos delitos en menos de medio año y está previsto que este jueves pase a disposición judicial. Tras la detención este lunes, adelantada porElPeriódicoy confirmada porLaVanguardia,Mossos comprobó que apenas cinco días antes, el miércoles 5 de mayo, el agresor había sido arrestado por agentes de la Guardia Urbana acusado de exhibicionismo en un parque infantil, han explicado fuentes de  los Mossos a este medio.;Sucesos
Los Boixos Nois imponían su ley en la zona del Vallès;https://www.lavanguardia.com/sucesos/20211126/7889754/boixos-nois-imponian-ley-zona-valles.html;26/11/2021;Vuelcos (robos) a narcotraficantes de marihuana, tráfico de armas, mercadeo de anabolizantes, extorsiones, blanqueo de capitales, palizas por encargo y la gestión de pisos dedicados a la prostitución con el delito añadido del tráfico de personas obligadas a mantener relaciones sexuales. Y, como amalgama ideológica de esta gran factoría delincuencial, la ultra derecha representada por algunos de los herederos de los desaparecidos Casuals y ahora miembros de los Boixos Nois, los ultras del Barça. Un cóctel peligroso y violento que llevaba años operando en Catalunya, especialmente en la zona del Vallès, con el epicentro de su acción en Sabadell, donde imponían su ley. Hasta que les han vuelto a frenar. Esta vez la Policía Nacional, concretamente la Comisaría General de Información con la Brigada de Información de Catalu-nya, ha desarticulado a esta peligrosa organización criminal liderada por cinco destacados integrantes de los Boixos Nois, aunque uno de ellos, Dídac González, compartía una doble militancia con los Ángeles del Infierno, la banda motera protagonista también de operaciones policiales.;Sucesos
Detenido un hombre por matar a otro en Sant Quirze del Vallès;https://www.lavanguardia.com/sucesos/20200328/48138977814/matan-hombre-sant-quirze-valles-estado-de-alarma.html;28/03/2020;Efectivos de los Mossos han detenido hoy a un hombre en Sant Quirze de Vallès (Barcelona) por su presunta relación con la muerte de otro en esta población, según ha informado la policía catalana. Los hechos han ocurrido sobre las 14.00 horas, cuando un vecino alertó de que podía haber un hombre herido de gravedad en una calle de Sant Quirze de Vallès con signos de violencia. Cuando la patrulla de la policía autonómica ha llegado hasta el lugar de los hechos, ya se encontraban allí dos dotaciones el Sistema de Emergencias Médicas (SEM), que estaban realizando tareas de reanimación del herido, aunque no han podido hacer nada para salvarse la vida.;Sucesos
Disparan a un gato en la vía pública y lo dejan inválido;https://www.lavanguardia.com/sucesos/20201215/6119043/disparan-gato-via-publica-dejan-invalido-maltrato-animal.html;15/12/2020;Un nuevo caso de maltrato animal ha tenido lugar en Catalunya. ¿La víctima? Un gato al que alcanzaron con un balín disparado seguramente con una carabina de aire comprimido en plena vía pública. El proyectil le ha quedado inserido cerca de la columna y el animal ha quedado inválido, al menos temporalmente. Animalistas del pueblo lamentan lo sucedido y advierten de que “en lugar de un gato, se podía haber tratado de un niño”. Los hechos tuvieron lugar en Sant Vicenç de Montalt (Barcelona) el pasado miércoles 2 de diciembre por la tarde. Al volver a casa, la propietaria del animal se encontró al gato con una herida sangrante en la zona lateral izquierda del cuello. Rápidamente lo llevó al veterinario. Según reza en el informe médico, las radiografías realizadas al animal muestran “una imagen compatible con un balín de 7x5 mm cercano a la vértebra cervical C6”, por lo que existe la sospecha fundada de que el animal fue “víctima de un disparo por arma”.;Sucesos
La joven que perdió un ojo en las protestas de Hásel se querella contra los Mossos;https://www.lavanguardia.com/sucesos/20210416/6908968/joven-perdio-ojo-protestas-hasel-querella-mossos.html;16/04/2021;"La joven queperdió un ojo en las protestascontra el encarcelamiento de Pablo Hásel en Barcelona el 16 de febrero y el centro Iridia se han querellado contra el agente que presuntamente disparó el proyectil de foam. También se querellan contra el mando responsable del equipo de este agente. El conseller de Interior, Miquel Sàmper ha explicado en una entrevista radiofónica enEl matí de Catalunya Ràdio que""la querella no es ninguna sorpresa"". Sàmper ha explicado que conselleria se puso a disposición de la víctima para facilitar información sobre el expediente. ""Pusimos todos los datos en manos del juez, que es quien ha de decidir si la actuación fue correcta y si hay acciones administrativas contra la Generalitat"", ha explicado.";Sucesos
Los Mossos localizan en Terrassa a la pareja de una de las hermanas asesinadas;https://www.lavanguardia.com/sucesos/20220526/8294358/mossos-localizan-terrassa-pareja-hermanas-asesinadas.html;26/05/2022;Las dimensiones que está tomando el caso delas dos her­manas asesinadas en Pakistán, con diligencias abiertas en España por la Fiscalía de Terrassa, ha llevado a los Mossos d’Esquadra a elevar la investigación a una unidad especializada, la de homicidios de la región po­licial metropolitana norte que desde hoy mismo se encarga. Antes de traspasar a sus colegas el caso, la unidad de investi­gación de Terrassa localizó a la pareja sentimental de una de las dos hermanas, y el supermer­cado, en la misma localidad, en la que trabajaba una de ellas. Los interrogatoriosal novio y a los responsables y compañeras de trabajo de las hermanas Arooj y Anisa Abbas las concretarán los nuevos investigadores que ayer se pusieron al día de la causa. Ayer sí pasó por la comisaría de Terrassael padre de las jóvenes, Ghulam Abbas. El hombre, de 52 años, se personó a primera hora de la mañana en las dependencias policiales porque quería “aclarar” algunos detalles del viaje de sus familiares a Pakistán.;Sucesos
Los Mossos investigan la muerte de un hombre en Roses tras hallar su cuerpo en un maletero;https://www.lavanguardia.com/sucesos/20210413/6646787/mossos-muerte-hombre-maletero.html;13/04/2021;Hacía cuatro días que no sabía nada de su hermano. Le encontró sin vida y dentro del maletero de su vehículo sobre las 22.45 horas del lunes en la calle Bernat Metge de Roses, Girona. El cuerpo, que estaba envuelto en plástico y tapado con mantas, presentaba heridas compatibles con arma blanca. Agentes de la Unidad de Seguridad Ciudadana de este municipio fueron los primeros que acudieron al punto donde se encontraba el turismo, después de recibir el aviso, sobre las once de la noche de ayer.;Sucesos
Detenidos dos menores por el apuñalamiento mortal de un joven en Barcelona;https://www.lavanguardia.com/sucesos/20210412/6644296/detenidos-dos-menores-apunalamiento-mortal-joven-barcelona-gelida.html;12/04/2021;Los Mossos d'Esquadra han detenido a dos menores como supuestos autores del apuñalamiento mortal de un joven el pasado sábado en Gelida (Alt Penedès, Barcelona). Los hechos ocurrieron en un lugar cercano al río Anoia, en una zona boscosa cercana a una urbanización, donde murió un joven tras ser apuñalado.;Sucesos
Los Mossos d'Esquadra desalojan la macrofiesta ilegal de Llinars del Vallès;https://www.lavanguardia.com/sucesos/20210102/6161938/mossos-desalojan-macrofiesta-rave-llinars-valles.html;02/01/2021;Los Mossos d’Esquadra han iniciado el operativo para desalojar a los participantes de la macrofiesta ilegal de Llinars del Vallès (Barcelona), que llevaba celebrándose desde Nochevieja y cuyos asistentes y organizadores tenían intención de alargar hasta el lunes 4 de enero. Dos personas han sido detenidas como presuntas organizadoras, una holandesa de 29 años y un joven de Tarragona de 22, acusadas de desobediencia a la autoridad y pendientes de si se les atribuye desde la Fiscalia otro delito contra la salud pública. Se les ha levantado acta por una infracción muy grave, con posibilidad de sanción de hasta 600.000 euros, y pasarán a disposición judicial. Otras cinco están siendo investigadas.;Sucesos
Prisión provisional sin fianza para las acusadas de matar a bebé en Tarragona;https://www.lavanguardia.com/sucesos/20210410/6642109/prision-provisional-fianza-acusadas-matar-bebe-tarragona.html;10/04/2021;El titular del juzgado de instrucción número 6 de Tarragona ha dictado este sábado prisión provisional comunicada y sin fianza para las dos mujeres -una madre y su hija- acusadas de matar el año pasado a un bebé recién nacido en Tarragona. Los Mossos d'Esquadra informaron el pasado 8 de abril de que habían detenido a una mujer de 42 años y a su hija, de 20, acusadas de matar el pasado año al bebé recién nacido de la joven en Tarragona.;Sucesos
Doce horas inconsciente en un asalto idéntico a los de Bilbao: “No he vuelto a ser el mismo”;https://www.lavanguardia.com/sucesos/20220519/8277052/doce-horas-inconsciente-asalto-identico-bilbao-no-vuelto-ser-mismo.html;19/05/2022;Se aferra a la calva con las dos manos y hace el ademán de apretar, cerrando con fuerza los ojos para ver si así consigue poner en orden los recuerdos. Hace tres semanas que Alexis Mesa Careaga, de 49 años, le da vueltas y vueltas a la imagen difundida del hombre que el pasado 5 de mayo se entregó en una comisaría de la Ertzaintza y que desde entonces está en prisión acusado de ser el que ya se conoce como el asesino de gais en el País Vasco. Este cubano de 49 años asentado en Barcelona conoció el pasado 13 de noviembre a un colombiano al que invitó a subir a su casa tras intercambiar cuatro mensajes en la aplicación de citas Grindr, utilizada por homosexuales. Lo que vino después consta en una denuncia que presentó en los Mossos d’Esquadra de Sants y que ahora recuerda aLa Vanguardia. “La excusa fue que le invitaba a un vino”. El recién llegado enseguida pidió de beber, recuerda su víctima. “Puso música con su móvil, hizo ver que bailaba y me insistió en que yo apurara la copa”. Alexis se ausentó dos instantes, uno a la cocina y otro al baño. “Le tuve que decir que no me rellenara la copa con tanta rapidez, que era un buen vino y que merecía ser saboreado”. Ya no recuerda nada más. “Me desperté once horas después abrumado, sin entender lo que había ocurrido”. Enseguida descubrió que la caja fuerte en la que guardaba 300 euros estaba abierta y que faltaba ropa, regalos, perfumes que había comprado para sus amistades en Cuba, dos pasaportes, el documento de identidad, joyas familiares que guardaba como reliquias y las tarjetas de crédito que el ladrón no pudo utilizar porque “estaban a cero”.;Sucesos
Detenido un monitor de patinaje de Vacarisses por abusos a menores;https://www.lavanguardia.com/sucesos/20200215/473564420318/detenido-monitor-patinaje-vacarisses-abusos-menores.html;15/02/2020;Los Mossos d’Esquadra han detenido a unmonitorde unclubdepatinajedeVacarisses(Barcelona) por presuntosabusos sexuales a menores. El hombre fue detenido el viernes por agentes del área de investigación de Terrasa (Barcelona), pero el juez ha decretado su libertad provisional con la prohibición de entrar en Vacarisses Al monitor se le investiga como presunto autor de abusos sexuales a menores, varios alumnos que patinaban en el club y tras pasar a disposición judicial este sábado, el juzgado le ha prohibido comunicarse “por cualquier medio” con los alumnos del club deportivo donde trabajaba, según ha explicado el Tribunal Superior de Justícia de Catalunya (TSJC) en un comunicado.;Sucesos
Un vecino de Mataró detenido con una maleta de droga en la frontera;https://www.lavanguardia.com/sucesos/20210316/6423236/vecino-mataro-detenido-maleta-droga-frontera.html;16/03/2021;La Guardia Civil ha detenido a una persona y ha descubierto un alijo de casi 13 kilos de marihuana en La Jonquera oculto en dos maletas que viajaban en autobuses de línea regular con destino a Génova y París, según informa la Benemérita. Las dos actuaciones se llevaron a cabo los pasados 7 y 8 marzo, la primera después de que los agentes interceptasen en la autopista AP-7 a uno de esos vehículos con matricula española que se desplazaba a la capital francesa.;Sucesos
Pelea con pistola y navajas en la zona alta de Barcelona;https://www.lavanguardia.com/sucesos/20211009/7779513/pelea-pistola-navajas-centro-barcelona.html;09/10/2021;Los Mossos d'Esquadra trabajan para aclarar un violento incidente ocurrido la madrugada del viernes en la parte alta de Barcelona, concretamente en la calle Tuset, la primera noche en la que los locales de ocio estaban abiertos. Según el aviso que recibido por el teléfono de emergencias 112, alrededor de las cinco y media, justamente la hora de cierre de bares y discotecas de la zona, varias personas iniciaron una violenta pelea. Gracias a un vídeo que se ha hecho viral en las redes sociales, se puede ver dos grupos de jóvenes peleando en plena calle propinándose golpes, patadas y tirándose botellas. Lo más llamativo es que también se pueden ver armas blancas e incluso una pistola.;Sucesos
¿Dónde está Levi Davis, desaparecido hace semanas en Barcelona?;https://www.lavanguardia.com/sucesos/20221127/8620916/donde-esta-levi-davis.html;27/11/2022;¿Puede un hombre desaparecer sin dejar rastro? La respuesta es afirmativa y el protagonista Levi Simeon Davis, de 24 años, hasta hace poco jugador de rugby profesional en el Reino Unido y cuya pista se perdió al salir del Hard Rock Café de la plaza Catalunya de Barcelona el pasado 29 de octubre, sobre las once de la noche. La unidad de investigación de los Mossos d’Esquadra de la comisaría de Ciutat Vella trabajan contrarreloj para dar con el paradero del joven. Un juez de Barcelona firmó hace unos días la solicitud a las compañías telefónicas para conocer el posicionamiento del móvil del desaparecido y las llamadas entrantes y salientes que quedaron registradas en su terminal. Unos datos que los mossos esperan recibir la semana que viene para activar una investigación que se antoja especialmente complicada. Por el momento ya han tomado declaración a la madre, Julie Davis, con quien el jugador de rugby vivía en Shirley, una localidad de las afueras de su Birmingham natal. La mujer estuvo la semana pasada en Barcelona para prestar declaración y colaborar con los investigadores.;Sucesos
Rosa Peral maniobra para no indemnizar a los familiares de la víctima;https://www.lavanguardia.com/sucesos/20220504/8240913/rosa-peral-maniobra-no-indemnizar-victima.html;04/05/2022;Rosa Peral, agente de la Guardia Urbana de Barcelonacondenada por asesinar a su novio Pedro Rodríguezjunto a su amante Albert López, ha maniobrado para evitar indemnizar a la familia de la víctima. La Audiencia de Barcelona la condenó a 25 años de cárcel y al pago de 885.000 euros a los familiares del fallecido en concepto de responsabilidad civil. El pago debe realizarse de forma solidaria junto al otro condenado, lo que implica que donde no llega uno lo debe pagar el otro. Con la sentencia firme, todo el patrimonio de Peral y López debe ser embargado hasta saldar la deuda. Sin embargo, en junio del año pasado, cuando dos tribunales distintos ya habían dictado la máxima pena y la cuantía de la indemnización, Peral donó a su padre el 50% de la vivienda que poseía. Se trata de la casa de Vilanova i la Geltrú donde se cometió el crimen. Los familiares del fallecido han pedido explicaciones al tribunal sentenciador al entender que Peral pretende declararse insolvente para no hacer frente a la indemnización. Peral argumenta que donó esa parte a su progenitor para que pudiese sufragar los costes de sus abogadas.;Sucesos
Un hombre rocía a cinco mujeres con un espray de pimienta en la manifestación del 8M en Barcelona;https://www.lavanguardia.com/sucesos/20210309/6266208/hombre-rocia-cinco-mujeres-espray-pimienta-manifestacion-8m-barcelona.html;09/03/2021;Un hombre está siendo investigado por haber rociado a cinco mujeres con un espray de pimienta al final de laconcentración  del 8Mde este lunes por la noche en Barcelona, según ha confirmado el Ayuntamiento de la capital catalana a ACN. La misma fuente indica que los hechos han tenido lugar hacia las ocho de la noche a la confluencia del passeig de Gràcia con la avenida Diagonal, en uno de los espacios habilitados no mixtos. Un hombre ha entrado, algunas de las personas concentradas le han pedido que se marchara hasta tres veces y ha sido entonces cuando el presunto agresor ha sacado el espray y las ha rociado. Una testigo ha corroborado en Betevé este relato de los hechos.;Sucesos
Tras el rastro del ADN del presunto violador de Igualada;https://www.lavanguardia.com/sucesos/20220423/8216598/rastro-adn-violador-igualada.html;23/04/2022;A medida que transcurren las horas desde que la madrugada del pasado jueves detuvieron al presunto autor de la brutal agresión sexual que sufrió una menor a la salida de una discoteca de Igualada, se comprende mejor la certeza con la que los investigadores de la Unidad Central de Agresiones Sexuales (UCAS) trasladaron a sus superiores que el individuo arrestado era el que habían buscado los últimos cinco meses. Cuando cruzaron la puerta del segundo tercera del número 13 de la calle Sant Sebastià de la capital de la Anoia tenían indicios contra el sospechoso, pero no pruebas. En ello siguen contrarreloj los investigadores y la policía científica en sus laboratorios. Las más de siete horas que duró el registro del piso dieron sus frutos. Los mossos localizaron las prendas de ropa que el joven boliviano, de 21 años y con antecedentes policiales por agresión sexual y maltratos machistas, llevaba la madrugada que presuntamente asaltó a una menor de 16 años, a la que abandonó inconsciente creyendo que estaba muerta. Desde ayer, los científicos de la policía trabajan a conciencia en los laboratorios centrales del complejo policial de Egara para identificar el ADN de la víctima en esas piezas de ropa, pese a los lavados que han podido tener.;Sucesos
El Supremo confirma las penas por el crimen de la Guardia Urbana: 25 años para Rosa Peral y 20 para Albert López;https://www.lavanguardia.com/sucesos/20210920/7733391/supremo-crimen-guardia-urbana-rosa-peral-albert-lopez.html;20/09/2021;"El crimen de la Guardia Urbana no escribirá más capítulos. El Tribunal Supremo ha dado por zanjado el procedimiento y ha ratificado la condena por asesinato con alevosía a los agentes de la Guardia Urbana, Rosa Peral y Albert López, por la muerte de Pedro Rodríguez, también urbano, cuyo cuerpo apareció calcinado en una pista forestal en de mayo de 2017 en el pantano de Foix. La sala impone una pena de 25 años a Peral y de 20 años a López. La sentencia es firme y no se puede recurrir. La sala que preside Manuel Marchena, cuya ponente ha sido la magistrada Ana Ferrer, llega a la misma conclusión que la Audiencia Provincial de Barcelona y elTribunal Superior de Catalunyay considera probado que “los dos agentes trazaron un plan para matar a la víctima, que era la pareja sentimental de la mujer, y que consistía en esperar a que estuviera dormido o descansando”. Después, subraya el tribunal, “utilizaron el móvil de la víctima fingiendo que seguía con vida y ""lo llevaron a las inmediaciones del domicilio del exmarido de Rosa, con quien mantenía una relación conflictiva, con el propósito de involucrarle"".";Sucesos
Una anciana fallece en un incendio en Olesa de Montserrat;https://www.lavanguardia.com/sucesos/20210912/7715438/anciana-fallece-incendio-olesa-montserrat.html;12/09/2021;Una mujer de 71 años de edad ha fallecido y otras 18 personas han resultado heridas, de ellas tres en estado crítico y otra grave, en un incendio ocurrido anoche en un piso del barrio de Sant Bernat de Olesa de Montserrat (Barcelona), que obligó a evacuar a todos los vecinos del edificio. Según han informado el Ayuntamiento de Olesa y los Bombers de la Generalitat, el incendio se inició por causas que se investigan sobre las 21:52 horas de anoche en el piso primero cuarta del bloque situado en el número 22 de la calle Jaume Duran, donde las llamas y el humo se propagaron por la fachada y la escalera, lo que obligó a evacuar todos los vecinos, trece de los cuales han tenido que ser realojados para pasar la noche.;Sucesos
Tres jóvenes mueren asesinados en las últimas 24 horas en España;https://www.lavanguardia.com/sucesos/20221101/8589921/tres-jovenes-mueren-asesinados-ultimas-24-horas-espana.html;01/11/2022;Tres jóvenes han muerto de forma violenta en las últimas 24 horas en España: uno tiroteado en Málaga y dos apuñalados en Salou (en la provincia de Tarragona) y en la localidad sevillana de Palomares del Río, respectivamente. A estos crímenes se añade una larga lista de sucesos registrados en la noche de Halloween, con dos apuñalados en zonas de ocio de Sevilla y Granada, otro en Seseña (en la provincia Toledo) y la detención de 18 menores por agredir a varias personas que se encontraban en el recinto de la Feria de Abril de Sevilla, a donde accedieron vestidos de negro y con los rostros tapados.;Sucesos
Interior bloquea varios proyectos de la Guardia Urbana de Barcelona;https://www.lavanguardia.com/sucesos/20221030/8587615/interior-bloquea-proyectos-guardia-urbana-barcelona.html;30/10/2022;"No pasaron desapercibidas las palabras del teniente de alcalde de Seguridad del Ayuntamiento de Barcelona, Albert Batlle, el miércoles durante la celebración de la Diada de la Guardia Urbana. Pese a la ausencia en el acto de representantes de la Conselleria de Interior, Batlle exigió, subiendo el tono de voz, que el departamento de Joan Ignasi Elena desbloquee los proyectos paralizados hace meses a la espera de las firmas del director de la policía catalana, Pere Ferrer. Son varios los programas y el propio concejal socialista los enumeró durante su intervención: la incorporación de la Guardia Urbana al Sistema Automático de Identificación Dactilar (SAID); la firma del protocolo para que la policía municipal recoja denuncias en sus comisarías; otro más concreto sobre las relacionadas con la violencia machista y la elección de un espacio para trasladar la actual sala de coordinación policial de Barcelona.";Sucesos
Dos detenidos después que 60 jóvenes rodearan y agredieran a Mossos en Pallejà;https://www.lavanguardia.com/sucesos/20210117/6184199/mossos-agresion-palleja-detenidos-menores.html;17/01/2021;Los Mossos d'Esquadra han detenido a dos menores que presuntamente participaron anoche, junto a un grupo de unos 60 jóvenes, en una agresión a los agentes de un coche patrulla de la policía catalana en Pallejà (Barcelona). Según han confirmado a Efe fuentes de los Mossos d'Esquadra, los dos menores han sido detenidos acusados de desordenes públicos y atentado a agentes de la autoridad, ya que, según la policía, fueron los principales protagonistas de los incidentes.;Sucesos
Libertad vigilada para los autores de la agresión en grupo a un menor en Sants;https://www.lavanguardia.com/sucesos/20210107/6171428/juez-impone-libertad-vigilada-alejamiento-victima-agresores-menor.html;07/01/2021;Un juez de menores ha acordado imponer la libertad vigilada y la prohibición de acercarse a la víctima a los cuatro menores investigados por unaagresión en grupo a un menor en el barrio de Santsde Barcelona. Tres de ellos fueron detenidos por lesiones y robo con intimidación, ya que también le sustrajeron el móvil y una cadena. Otro menor ha sido detenido esta mañana y pasará a disposición judicial en las próximas horas, según han anunciado los Mossos d'Esquadra. La investigación continua abierta y no se descartan nuevas detenciones.;Sucesos
Bombers da por controlado el incendio en la Conca de Barberà;https://www.lavanguardia.com/sucesos/20210726/7624575/incendio-conca-barbera-80-perimetrado.html;26/07/2021;Los Bombers acaban de dar por controlado el incendio quedesde el sábado por la tarde arde en la Conca de Barberà(Tarragona) y l'Anoia y que ya ha arrasado cerca de 1.700 hectáreas. Los equipos de emergencia se ha adelantado unas pocas horas a las previsiones de estabilización que se habían fijado para esta tarde. La citada fase de la extinción ya se ha alcanzado. Tras una jornada pesimista, en el que por el momento es el incendio más grave en Catalunya de este verano, y después de trabajar durante toda la noche, los cuerpos de emergencia ya se mostraban optimistas esta mañana empujados por la meteorología, ya que la lluvia ha hecho acto de presencia en la zona.;Sucesos
Los Mossos dan por desmantelada la mafia albanesa de la marihuana;https://www.lavanguardia.com/sucesos/20210725/7623724/mossos-desmantelan-mafia-albanesa-marihuana.html;25/07/2021;Los Mossos d’Esquadra dan por desmantelada la mafia albanesa de la marihuana, tal y como han anunciado en un comunicado. En tan solo 48 horas, los mossos llevaron a cabo tres operaciones que han dado la estocada final a este grupo que había instalado varias plantaciones a lo largo de Catalunya. La unidad de investigación de la comisaría de Reus arrestó entre el miércoles y el jueves a seis hombres entre 19 y 58 años, todos de nacionalidad albanesa excepto uno de nacionalidad española, por un delito contra la salud pública, por las plantaciones levantadas en el Baix Camp y en el Priorat. A las seis de la mañana del jueves un gran dispositivo policial, con el Grupo Especial de Intervención (GEI), el helicóptero, la unidad de Policía de Montaña y la unidad Canina, irrumpió en una zona de dificil acceso situada a los pies de la sierra del Montsant, en el término municipal de Ulldemolins, donde hallaron una macroplantación. Los agentes intervinieron 3.175 plantas de cannabis, 2.080 esquejes y 10.900 gramos de cogollos.Una hora más tarde pudieron arrestar a cuatro miembros de la organización que explotaba la plantación que habían logrado huir campo a través. Los Mossos tuvieron que utilizar el helicóptero para llevarse las plantas de marihuana que estaban en una zona de dificil acceso. Solicitarán además un informe pericial a los responsables del parque Natural del Montsant por si de la actuación de los arrestados podría desprenderse indicios por un delito contra el medio ambiente.;Sucesos
Un clan forzaba el exilio de sus vecinos para plantar marihuana en sus pisos;https://www.lavanguardia.com/sucesos/20210724/7622037/clan-forzaba-exilio-vecinos-plantar-marihuana-pisos-badalona.html;24/07/2021;Un clan familiar asentado en el barrio de Sant Roc de Badalona impuso la ley del terror entre sus vecinos. Amenazaban e intimidaban a los habitantes de un barrio históricamente golpeado por la difícil convivencia con algunos clanes del barrio. Los Mossos d’Esquadra detuvieron la semana pasada a quince personas pertenecientes a un clan familiar que extorsionaba a los vecinos y los expulsaba de sus viviendas con el objetivo de instalar plantaciones de marihuana en los inmuebles. La investigación se inició a finales del año pasado y culminó el 20 de julio con la desarticulación de este grupo y la localización de nueve cultivos interiores. A pesar de que la organización estaba asentada en Sant Roc también contaba con ramificaciones en Nou Barris y en Piera.;Sucesos
Paliza a una farmacéutica en Barcelona tras el atraco del establecimiento;https://www.lavanguardia.com/sucesos/20201215/6123613/paliza-empleada-farmacia-barcelona-poble-sec.html;15/12/2020;Una farmacia del Poble Sec, en Barcelona, se está recuperando todavía del susto después de que ayer les atracaran de forma violenta. No es la primera vez que algo así sucedía, por eso decidieron que todas las tardes cerrarían la puerta y solo abrirían si era una urgencia o si el solicitante venía con buenas intenciones. Eso pensó del atracador la mujer de la limpieza, que acabó abriéndole la puerta, pero se equivocaba. En cuanto el hombre entró, se unieron a él otras tres personas, que fueron directos a la caja registradora. La empleada que la vigilaba se llevó una tremenda paliza, puñetazos y palos incluidos. También la amenazaron con clavarle un cuchillo directamente en el abdomen.;Sucesos
Una mujer muere en el incendio de su casa en Sant Joan de Vilatorrada;https://www.lavanguardia.com/sucesos/20201214/6119741/mujer-muere-incendio-casa-sant-joan-vilatorrada.html;14/12/2020;Una mujer de edad avanzada ha fallecido y otras tres personas, entre ellas una menor, han resultado heridas, aunque ninguna grave, en el incendio de su casa en Sant Joan de Vilatorrada (Barcelona). Según han informado los Bomberos, el incendio se ha originado, por motivos que se investigan, a las 11.18 horas de la mañana en la casa, de dos plantas, situada en la calle del Carme de Sant Joan de Vilatorrada, donde ha afectado a unos diez metros cuadrados del primer piso.;Sucesos
La Guardia Civil localiza el cadáver de un varón de 77 años en aguas del Port Olímpic de Barcelona;https://www.lavanguardia.com/sucesos/20201203/49859026787/varon-hombre-cadaver-port-olimpic-barcelona-guardia-civil.html;03/12/2020;El Servicio Marítimo de laGuardia Civilha localizado elcadáver de un varónde 77 años enaguas del Port Olímpicde Barcelona. El cuerpo, según informa el instituto armado se encontraba cerca de la bocana de este punto de amarres. Por el momento,no han trascendido las razonesdel suceso. El avistamiento del cuerpo se produjo en torno a las 14.00 horas cuando un testigo comunicó que había observado la presencia de un cadáver enganchado en una rocas situadas en la barcelonesa playa del Somorrostro.;Sucesos
Desmantelan una banda que traficaba con animales exóticos en Barcelona;https://www.lavanguardia.com/sucesos/20201202/49847475485/banda-organizada-trafico-animales-exoticos-barcelona-video-seo-ext.html;02/12/2020;LaGuardia Civilha detenido a tres personas que pertenecían a unaorganización criminalque se dedicaba altráfico de especies protegidasen una finca deSant Vicenç de Montalt. La organización traficaba contortugas, cocodrilos, serpientes, camaleones y especies invasoras. La organización tenía instalaciones apropiadas para tener a estos animales con temperaturas adecuadas y dotada de diferentes terrarios, focos de luz y ungran congelador con pollosdentro para alimentar a las especies exóticas. El objetivo de esta red eraimportar especies exóticas a España y venderlos a particulares.;Sucesos
Denuncian a una familia que burló el confinamiento y acabó atrapada por la nieve;https://www.lavanguardia.com/sucesos/20201130/49819520837/denuncian-familia-burlo-confinamiento-acabo-atrapada-nieve.html;30/11/2020;LosMossos d’Esquadrahan denunciado a los tres adultos de una familia que el pasado sábado se saltó el confinamiento municipal, con otros dos menores a bordo, y tuvieron que ser rescatados por los Bomberos tras quedar su coche atrapado por la nieve en una carretera en elColl de Pal. Según han informado este lunes los Bomberos y los Mossos, los hechos ocurrieron el pasado sábado, cuando hacia las 10.30 horas de la mañana los equipos de emergencia recibieron el aviso de que un vehículo con cinco personas a bordo había quedado atrapado por la nieve en el kilómetro 21 de la BV-4024, en el Coll de Pal, cerca de Bagà (Barcelona).;Sucesos
Juicio a una joven por manipular a un amigo para que matara a su padre;https://www.lavanguardia.com/sucesos/20220922/8538881/juicio-joven-manipular-amigo-matara-padre.html;22/09/2022;Ismael Molina, de 20 años, mató a su padre de varias cuchilladas aprovechando que este dormía y luego prendió fuego al domicilio para enmascarar las pruebas. Ocurrió el 8 de junio del 2019 en Vilanova i la Geltrú. Él mismo confesó el crimen al cabo de pocas horas, pero la investigación arrojó que en rea­lidad Ismael no era consciente de lo que hacía. Él era solo un títere en manos de su amiga Alba, que lo había manipulado y le había lavado el cerebro de tal manera que lo incitó a cometer el crimen para robarle el dinero al padre del joven. Esta es la tesis que sos­tiene la Fiscalía en el juicio que empieza el próximo martes por un macabro caso, inédito en la historia criminal de Catalunya: un crimen por inducción en el que se comete un asesinato a través de una persona a la que han manipulado mentalmente.;Sucesos
Muere una mujer al incendiarse un edificio en Castellví de la Marca;https://www.lavanguardia.com/sucesos/20201127/49743249040/muere-mujer-incendio-castellvi-de-la-marca.html;27/11/2020;Una mujer ha muerto y otras cinco personas han resultado heridas leves en el incendio de un bloque de pisos enCastellví de la Marca(Barcelona), donde un vecino ha tenido que ser rescatado en autoescalera de la azotea, donde se había refugiado de las llamas. Según han informado los Bomberos de la Generalitat, el incendio se ha iniciado por motivos que se investigan poco después de las 12.00 horas en un piso de la tercera planta del número 12 de la calle Quatre Cantons de Castellví de la Marca, un bloque con planta baja y tres pisos de altura, con cuatro viviendas por rellano.;Sucesos
El pistolero de Canovelles intentó matar a otro tirador, pero su arma falló;https://www.lavanguardia.com/sucesos/20230428/8928214/pistolero-canovelles-intento-matar-tirador-arma-fallo.html;28/04/2023;El pistolero de Canovelles, Roger López,que el pasado 9 de abril asesinó al responsable de un club de tiro, también disparó contra otro usuario del mismo centro, pero la pistola no funcionó. Así consta en el sumario judicial al que ha tenido accesoLa Vanguardia. Iván A. había estado disparando en una cabina de tiro cercana a la del asesino. Acabó antes y se marchó al bar. Cuando ya había pedido una cerveza, se percató de que había olvidado las gafas en la galería de tiro. Al volver, se encontró al responsable del club, Jordi A., desangrándose en el suelo tras haber recibido cinco disparos. Frente a él estaba Roger López, exmilitar, empuñando un revólver que había tomado prestado del club. “Me han matado, me han disparado”, pudo balbucear la víctima antes de morir. Iván fue tras el asesino hasta que este se dio media vuelta. Iván resbaló. Desde el suelo vio como el joven le apuntó con una pistola, apretó el gatillo, pero la bala no salió. El hombre huyó corriendo y se refugió en el baño. En un primer momento, los investigadores pensaron que el arma no tenía munición, perocuando Roger López fue detenido en Murcia le fue intervenida una pistola Daewo de 9 milímetros que tenía una bala en la recámara con lo que la opción más probable es que, por fortuna, el arma se encasquilló. Un juzgado de Granollers que esta semana ratificó la prisión provisional para el detenido le imputa un delito de asesinato, cinco secuestros y también un intento de asesinato, como avanzó ayer el diarioEl País.;Sucesos
Mossos y Policía Nacional desmantelan un grupo especializado en robar empresas y domicilios;https://www.lavanguardia.com/sucesos/20220913/8521404/mossos-policia-nacional-desmantelan-grupo-especializado-robar-empresas-domicilios.html;13/09/2022;Mosso d’Escuadra de División de Investigación Criminal (DIC) de las regiones metropolitana sur y central, conjuntamente con la Brigada Local de Policía Judicial de la Policía Nacional de Sant Adrià del Besòs, desarticularon un grupo criminal dedicado a los delitos contra el patrimonio, tanto en domicilios como en empresas. Durante la investigación se han podido detener a tres hombres por su pertenencia a grupo criminal, presuntamente autores de varios robos con fuerza en empresas y domicilios. La investigación se inició en marzo de este año cuando, por un lado, agentes de la Policía Nacional detuvieron a una persona, lo que permitió conocer cuatro robos con fuerza en empresas y, por otra parte, los Mossos d'Esquadra identificaron a una serie de personas como presuntos autores de varios robos con fuerza.;Sucesos
Preocupación en Interior por la mortalidad de motoristas;https://www.lavanguardia.com/sucesos/20210614/7527042/mortalidad-motoristas-accidentes-cataluna-datos.html;14/06/2021;Cinco personas han fallecido este fin de semana en las carreteras catalanas. Otras dos han quedado heridas de gravedad y siete más, leves. Tres de los cinco muertos eran motoristas. Las trágicas cifras han convertido el fin de semana en uno de los más luctuosos de los últimos meses y ha encendido todas las alarmas. La primera en el Departament d’Interior, donde su titular, Joan Ignasi Elena, lamentaba las cifras y confirmaba por redes sociales que estas “nos sitúan de nuevo en niveles del 2019” en cuanto a víctimas de accidentes de tráfico. Y es que con las de ayer, ya son 54 las personas que han muerto en lo que va de año en accidentes de tráfico en la red viaria interurbana de Catalunya. De estas, una veintena eran motoristas, uno de los colectivos vulnerables, que representa el 34% del total de muertes y que en estos primeros seis meses de año ha duplicado el número de víctimas en comparación con el mismo periodo del año pasado.;Sucesos
Cae en Tarragona una banda que traficaba con armas para atracadores;https://www.lavanguardia.com/sucesos/20200601/481540851585/banda-trafico-armas-catalunya-tarragona-guardia-civil-mossos.html;01/06/2020;La última investigación policial de los Mossos d’Esquadra y la Guardia Civil en Tarragona con ramificaciones en Andalucía evidencialas cifras que mueve el crimen organizado, en esta ocasión vinculado con eltráfico de armas y de drogas. También ha puesto de relieve que algunos delincuentes con intenso historial regresan a la primera línea pese a la acumulación de condenas. La organización desarticulada por elservicio de informaciónde la Guardia Civil y el área de investigación criminal de los Mossos d’Esquadra de Tarragona estaba presuntamente liderada porDavid Barba, aliasChucho, un histórico delincuente de l’Hospitalet y afincado en Sitges que en los años noventa actuaba en Barcelona y queprotagonizó junto a sus compinchesinnumerables crónicas tras ser arrestado en una operación cuando trataban de introducir en Barcelona a través del un contenedor del puerto un importantísimo cargamento de cocaína.;Sucesos
Golpe policial a la trata de mujeres chinas gracias a la denuncia de un compatriota asiático;https://www.lavanguardia.com/sucesos/20220118/7994674/golpe-policial-trata-mujeres-chinas-gracias-denuncia-compatriota-asiatico.html;18/01/2022;Una denuncia anónima ante la Policía Nacional de un ciudadano chino fue el origen de la desarticulación de una organización criminal dedicada a la explotación sexual y el favorecimiento de la inmigración irregular de ciudadanos de su misma nacionalidad asentados en España. El golpe policial se ha saldado con 63 detenidos —aunque de momento solo dos han ingresado en prisión provisional— en Zaragoza, Bilbao y Madrid. En la cúspide del entramado criminal perfectamente jerarquizado se encontraba una ciudadana china que ya había sido detenida años atrás por los mismos motivos en Catalunya. Desde lo más alto de la pirámide la organización se dividía en dos ramas que estaban diferenciadas pero coordinadas entre sí, pues bien a todos les unían actividades ilícitas pasadas.;Sucesos
Dos detenidos por robar en tiendas de móviles simulando llevar una pistola;https://www.lavanguardia.com/sucesos/20201025/4939708/dos-detenidos-robar-tiendas-moviles-simulando-llevar-pistola-barcelona-tarragona-video-seo-ext.html;25/10/2020;Dos hombresde nacionalidad rumana han sidodetenidospor presuntamenterobar en cinco tiendas de móvilesde Catalunya en quince días. Los arrestados habrían realizado los atracossimulando llevar una pistolaen el bolsillo para intimidar a los dependientes de los comercios. Según han informado los Mossos d’Esquadra, la cadena de robos se inició a principios de octubre en una tienda deSant Boi de Llobregat(Barcelona), de la que se llevaron varios teléfonos.En los días siguientes, los detenidos repitieron en otro establecimiento de Sant Boi, además de tiendas enCastelldefels y la Llagosta-también en la provincia de Barcelona- y una enTorredembarra(Tarragona).;Sucesos
Las policías baten el récord de detenidos en julio en Barcelona;https://www.lavanguardia.com/sucesos/20220827/8486426/policias-baten-record-detenidos-julio-barcelona.html;27/08/2022;Los más agoreros, entre los que se puede incluir a la periodista que firma estas líneas, pronosticamos que el verano sería especialmente complejo en materia de seguridad en la ciudad de Barcelona. Y no ha sido así. Es más, las estadísticas de julio constatan que el conjunto de las fuerzas policiales que trabajan en la capital, con la ayuda inestimable y cada vez más importante de la seguridad privada, han contenido las cifras e incluso han logrado descensos muy significativos si se comparan con julio del 2019 en delitos como los hurtos o los robos con violencia en la vía pública. Los buenos resultados, sin perder de vista que se comparan con un 2019 que está considerado como uno de los años más terribles en materia de inseguridad en Barcelona, son el resultado, asegura la comisaría responsable de los Mossos d’Esquadra en la capital, Marta Fernández, de un “trabajo planificado que ya se puede llamar como el método de Barcelona, porque estamos hablando de un escenario muy particular, con problemáticas muy características que nos ha obligado a reinventarnos. Pero nada es casual”.;Sucesos
"La víctima de una agresión homófoba en Barcelona: ""Nunca pensé que me pegarían por ser gay""";https://www.lavanguardia.com/sucesos/20210531/7495206/joven-victima-agresion-homofoba-multiple-barcelona-nunca-pense-esto-podia-pasar-hecho-gay.html;31/05/2021;"Un hombre joven ha sido operado este domingo en Barcelona tras quedar herido anoche por una agresión homófoba múltiple en la playa, en la que otros tres hombres quedaron contusionados. ""De repente llegó un grupo de cinco chicos cuando empezaron con insultos, empezaron a escupirnos y luego pues, como ya sabemos todos, pues a pegarnos…"" relataba uno de los agredidos en una entrevista la mañana de este lunes en 'el matí de Catalunya Radio'.";Sucesos
La esposa de Mainat le denunció dos veces por coacciones y lesiones tras el intento de asesinato;https://www.lavanguardia.com/sucesos/20201005/483868456792/mainat-dobrowolski-denuncias-coacciones-lesiones.html;05/10/2020;La esposadel productor de televisiónJosep Maria Mainat, Angela Dobrowolski, ha presentadodos denunciascontra Mainat, por presuntascoacciones y lesiones, ambas después de que el productor sufriera un supuestointento de asesinato, del que la mujer es sospechosa. Las dos causas están abiertas, en fase de investigación y en manos de un juzgado de Barcelona especializado en violencia sobre la mujer, ha informado el Tribunal Superior de Justicia de Catalunya (TSJC).;Sucesos
Al menos 22 personas mueren en un accidente de un avión militar en Ucrania;https://www.lavanguardia.com/sucesos/20200926/483672263242/accidente-avion-militar-ucrania.html;26/09/2020;Al menos 22 personasfallecieronen unaccidentede unaviónmilitarenUcraniatras estrellarse un Antonov An-26 cerca del aeropuerto militar de la ciudad de Chugúyev, en la región de Járkov, en el noreste del país. Según informó hoy la Presidencia ucraniana en un comunicado, en el accidente, que se produjo el viernes por la noche durante una maniobra de aterrizaje, resultaron además heridas dos personas.;Sucesos
Una quincena de contenedores y dos coches quemados en la Diada;https://www.lavanguardia.com/sucesos/20200912/483434190435/diada-cataluna-contenedores-coches-quemados-detenidos.html;12/09/2020;Doscochesy una quincena decontenedoresse han quemado durante la noche y madrugada pasada enCatalunya, coincidiendo con laDiada, según han informado los Bomberos de la Generalitat. Las incidencias se han concentrado a lo largo de 10 horas –entre las 21:13 horas y las 05:58 horas– en varias poblaciones como Barcelona, Sant Adrià de Besòs, Campdevànol, Sabadell, Tortosa, L’Escala, Sant Cugat del Vallès, Reus y Tarragona. Sin heridos, en la práctica totalidad de los casos ha sido suficiente la presencia de una dotación de Bomberos para apagar los contenedores de basura. El par de vehículos calcinados –de forma intencionada– fueron en Palafrugell (Girona) y L’Hospitalet de l’Infant (Baix Camp).;Sucesos
El pistolero de Tarragona tenía licencia para seis armas;https://www.lavanguardia.com/sucesos/20211216/7932668/pistolero-tarragona-tenia-licencia-seis-armas.html;16/12/2021;Marin Eugen Sabau, el vigilante de seguridad privada que el martes quiso vengarse a tiros de los responsables de la empresa Securitas Seguridad en Tarragona que le habían despedido, permanecía ayer ingresado en la uci del hospital de Bellvitge. Su estado había empeorado a crítico, mientras que los cuatro heridos de bala que dejó en su camino empujado por la ira y la violencia, evolucionaban todos favorablemente. La División de Investigación Criminal de los Mossos d’Esquadra inició el mismo martes por la tarde, en cuanto el sospechoso fue neutralizado, la investigación sobre el porqué este ciudadano rumano de 45 años afincado hace más de una década en Catalunya se lió la manta a la cabeza y empezó a disparar. Y empezaron por confirmar ya el mismo martes que el individuo tenía un tipo de licencia que le permitía poseer hasta seis armas de fuego, y que tenía cinco dadas de alta. Concretamente tres pistolas de 9 milímetros, una de 22 milímetros y un rifle 308 Wintencher. Las armas que utilizaba en el club de tiro deportivo del barrio de Sant Salvador, en Tarragona, del que era socio hacía más de 15 años y en el que practicaba puntería con la modalidad también de objetivos en movimiento.;Sucesos
El jurado popular declara culpables a los dos acusados por el crimen de Baró de Viver;https://www.lavanguardia.com/sucesos/20210421/6989488/jurado-popular-declara-culpables-dos-acusados-crimen-baro-viver.html;21/04/2021;El jurado popular ha declarado culpables al hombre y la mujer acusados de matar a tiros en plena calle del barrio de Baró de Viver, en Barcelona a un hombre a raíz de enemistades entre familias. El Tribunal Superior de Justícia de Catalunya (TSJC) ha informado este miércoles que los nueve miembros del tribunal han tomado su veredicto por unanimidad, con nueve votos a favor y ninguno en contra.;Sucesos
Arranca el juicio contra el asesino de la niña Laia;https://www.lavanguardia.com/sucesos/20210412/6644425/juicio-crimen-laia-nina-vilanova-prision-permanente.html;12/04/2021;"Un jurado popular juzga este lunes uno de los crímenes más escabrosos y crueles que se han cometido en Catalunya en los últimos años. En el banquillo de los acusados se sienta Juan Francisco López Ortiz, español de 46 años, que el 4 de junio de 2018 acabó con la vida de Laia, de tan solo 13 años. Él mismo confesó el crimen poco después de los hechos. La tarde los hechos, la menor estaba en casa de sus abuelos cuando su padre la fue a recoger y la esperaba en la calle frente al portal. Mientas Laia bajaba sola las escaleras fue interceptada por el acusado, que era el  vecino del primer piso. La introdujo por la fuerza en su domicilio, la violó, la asfixió con una correa de perro y le asestó múltiples puñaladas y golpes hasta matarla. “Fue un asesinato salvaje y brutal”, ha dicho la fiscal María José del Río en la primera sesión del juicio. ""Nos estremece a todos, también a quienes nos dedicamos a esto"", ha agregado. El fiscal y la familia de la niña, que ejercen la acusación particular, piden para el acusado prisión permanente revisable y una indemnización de 450.000 euros por los delitos de asesinato con alevosía y enseñamiento en contexto con delito contra la libertad sexual y por agresión sexual. El fiscal considera que López Ortiz le causó a Laia “el mayor sufrimiento posible” y “no tuvo ninguna capacidad de defenderse”. La menor había sido adoptada en China por sus padres. Los Mossos hallaron en el ordenador del acusado vídeos de chicas asiáticas.";Sucesos
Mueren cuatro personas, dos menores, en el incendio de un local ocupado en Barcelona;https://www.lavanguardia.com/sucesos/20211130/7897985/cuatro-muertos-menores-incendio-plaza-tetuan-barcelona.html;30/11/2021;Un incendio de madrugada en un local ocupado ha acabado con la vida de una familia que vivía en su interior en la plaza Tetuan de Barcelona. Dos adultos, un bebé y un niño de 3 años han perdido la vida. El fuego se ha declarado sobre las 5:50 h de la madrugada en una antigua sucursal bancaria que servía de vivienda para varias familias. Otras cuatro personas que se habían refugiado en un patio interior situado en el sótano han podido ser rescatadas con vida por los bomberos. Los fallecidos quedaron atrapados en la planta baja.  Cuando llegaron los bomberos el incendio estaba muy avanzado y las llamas era muy virulentas alentadas por el material combustible que hallaba a su paso. “Mi mujer ha olido a quemado. Estaban los ocupas gritando desde el interior. Ha sido muy traumático”, ha relatado Miquel, un vecino de la finca.;Sucesos
El derecho a desaparecer sin avisar;https://www.lavanguardia.com/sucesos/20211126/7890931/derecho-desaparecer-avisar-vadym.html;26/11/2021;"Aunque resulte complicado de entender, de asimilar, incluso de gestionar emocionalmente, hay personas que en su sano juicio deciden desaparecer y ni desean ser encontrados, ni contar a su entorno los detalles de su decisión. Y eso es lo que parece que ha sucedido con Vadym Shcherbatiuk cuyo entorno, su pareja, pero especialmente su grupo de amigos de Barcelona, denunciaron su desaparición el pasado 5 de septiembre después de que el hombre no subiera al avión que debía llevarlo a Kiev para celebrar allí el cumpleaños de su madre. Hasta mediados de este mes que los Mossos d'Esquadra mostraron a la pareja y a los padres del hombre unas imágenes de Vadym en el aeropuerto de Barcelona, en compañía de otras tres personas, subiendo con absoluta normalidad a un avión, los amigos movieron cielo y tierra para dar con su paradero. Pero hicieron algo más. Acudieron a los medios de comunicación, como por ejemplo La Vanguardia, para denunciar no solo el caso, sino para incidir en que los Mossos no solo no estaban haciendo bien su trabajo, sino que no les informaban, carecían de medios para buscarle, y lo más grave, aseguraban que habían detectado falta de empatía en los investigadores porque la víctima era ""homosexual y extranjero"".";Sucesos
Desarticulado en Barcelona un grupo que robó en al menos diez pisos;https://www.lavanguardia.com/sucesos/20200801/482623225834/barcelona-ladrones-pisos-detencion-robos-vivienda.html;01/08/2020;LosMossos d’Esquadrahandetenidoa cinco personas y han dado por desarticulado un grupo especializado en forzarcerradurasal que achaca la comisión de al menos diezrobosenpisosdeBarcelona. La policía catalana ha informado este sábado de que las detenciones se produjeron el pasado día 29 y que el juez ha mandado a prisión a uno de los arrestados. Los miembros de la banda eran especialistas en forzar cerraduras y practicaban en una especie de taller que habían montado en el piso donde vivían, en la calle Castillejos de Barcelona, en el que fabricaban sus propias herramientas y en el que tenían una muestra de bombines de cerraduras para depurar su técnica.;Sucesos
Incautado en Vilassar de Mar el mayor alijo de marihuana de España;https://www.lavanguardia.com/sucesos/20220707/8392192/incautado-vilassar-mar-mayor-alijo-marihuana-espana.html;07/07/2022;La Guardia Civil y la Policía Nacional han desmantelado una macro plantación de marihuana en la localidad barcelonesa de Vilassar de Mar (Maresme), en la que se ha aprehendido el mayor alijo de esta sustancia en España, más de seis toneladas, y en la que se ha detenido a un total de cinco personas por un presunto delito contra la salud pública y defraudación de fluido eléctrico. La investigación se inició en marzo de 2021, cuando se tuvo conocimiento de que en una parcela de 32 hectáreas, aparentemente dedicada al cultivo de cáñamo industrial, se camuflaba bajo esta plantación legal el cultivo, recolección y distribución de marihuana a gran escala. Esta plantación carecía de permiso alguno para la obtención de CBD (Cannabidiol) otorgado por la AEMPS (Agencia Española de Medicamentos y Productos Sanitarios), pudiéndose comprobar que se dedicaban a la obtención de esquejes de marihuana de plantas madre para su venta a terceros y al cultivo de plantas de marihuana para la obtención de cogollos y posterior manufactura y empaquetado de los mismos al vacío para su venta en el mercado negro.;Sucesos
Arde por completo una nave de reciclaje de residuos en Granollers;https://www.lavanguardia.com/sucesos/20200729/482575101367/granollers-incendio-planta-residuos-confinamiento.html;29/07/2020;La nave de la empresa dereciclaje y gestión de residuosdeGranollers(Barcelona) donde la noche de este martes se ha registradoun incendioha ardido por completo, según ha informado Bombers de la Generalitat. El incendio se ha registradosobre las 22.30 horasen las instalaciones de la empresa A 3Aprofitament Assessorament Ambiental SL, ubicada en el número 15 de Cal Ros dels Ocells, en el polígono industrial Coll de la Manya.;Sucesos
Dos mujeres de 63 y 66 años mueren ahogadas en L’Estartit;https://www.lavanguardia.com/sucesos/20200727/482536893596/dos-mujeres-ahogadas-estartit.html;27/07/2020;Dosmujeresde63 y 66 añoshan muerto ahogadas este domingo en la playa deL’Estartit, enTorroella de Montgrí(Girona), en dos sucesos que se han producido con escasas horas de diferencia. Sobre las 10:55 horas, un socorrista que atiende laplaya de Griells, donde ondeaba la bandera verde, ha dado aviso de que intentaba reanimar a una bañista de 66 años y solicitaba el apoyo del Sistema de Emergencias Médicas (SEM). Al lugar se ha desplazado un helicóptero y una ambulancia básica, que han continuado con las maniobras cardiopulmonares, aunque con resultado infructuoso. Además, diversas patrullas de los Mossos d’Esquadra y de la Policía Local han acudido a la playa de Griells, mientras que la Guardia Civil se ha hecho cargo de las diligencias.;Sucesos
Primera causa judicial a una mafia de la ocupación como grupo criminal;https://www.lavanguardia.com/sucesos/20220114/7986158/primera-causa-judicial-mafia-ocupacion-grupo-criminal.html;14/01/2022;Los agentes de los Mossos recibieron la llamada de unos vecinos de Sant Andreu de la Barca alertando de que se había ocupado un piso de su finca. La patrulla se acercó al domicilio y encontró a un ciudadano de origen rumano que les comentó que había pagado por vivir allí. En concreto, había desembolsado 5.000 euros a un matrimonio que le había facilitado las llaves de la vivienda. Los agentes, como es habitual en estos casos, levantaron una acta y lo pasaron al juzgado que en condiciones normales contactaría con el propietario y pondría en marcha la maquinaria para devolverle el piso (trámite que se demora un año) y decretar el desahucio del ocupante. Este caso, sin embargo, no acabó así sino que la confesión de aquel ciudadano permitió desenmascarar una organización criminal dedicada a ocupar viviendas de forma masiva para posteriormente vender las llaves a personas desfavorecidas y extorsionar a propietarios particulares, bancos y fondos de inversión a quienes exigían un rescate para recuperar la vivienda.;Sucesos
Detenidos 26 miembros de un violento clan delictivo de La Mina;https://www.lavanguardia.com/sucesos/20200702/482050536729/mossos-operativo-organizacion-criminal-delitos-violentos.html;02/07/2020;A eso de las cinco y media de la mañana ha arrancado un granoperativode losMossos d’Esquadrapara tratar de desarticular unclan familiardedicado a cometerdelitos violentos. En la operación policial, que todavía está bajo secreto de actuación, han participado 500 agentes para realizar una veintena de entradas en diferentes puntos del territorio catalán, especialmente en el conflictivo barrio deLa Mina(Sant Adrià de Besòs). El operativo se ha saldado con ladetención de 26 personas, todas ellas de la misma familia muy arraigada en el barrio. Entre los arrestados se encuentran losnueve principales cabecillasdel clan, que era el objetivo principal cuando arrancó la investigación hace cosa de medio año.;Sucesos
La vuelta a casa de los tres catalanes sepultados por un alud en Georgia;https://www.lavanguardia.com/sucesos/20200305/473974724485/alud-montana-georgia-accidente.html;05/03/2020;La maquinariaburocráticase ha puestoen marcha. Las trámites para la vuelta a casa de los tres catalanes, dos de ellos bomberos, sepultados la mañana del miércoles por un alud en Georgia se están gestionado a través de un equipo de coordinación constituido en el Ayuntamiento de Sort. Elgruposorprendido por estaavalanchade nieve estaba formado porocho personas, todas vecinas del Pallars Sobirà. El alud sepultó a cuatro de esos montañeros (Ferran Comadran, Julio Barbot, Anselmo Ramírez y Carles Feliu). Los tres primeros murieron y el último pudo ser rescatado con vida.;Sucesos
Un muerto y cinco heridos en un accidente múltiple en Vilafranca del Penedès;https://www.lavanguardia.com/sucesos/20200626/481960407910/accidente-multiple-vilafranca-del-penedes-barcelona.html;26/06/2020;El conductor de un camión ha fallecido y cinco personas han resultado heridas de carácter leve en un accidente múltiple de trafico ocurrido esta tarde en la N-340 a su paso por Vilafranca del Penedès (Barcelona), en el que también se han visto implicados un tráiler, dos turismos y una furgoneta. Con la muerte del conductor, ya son 48 las personas que han perdido la vida en un accidente en la red interurbana de Catalunya en lo que va de año. Los servicios de emergencia han recibido el aviso del siniestro alrededor de las tres y media de esta tarde, que ha ocurrido en el punto kilométrico 1.212.;Sucesos
Detenido por asaltar y robar el bolso de una mujer con 400.000 euros en joyas;https://www.lavanguardia.com/sucesos/20210220/6256805/detenido-asaltar-robar-bolso-mujer-400-000-euros-joyas.html;20/02/2021;Los Mossos d'Esquadra han detenido al principal investigado de un robo violento en el área de servicio de Montseny de la AP-7. El 11 de septiembre, unos desconocidos asaltaron a una turista que viajaba desde Portugal y le robaron el bolso de mano, donde llevaba joyas valoradas en 400.000 euros. La víctima explicó que la intentaron distraer para robarle el bolso y que, al intentar impedirlo, la golpearon. Los Mossos identificaron a un grupo de tres personas especializadas en hurtos a turistas en las autopistas, el aeropuerto de Barcelona y Madrid, y detuvieron un miembro, que quedó en libertad después de pasar a disposición judicial. La policía no descarta la detención del resto de miembros del grupo en los próximos días.;Sucesos
Los detenidos por el intento de atropello en la pelea de Vacarisses, en libertad sin declarar;https://www.lavanguardia.com/sucesos/20211017/7796249/detenidos-intento-atropello-pelea-vacarisses-niegan-declarar.html;17/10/2021;El Juzgado de guardia de Terrassa (Barcelona) ha decretado libertad este domingo para los cinco detenidos por los hechos ocurridos la madrugada del sábado en Vacarisses (Barcelona), donde presuntamente se produjo un intento de atropello a diversas personas y atentados contra las autoridades. Por su parte, el alcalde de Vacarisses atribuye el incidente a “un hecho puntual”. Cuatro de los detenidos tienen causas abiertas por atentado a la autoridad y uno por conducción temeraria. Todos se han acogido a su derecho a no declarar, ha informado el Tribunal Superior de Justicia de Catalunya (TSJC) en un comunicado. El autor del presunto intento de atropello tiene 20 años y los otros cuatro entre 22 y 27 años, y los hechos que acabaron con tres agentes de los Mossos d'Esquadra heridos leves, se produjeron en una zona próxima a donde se había celebrado un concierto por la fiesta mayor de la localidad.;Sucesos
Juicio a un fotoperiodista de 'El País' acusado de empujar a un policía;https://www.lavanguardia.com/sucesos/20211014/7788544/juicio-fotoperiodista-el-pais-carcel-acusado-empujar-policia-sentencia-proces.html;14/10/2021;El fotoperiodista del diario 'El País', Albert García, se sienta este jueves en el banquillo. La fiscalía lo acusa de empujar a un policía durante las protestas por la sentencia del procés del año 2019 y pide para él una pena de nueves meses de cárcel por un delito de atentado a la autoridad. El escrito de acusación asegura que el fotoperiodista propinó un fuerte empujón” desequilibrando al agente y golpeándole en la mano derecha y causándole un esguince en el pulgar derecho”. Los hechos se produjeron el 18 de octubre de 2019 durante los graves disturbios que se produjeron en la plaza Urquinaona de Barcelona. García estaba trabajando y haciendo la cobertura para su medio de comunicación cuando sobre las 22:30h. fue detenido por la Policía Nacional acusándolo de haber agredido a uno de los agentes. La actuación fue grabada por múltiples periodistas que estaban en la misma zona. Durante tres años, García ha constado como investigado por un delito de lesiones y por otro de atentado a la autoridad porque la Policía Nacional lo acusaba de haber agredido a dos agentes. Sin embargo, la Audiencia de Barcelona aceptó parcialmente el recurso y retiró uno de los cargos que se le imputaron en un principio.;Sucesos
Los bomberos acuden al rescate de un submarinista en un patín de agua en Tossa de Mar;https://www.lavanguardia.com/sucesos/20200616/481819053347/bomberos-tossa-de-mar-rescate-submarinista-patin-agua.html;16/06/2020;Unrescate de los Bombers de un submarinistaeste martes por la mañana enTossa de Mar(Girona)ha generado críticas por la falta de material del cuerpo de emergencias, que ha tenido que desplazarse hasta donde había la persona a la cual había queasistir a bordo de un patinete y de dos piraguas, según se ve en fotografías de la actuación difundida a través de las redes sociales. El sindicato UGT, por ejemplo, se ha mostrado irónico aTwittery al lado de las fotografías ha escrito: “Nuevo material de rescate acuático de Bombers de la Generalitat de Catalunya”.;Sucesos
Sallent recuerda en una carta a los mossos que no se tolerarán actitudes racistas;https://www.lavanguardia.com/sucesos/20200616/481813190122/sallent-carta-mossos-actitudes-racistas-manresa.html;16/06/2020;El jefe de losMossos d’Esquadra, Eduard Sallent, ha enviado un mensaje a todos los agentes para recordarles que en el cuerpono se tolerará ninguna actitud o conducta racista, xenófoba o discriminatoria. En unacartaenviada a los agentes a la que ha tenido accesoLa Vanguardia, Sallent condena enérgicamente la grabación en la que unos agentes vejaron e hicieron comentarios racistas y xenófobos contra un joven negro durante una actuación en Manresa, y que se difundió este lunes. Sallent comparte la “vergüenza y la indignación” de una conducta que no representa al cuerpo policial y que, a su juicio, “atenta contra la profesionalidad y el buen trabajo que cotidianamente llevamos a cabo”. “Son casos aislados que nos perjudican enormemente porque genera recelo en la profesionalidad de nuestro trabajo y desconfianza de la ciudadanía hacia la policía”, valora.;Sucesos
Rescatan el cuerpo sin vida de un excursionista en el Pedraforca;https://www.lavanguardia.com/sucesos/20200615/481801511440/rescatan-cuerpo-sin-vida-excursionista-pedraforca.html;15/06/2020;Los Bombers de la Generalitat de Catalunya han realizado este mediodíados rescates de alta montaña en el macizo del Pedraforca(2.506m), provincia de Barcelona, tras recibir respectivos avisos de emergencia. En primer lugar, a las 14.13 horas se ha recibido el aviso deun joven que ha sufrido un ataque de angustia y no podía continuar la actividad. El chico, de 29 años y vecino de Santa Coloma de Gramenet (Barcelona), ha sido atendido y rescatado por el Grup d’Actuacions Especials (GRAE) de los Bombers, que se han desplazado hasta el lugar en helicóptero con la colaboración del ERI (Equip de Rescat i Intervenció) del SEM. Después de tranquilizar al excursionista, lo han evacuado hasta el parking, donde tenía su vehículo y no ha habido que trasladarlo a ningún centro sanitario.;Sucesos
El TSJC confirma la condena a la 'manada' de Manresa por abusos y no por violación;https://www.lavanguardia.com/sucesos/20210204/6223795/manada-manresa-condena-abusos-violacion.html;04/02/2021;El Tribunal Superior de Justicia de Catalunya (TSJC) ha confirmado la condena a cinco miembros de la 'manada' de Manresa (Barcelona) por abusos sexuales en grupo a una niña de 14 años, en una sentencia que incluye el voto particular del juez que defiende condenarlos por violación en lugar de por abuso. La sentencia de la Sala Civil y Penal, consultada por Europa Press, desestima los recursos de los condenados contra la sentencia de la Audiencia de Barcelona y estima en parte el de la Fiscalía: mantiene el delito pero eleva la indemnización para la víctima.;Sucesos
Estrasburgo advierte sobre malos tratos de los Mossos y en las cárceles catalanas;https://www.lavanguardia.com/sucesos/20200204/473287254269/estrasburgo-advierte-malos-tratos-mossos-carceles.html;04/02/2020;Elcomité antitorturadelConsejo de Europa, en un exhaustivo informe hecho público este martes enEstrasburgo, expresa su preocupación por los casos demaltratoadetenidospor parte de losMossos d’Esquadray por situaciones similares ocurridas en lascárceles catalanas, así como por ciertas deficiencias estructurales que no se han corregido y procedimientos que deben mejorarse. Sin embargo, el informe –de 61 páginas, fruto de una visita de inspección realizada en septiembre del 2018- constata que la mayoría de personas entrevistadas declararon haber sido tratadas con corrección. Se destaca, además, “la excelente colaboración” de las autoridades españolas y catalanas para facilitar el trabajo del comité y el compromiso de aplicar las recomendaciones.;Sucesos
La Policía Nacional evita el suicidio de un hombre en Barcelona gracias al aviso de un vecino de Santander;https://www.lavanguardia.com/sucesos/20200515/481154582199/policia-nacional-evita-suicidio-hombre-barcelona-aviso-vecino-santander.html;15/05/2020;La Policía Nacionalevitóeste jueves elsuicidiode un hombre deBarcelonadespués de que un ciudadano deSantanderavisara al 112 de Cantabria de que había visto en unared socialcomo el hombre, mientras sedrogaba, decía quese mataríay enseñaba unarma. La Policía Nacional recibió este jueves, desde el Servicio de Emergencias 112 del gobierno de Cantabria, la información aportada por un ciudadano de Santander que explicaba que había podido observar en una red social cómo un hombre aparecía drogándose y anunciando que se iba a suicidar.;Sucesos
El TSJC ratifica la condena de 21 años y 9 meses contra el pederasta Joaquín Benítez;https://www.lavanguardia.com/sucesos/20200515/481151396349/caso-maristas-tsjc-condena-pederasta-joaquin-benitez.html;15/05/2020;La sala civil y penal del Tribunal Superior de Justicia de Catalunya ha confirmado este viernes la sentencia contraJoaquín Benítez, el exprofesor de losMaristasde Sants-Les Corts que fue condenado a 21 años y 9 meses de cárcel porabusar sexualmentede cuatro alumnos menores de edad entre 2006 y 2010. El pederasta confeso solo pagará por cuatro de las acusaciones que había contra él, mientras que otras 13 se archivaron al haber prescrito. La aseguradora de la escuela tendrá que pagar 120.0000 euros en concepto de indemnización para las cuatro víctimas. La defensa de Joaquín Benítez todavía podría presentar recurso de casación en el Tribunal Supremo.;Sucesos
Un hombre asesina a su pareja y a su hija en Esplugues de Llobregat;https://www.lavanguardia.com/sucesos/20200106/472730036020/hombre-asesina-pareja-hija-esplugues-de-llobregat.html;06/01/2020;Agentes de los Mossos d’Esquadra han detenido esta mañana a un hombre, de 27 años y nacionalidad española, acusado de haber cometido undoble homicidio. Se trata de un vecino deEsplugues de Llobregat(Barcelona) que habríaasesinado a su pareja(28) y a lahijade ambos de solotres años. La detención se ha producido sobre las 6.10 horas, cuando la policía catalana ha sido alertada del crimen dentro de la vivienda que el matrimonio tiene en Esplugues de Llobregat. Los servicios de emergencias desplazados a la zona no han podido hacer nada por salvar la vida de las dos víctimas.;Sucesos
Los 'fura' contra las bandas de 'relojeros';https://www.lavanguardia.com/sucesos/20220523/8285643/asi-persiguen-mossos-bandas-relojeros-barcelona.html;23/05/2022;"Suerte de los bicitaxis que las madrugadas del pasado fin de semana se ofrecieron en varias ocasiones a trasladar pedaleando a esta que escribe mientras trataba de documentar de cerca el trabajo de losfurade Ciutat Vella. De ese grupo de los Mossos d'Esquadra hemos escrito y mucho en esta misma web deLa Vanguardia. Se trata deagentes de seguridad ciudadana de paisanoespecializados en combatir a los multireincidentes; unos delincuentes a los que conocen bien, localizan y persiguen sin ser vistos hasta detenerlosin fraganti. Este diario ya adelantó la semana pasada la creación de un nuevo grupo operativo en la región policial de los Mossos de Barcelona dedicado exclusivamente a una de las problemáticas delincuenciales que más se ha disparado en las últimas semanas:losrelojeros. El nuevo grupo está integrado por una amalgama de unidades especializadas que tienen como prioridad trabajar la problemática a partir de una mirada más amplia en la que tiene un papel crucial la investigación para tratar de seguir el rastro de los relojes que son robados. Un grupo de trabajo que asume la elaboración de los atestados para redactarlos con la complicidad de los jueces y los fiscales de Barcelona para tratar de conseguir un porcentaje más alto de ingresos en prisión de los detenidos. El nuevo grupo operativo derelojerosarrancó la semana pasadacentrándose en el horario de día, tras comprobar que muchos de los asaltos violentos se estaban produciendo a plena luz. Robos después de que los delincuentes persigan de cerca a sus objetivos, cuando éstos salen de un buen restaurante o del hotel para dar un paseo antes de cenar.";Sucesos
Prisión para tres hombres por asalto violento en una casa del Alt Empordà;https://www.lavanguardia.com/sucesos/20201227/6150976/ingresan-prision-3-hombres-detenidos-asalto-violento-casa-girona.html;27/12/2020;Tres hombres han ingresado en prisión tras haber sido detenidos como presuntos autores del asalto violento a una vivienda en la localidad ampurdanesa de Cantallops, donde amordazaron y agredieron a un matrimonio para que dijera dónde estaba la caja fuerte. Los Mossos han informado este domingo de que la detención de estos tres hombres, de nacionalidad dominicana y de entre 38 y 40 años, se produjo la pasada semana. Uno de ellos fue arrestado el 19 de diciembre en el aeropuerto de Barajas cuando pretendía volar a su país.;Sucesos
Indicios de homicidio imprudente en la muerte de dos buceadores;https://www.lavanguardia.com/sucesos/20210820/7671537/indicios-homicidio-imprudente-muerte-dos-buceadores-segur-de-calafell.html;20/08/2021;La policía judicial de la Guardia Civil de Tarragona entregó ayer en el juzgado el primer atestado con el relato de hechos de lo presuntamente acontecido el domingo 8 de agosto en la playa de Segur de Calafell, en la que murieron dos hombres que habían contratado un bautismo de buceo con el club Escafandra. Esta última semana y media, los guardias civiles han recabado el relato de los testigos y han citado a declarar al director, al responsable y a los dos monitores que participaban en la actividad. Los cuatro se negaron a declarar en sede policial. En las diligencias entregadas en el juzgado los investigadores aprecian dos delitos de homicidio imprudente y otros dos de falsedad documental. La dirección de la investigación pasa ahora a manos del juez de El Vendrell, que en los próximos días volverá a citar a los investigados y a los testigos para tener acceso a su propio relato de lo que ocurrió el domingo en el que dos hombres de 50 y 56 años murieron ahogados a 300 metros de la costa y en un tramo de playa de poco más de tres metros de profundidad.;Sucesos
Detenido en Barcelona el fugitivo más buscado de España;https://www.lavanguardia.com/sucesos/20201206/6100174/detenido-fugitivo-mas-buscado-espana-homicidio-2002-tarragona.html;06/12/2020;El considerado como uno de los fugitivos más buscados de España, ha sido detenido este domingo por los Mossos d'Esquadra y la Policía Nacional en La Múnia (Barcelona). El arrestado está acusado de ser el autor material del asesinato en 2002 de un empleado de una empresa de Tarragona, al que disparó en la cabeza durante un atraco. El fugitivo, condenado a 25 años de prisión por aquellos hechos y que estaba desaparecido desde 2012, vivía bajo otra identidad en una masía aislada de la localidad de Castellví de la Marca (Barcelona) y había ocultado su verdadera filiación incluso a su pareja y a la hija de esta, con las que residía, ha informado este domingo la policía catalana.;Sucesos
La Policía detiene en Getafe a un imán por su actividad yihadista;https://www.lavanguardia.com/sucesos/20201205/49895488268/iman-yihadista-detencion-terrorismo.html;05/12/2020;La Policía Nacional ha detenido este sábado en la localidad madrileña de Getafe a un imán, profesor de una madrasa, por su supuestaactividad pro Dáeshy participación en delitos de integración en organización terrorista y adoctrinamiento yihadista. En una nota de prensa, la Policía Nacional ha informado de que el detenido ayudó a establecerse en España a unterroristade Dáesh retornado deSiria, pero además se le han intervenido varios centenares de archivos con contenido yihadista y manuales de capacitación militar.;Sucesos
"El caso de la menor violada en Igualada: cinco meses de una ""compleja"" investigación";https://www.lavanguardia.com/sucesos/20220421/8211418/joven-igualada-violada-investigacion-cronologia.html;21/04/2022;"""Los Mossos nunca dejan de investigar un caso"". El conseller de Interior, Joan Ignasi Elena, ha subrayado el papel de la policía catalana en el caso de laagresión sexual a una joven de 16 años a la salida de una discoteca en Igualada, una investigación que ha definido de ""alta complejidad"" por la dificultad de reunir los elementos de prueba para poner al acusado a disposición judicial. ""Aquí se ha dicho que no se ha hecho lo suficiente, pero le aseguro que se ha trabajado con una energía brutal, un trabajo permanente, tenaz y preciso"", ha insistido. Comenzó el 1 de noviembre, día después de la agresión, y este jueves ha permitido la detención de un hombre de 21 años. La investigación sigue su curso. El suceso tuvo lugar la noche del 31 de octubre al 1 de noviembre tras una fiesta de Halloween. La víctima había acudido con amigos a la discoteca Epic en el polígono Les Comes de Igualada y tenía previsto volver con los Ferrocarrils de la Generalitat de Catalunya (FGC) hasta el domicilio de su madre, en Vilanova i la Geltrú. De hecho, entre las 2 y las 5 horas, la madre y la joven hablaron en más de una ocasión por WhatsApp. Pero no llegó a coger el tren previsto para las 6 h y unos camioneros la encontraron, en sentido contrario a la estación, a las 7 h. Desnuda y prácticamente inconsciente.";Sucesos
El gran despliegue y el Ebro paran el primer fuego de la ola de calor;https://www.lavanguardia.com/sucesos/20210812/7658890/movilizacion-bomberos-incendio-terra-alta-fuego-rio-ebro.html;12/08/2021;El peor de los escenarios previstos en La Pobla de Massaluca, un incendio de alta intensidad en medio de la ola de calor, con el termómetro escalando hasta los 42 grados, con humedades bajísimas, por debajo del 30%, rachas de viento de 30 kilómetros/hora y una zona forestal y de vegetación de difícil acceso. En un territorio tan hostil, tres grandes aliados. El primero, la proximidad con el río Ebro, barrera natural. El segundo, la cercanía con el pantano de Riba-roja y el Matarranya, donde pudieron cargar agua los medios aéreos. El tercero, la no simultaneidad de fuegos importantes ayer tarde en Catalunya y Aragón, una de las grandes amenazas, lo que permitió concentrar efectivos y esfuerzos hasta la medianoche en La Pobla de Massaluca (Terra Alta), en el primer gran incendio de la ola de calor.;Sucesos
Conmoción en Galicia por la muerte de seis pasajeros de un autobús que se precipitó al río en plena tormenta;https://www.lavanguardia.com/sucesos/20221226/8658634/pontevedra-autobus-rio-lerez-muertos-galicia-accidente.html;26/12/2022;Nochebuena de dolor en Galicia. Sobre las 9 de la noche del sábado, cuando en parte de los hogares gallegos ya había empezado la cena familiar por antonomasia y en los otros se hacían los últimos preparativos,seis personas murieron a 25 kilómetros de la ciudad de Pontevedra, en un brutal accidente de tráfico. Un coche de línea de la empresa Monbus, líder española del sector, se precipitó sobre un río desde un puente, con una caída de 75 metros según informó la Xunta. Sólo sobrevivió el conductor y una pasajera, que, se cree, dio la voz de alarma desde su teléfono, pues la Axencia Galega de Emerxencia recibió una llamada desde el interior del autobús poco después del siniestro. De esta comunicación se obtuvieron nuevos datos, pues ya había habido otro aviso anterior, de una persona que pasó por la zona y se percató de que la barrera de protección de la carretera destrozada, aunque no conseguía ver nada más en medio del vendaval.;Sucesos
Hallado culpable uno de los tres mendigos acusados de matar a otro a palos en Alicante;https://www.lavanguardia.com/sucesos/20201201/49838073740/muerte-mendigo-paliza-culpable-jurado.html;01/12/2020;Eljurado popularencargado de enjuiciar el proceso sobrela muerte de un indigentetras unapelearegistrada en Alicantecon otros tressintechode origen lituano ha considera culpablea uno de los tres acusados del delitode homicidio, D.D. El veredicto le considera único responsable de los golpes que acabaron con la vida de O.K., después de que se originase una discusión mientras los cuatro protagonistas del suceso se encontraban bebiendo y jugando una partida al dominó, bajo el puente ubicado en la avenida Doctor Jiménez Díaz de Alicante.;Sucesos
Cuatro detenidos por el asesinato en septiembre de una enfermera de Girona;https://www.lavanguardia.com/sucesos/20201130/49805546941/cuatro-detenidos-asesinato-enfermera-girona.html;30/11/2020;LosMossoshandetenidoacuatro personasen tresintervenciones policiales simultáneasllevadas a cabo en la localidades deRubí(Barcelona),Lloret de Mar(Girona) yGironapor su presunta relación con elasesinato de una enfermeraen esta última ciudad el pasado 25 de septiembre, cuyo cadáver fue hallado un día después. Según fuentes de la investigación, el cuerpo apareció en su domicilio atado a una silla y consignos evidentes de violencia, después de que su hija y dos compañeras de la clínica en la que estaba empleada acudiesen allí, ya que ni se había presentado en el lugar de trabajo ni respondía a las llamadas de teléfono.;Sucesos
Dobrowolski queda en libertad tras el intento de robo en la casa de Mainat en Canet;https://www.lavanguardia.com/sucesos/20201125/49691768441/dobrowolski-mujer-mainat-libertad.html;25/11/2020;El Juzgado de Instrucción 4 Arenys de Mar (Barcelona) ha acordado este miércoles libertad provisional para la esposa del productor de televisiónJosep Maria Mainat,Angela Dobrowolski, que había pasado a disposición del juez tras ser detenida el martes por presuntamente intentar robar en la casa de él en Canet de Mar (Barcelona). El juez también ha dejado en libertad a su amante,Gabriel, que fue detenido con ella, y ambos deberán presentarse en el Juzgado siempre que sean requeridos, informa el Tribunal Superior de Justicia de Catalunya (TSJC). Ninguna de las acusaciones ha pedido imponer a los detenidos otras medidas cautelares por este presunto intento de robo con fuerza.;Sucesos
Una comunidad santera de Badalona realizaba decenas de sacrificios animales en sus ritos;https://www.lavanguardia.com/sucesos/20201111/49406079044/santeria-badalona-sacrificios-animales-policai.html;11/11/2020;LaPolicía Local de Badalona(Barcelona) desarticuló el pasado 23 de octubre a un presuntogrupoque utilizaba un domicilio particular de la ciudad parapracticar rituales de santeríadondesacrificabandecenas deanimalescada semana. Según un comunicado de AnimaNaturales este miércoles y según ha confirmado el cuerpo policial a Europa Press, esta ONG de defensa de los animales destapó el caso y avisó a la Guardia Urbana, que entró en un domicilio y pudo interrumpir el sacrificio de trece animales, y los animales rescatados los llevaron a la Fundación Santuari Gaia, en Girona.;Sucesos
Hallada la avioneta desaparecida en aguas próximas al Delta de l’Ebre;https://www.lavanguardia.com/sucesos/20201110/49384996189/hallada-avioneta-desaparecida-aguas-proximas-delta-de-lebre.html;10/11/2020;Losequiposdesalvamentolocalizaronayer enaguas próximasalDelta de l’Ebre(Tarragona) elbimotorque desapareció la semana pasada con dos tripulantes a bordo, según informa este martes el ministerio de Defensa en un comunicado. En la tarde del pasado martes 3 de noviembre, la aeronave Piper Seneca perteneciente a la flota del Aeroclub de Reus (Tarragona) desapareció a unas cuarenta millas náuticas (75 km) al sur del Aeropuerto de Reus, en el mar Mediterráneo.;Sucesos
Los Mossos refuerzan la protección de Palau tras un ataque con sangre animal;https://www.lavanguardia.com/sucesos/20201109/49339000159/mossos-refuerzan-proteccion-palau-ataque-sangre-animal.html;09/11/2020;El conseller de Interior, Miquel Sàmper, reunió ayer por la tarde con carácter de urgencia al comisario jefe Eduard Sallent y al director de la policía, Pere Ferrer. La cita de varias horas en el complejo central que los Mossos d’Esquadra tienen en Sabadell analizó elataqueconglobosdesangre de animaly pintura que un grupo de ocho personas realizaron por la mañana contra lafachadadelPalau de la Generalitat. Los responsables de la Policía acordaron reforzar inmediatamente las medidas de protección de Palau y de la Conselleria d’Interior. Desde ayer tarde, dos equipos del Arro, especializados en seguridad ciudadana, vigilan el edificio de la plaza Sant Jaume. El ataque ocurrió por sorpresa a las once y media de la mañana. Un grupo de ocho personas llegó a Sant Jaume. Con mascarillas sanitarias y algunos con caretas ocultando completamente el rostro, se colocaron frente a la fachada principal portando unas cajas de plástico de las que se utilizan en los mataderos para cargar grandes cantidades de carne. Dos representantes del grupo se acercaron a la puerta principal y pidieron hablar con algún responsable del Govern. Contaron que eran representantes del sector de la restauración y que estaban en contra de alargar otras dos semanas el cierre de bares y restaurantes. El policía de la puerta les indicó primero que era domingo y allí dentro no había nadie para recibirles, y segundo, que las cosas no se hacían así.;Sucesos
Prisión para uno de los detenidos acusados del asesinato de una anciana en Calella;https://www.lavanguardia.com/sucesos/20220401/8170202/prision-detenidos-acusados-crimen-anciana-calella-casa.html;01/04/2022;Margarida Boschmonart tenía ya 96 años cuando accedieron a su vivienda en el centro de Calella y la asesinaron por la espalda de varias puñaladas. Vivía sola, autónoma y era especialmente querida por toda la localidad costera. Desde su asesinato, en febrero del años pasado, el grupo de homicidios de la región policial metropolinana norte de los Mossos d'Esquadra ha trabajado con especial dedicación en un caso complejo en el que han ido surgiendo y descartando de la mesa de los investigadores distintos candidatos. Este viernes, el Tribunal Superior de Justicia de Catalunya informó de la detención el martes pasado de dos sospechosos, ambos de nacionalidad española, un vecino de Calella y otro de Pineda. La titular del juzgado de instrucción 7 de Arenys de Mar mantiene la causa abierta y secreta. Los dos sospechosos pasaron el jueves a disposición judicial. Uno es un viejo conocido de la policía, con antecedentes por robos. Y no es casual que entre el historial delictivo hayan anteriores robos con violencia precisamente a mujeres mayores de edad, como la víctima. El segundo arrestado era un desconocido para los uniformados. La magistrada acordó la prisión provisional eludible con fianza de 6000 euros para uno de los detenidos y libertad provisional con medidas cautelares de retirada de pasaporte, prohibición de salida del territorio y comparecencias en el juzgado, para el otro. Uno de los dos arrestados, al que los investigadores consideran autor material del crimen, ya estaba en la cárcel cuando decidieron detenerle. Los policías tuvieron que acudir a la prisión y llevárselo detenido a declarar al juzgado .;Sucesos
Los Mossos desalojan a la mujer de Mainat por orden judicial;https://www.lavanguardia.com/sucesos/20201104/49230758684/desalojo-mujer-mainat-angela-dobrowolski.html;04/11/2020;La comitiva judicial está procediendo aldesalojode la vivienda familiar deAngela Dobrowolski, la mujer del productor televisivo y fundador de la TrincaJosep Maria Mainat, en el barrio deHortade Barcelona, según han informado a Efe fuentes de los Mossos y del Tribunal Superior de Justicia de Catalunya. Según han explicado varios vecinos de la zona a Europa Press, la noche del martes Angela Dobrowolski supuestamente sacó muebles y lámparas del interior de la casa con la ayuda de personal de mudanzas. En torno las 9.30 horas ha salido de la vivienda un coche en el que viajaban Angela Dobrowolski y sus actuales abogados, José Abel y Marian Avedillo.;Sucesos
Un incendio quema 195 hectáreas del parque natural del Cap de Creus y obliga a evacuaciones;https://www.lavanguardia.com/sucesos/20210716/7605437/bomberos-incendio-vegetacion-forestal-llanca-girona.html;16/07/2021;"Los expertos avisaban de que sería un verano complicado en materia de incendios y así está siendo, al menos esta semana, en Catalunya. El día después de dar por extinguido el incendio de Castellví de Rosanes y Martorell (Barcelona) se ha declarado uno nuevo en el parque natural del Cap de Creus, entre los municipios de Llançà y Port de la Selva (Girona), que ya ha provocado la movilización de numerosas dotaciones de bomberos–esta tarde ya eran más de 70–  y el desalojo de tres urbanizaciones y el monasterio de Sant Pere de Rodes. A las 23 horas había quemado unas 195 hectáreas. Los Bombers de la Generalitat han recibido el aviso a las 13.25 horas de un incendio de vegetación forestal que según informa el mismo cuerpo habría empezado en la zona de la urbanización de Cau del Llop. Según apunta el conseller d'Interior, Joan Ignasi Elena, el incendio en la carretera entre Llançà y Port de la Selva ""habría sido provocado por una colilla"" como la principal hipótesis que baraja la investigación. ""El año pasado, 11 incendios causados por colillas. Lo investigaremos. Es una irresponsabilidad flagrante con el medio natural y con todos nosotros"", añade Elena en un tuit.";Sucesos
Un incendio en Castellví de Rosanes quema 152 hectareas y obliga a desalojar algunas viviendas;https://www.lavanguardia.com/sucesos/20210713/7598259/mas-25-dotaciones-bomberos-trabajan-apagar-incendio-castellvi-rosanes.html;13/07/2021;Los Bombers de la Generalitat trabajan desde cerca de las cuatro y cuarto de la tarde en un incendio de vegetación en Castellví de Rosanes (Baix Llobregat, Barcelona) que a las 21.45 horas de la tarde ya había quemado 152 hectáreas, la mayoría de ellas ya en el término municipal de Martorell. En un principio, el cuerpo de emergencias había enviado al lugar 13 dotaciones terrestres y 4 medios aéreos, aunque poco después la cifra de camiones de agua se ha ido ampliando hasta los 79 vehículos terrestres y 13 medios aéreos. Cruz Roja ha enviado 13 profesionales y siete vehículos para dar apoyo logístico a los Bomberos y a los otros cuerpos a petición del Centro de Coordinación Operativa de Catalunya. Por ahora se desconocen si hay heridos y viviendas afectadas por el incendio forestal.;Sucesos
Detenido el homicida fugado de la prisión de Quatre Camins en abril;https://www.lavanguardia.com/sucesos/20201029/4968732159/mossos-fugado-homicida-preso-quatre-camins-detenido.html;29/10/2020;LosMossos d’Esquadradetuvieron este miércoles en Badalona (Barcelona) aun hombre condenado por homicidioquese habíafugadohace seis mesesdel Centro PenitenciarioQuatre Camins, situado en La Roca del Vallès. La detención la practicaron agentes adscritos al Grupo de Búsqueda Activa de Fugitivos de la Unidad de Entorno Penitenciario, que iniciaron la investigación en el mes de abril, después de que el preso lograra fugarse con la ayuda de otra persona.;Sucesos
Elena se compromete a que un tercio de la cúpula de Mossos sean mujeres esta legislatura;https://www.lavanguardia.com/sucesos/20210702/7573067/elena-compromete-tercio-cupula-mossos-mujeres.html;02/07/2021;"Que los Mossos d'Esquadra van rezagados en políticas de paridad dentro de la organización policial es una realidad indiscutible. A día de hoy, sólo tres de los 27 comisarios y un major son mujeres: Cristina Manresa, Alicia Moriana y Marta Fernández. La primera es responsable de la región policial central, la segunda dirige la escuela de policía y la tercera está al frente de la todopoderosa región policial de Barcelona. En su primera intervención en la comisión de Interior del Parlament de Catalunya, el conseller Joan Ignasi Elena se ha comprometido este mediodía a ampliar hasta un tercio el número de mujeres en la cúpula de la policía. No ha contado cómo piensa hacerlo, pero para que le salgan los porcentajes en las próximas convocatorias a comisarios tendrá que priorizar los galones a las intendentas e inspectoras que se presenten. Y en realidad de los 27 comisarios, siete no ejercen porque están en segunda actividad, por lo que el tercio se tendrá que hacer a partir de los 21 mandos de los Mossos d'Esquadra. ""Hoy son 3 de 28. Esto no responde a la realidad del cuerpo ni de nuestra sociedad"", ha expresado. Y ha marcado la fecha del 2030 para conseguir la absoluta pariedad tanto en la cúpula de la policía como en el resto de organismos que dependen de su departamento como son Bombers, Protección Civil o Agents Rurals.";Sucesos
Desarticulan una banda que robaba tarjetas de crédito en aparcamientos comerciales;https://www.lavanguardia.com/sucesos/20201006/483888986713/desarticulada-banda-roba-tarjetas-credito-aparcamientos.html;06/10/2020;LosMossosd’Esquadra handetenidoa lostres integrantesde unabandaespecializada en cometerhurtos en aparcamientos comercialesde todaCatalunya, y que utilizaban las tarjetas bancarias sustraídas para comprar ilícitamente botellas de bebidas alcohólicas que revendían a una tienda de Barcelona. Según ha informado este martes la Policía de la Generalitat, agentes de la Unidad de Investigación de la comisaría de Martorell detuvieron por estos hechos, el pasado el miércoles 30 de septiembre, a tres hombres de nacionalidades cubana y peruana, de 30, 33 y 37 años y vecinos de Barcelona, Cornellà de Llobregat y L’Hospitalet de Llobregat.;Sucesos
Los equipos de rescate buscan a un hombre que podría haber caído al río Besòs;https://www.lavanguardia.com/sucesos/20200120/473000346407/buscan-hombre-caido-rio-besos-temporal-borrasca-gloria.html;20/01/2020;Un hombre podría haber caído a ladesembocadura del río Besòs, a la altura de Sant Adrià. Así lo asegura un testigo, que ha advertido a las autoridades que ha visto como un individuo caía al agua desde el espigón. La víctima estaba haciendo fotografías del temporal cuando una ola lo ha empujado al agua. Inmediatamente, el testigo ha llamado alrededor de las 15:30 horas a la policía catalana, que ha puesto en marcha un dispositivo de búsqueda.;Sucesos
Macrojuicio a la primera asociación cannábica;https://www.lavanguardia.com/sucesos/20210622/7547323/macrojuicio-primera-asociacion-cannabica.html;22/06/2021;En la Audiencia de Barcelona se celebra hasta mediados de julio un macrojuicio contra la primera asociación cannábica de Barcelona. En el banquillo de los acusados se sientan 16 personas que entre los años 2010 y 2016 abrieron varios clubs cannábicos, entre ellos el primero, la Asociación Barcelonesa Cannábica de Autoconsumo, a la que le sucedieron 15 más y en las que se podía fumar marihuana gracias al limbo legal en el que se asientan estas asociaciones. En este caso, sin embargo, la Fiscalía considera que rebasaron el límite de lo legal y conformaron una red de tráfico de drogas amparada por la supuesta legalidad que brindaban las asociaciones de autoconsumo. La trama estaba encabezada por Vojislav Djordjevic y Zarco Tomic, ambos de nacionalidad serbia, para quienes el fiscal pide una pena de 18 años de prisión por tráfico de drogas y blanqueo de capitales. Djordjevic fue el presidente de la asociación y negoció en el 2012 con el alcalde de Rasquera, Bernat Pellissa, la creación de una macroplantación de marihuana para el autoconsumo, proyecto que fue aprobado por el municipio yque debía ayudar a paliar la deuda municipal y crear puestos de trabajo, pero que no se acabó llevando a cabo.;Sucesos
Un juzgado abre diligencias por las muertes provocadas por la explosión de Tarragona;https://www.lavanguardia.com/sucesos/20200116/472921467669/diligencias-judiciales-explosion-tarragona.html;16/01/2020;Un juzgado de Tarragona ha abiertodiligenciasporlas muertes que provocó la explosión del martesque tuvo lugar en la industriapetroquímica IQOXEde La Canonja. La magistrada del juzgado de instrucción número 1 de Tarragona espera recibir en los próximos días informes de Mossos, Bomberos, Protección Civil e Inspección de Trabajo sobre la deflagración y sus consecuencias. Una vez analice a fondo estos documentos, deberá decidir si abre una investigación a la empresa por accidente o bien por negligencia, según han confirmado fuentes judiciales. En este sentido, la investigación sobre las causas y las circunstancias en las que se produjo la explosión del reactor que detonó será clave para determinar la responsabilidad penal que tuvo la empresa en el incidente.;Sucesos
Detenidas tres personas de una fundación por estafar un millón de euros para niños con cáncer;https://www.lavanguardia.com/sucesos/20210619/7542235/detenidas-tres-personas-fundacion-estafar-millon-euros-ninos-cancer.html;19/06/2021;"Los Mossos han detenido a tres miembros de una fundación por  embolsarse dinero que habían recaudado para ayudar a niños con cáncer. Según ha informado el cuerpo de policía autonómica de Catalunya, se trata de la Fundación CIBI, con sede social en L'Hospitalet. El inicio de la investigación se remonta a 2017, momento en que otras fundaciones dedicadas al cáncer infantil alertan de un funcionamiento ""anómalo"".";Sucesos
El hombre que asesinó a su mujer y su hija en Esplugues de Llobregat pasa a dependencias policiales;https://www.lavanguardia.com/sucesos/20200107/472766784790/hombre-asesina-mujer-hija-esplugues-alta-hospitalaria-dependencias-policiales-mossos.html;07/01/2020;El autor confeso delasesinatode sumujerysuhija en Esplugues de Llobregatha sido trasladado esta mañana adependenciaspolicialesde los Mossos d’Esquadra tras recibir el permiso hospitalario, donde estaba ingresado por autolesiones. Se espera que el hombre pase adisposiciónjudicial el miércoles. El joven de 27 años detenido por los Mossos como autor de la muerte de su mujer, de 28, y de su hija, de 3 años, en su domicilio de Esplugues de Llobregat fue ingresado ayer en un centro hospitalario al haberse autolesionado.;Sucesos
Hospitalizado por autolesionarse el acusado de matar a su mujer y a su hija en Esplugues de Llobregat;https://www.lavanguardia.com/sucesos/20200106/472739002537/esplugues-llobregat-hospitalizado-acusado-matar-mujer-hija.html;06/01/2020;El joven de 27 añosdetenidopor losMossos d’Esquadracomo presunto autor de lamuerte de su mujer, de 28, y de suhija, de 3 años, en su domicilio deEsplugues de Llobregat(Barcelona) está ingresado en un centro hospitalario al haberse autolesionado. El Tribunal Superior de Justicia de Catalunya (TSJC) ha informado también de que no hay antecedentes judiciales de violencia entre la pareja y de que la juez del juzgado de instrucción 3 de Esplugues de Llobregat, en funciones de guardia, ha decretado el secreto de las actuaciones.;Sucesos
Los cuatreros del siglo XXI desafían la seguridad del campo español;https://www.lavanguardia.com/sucesos/20200930/483758827252/cuatreros-ladrones-ganado-bandas-organizadas-espana.html;30/09/2020;Suena a pasajes de otros tiempos, pero todavía existenladrones de ganado en España. Son loscuatreros del siglo XXI. El presente digital no ha acabado con ellos. Sin embargo, debe descartarse la idea romántica, dicen desdelas fuerzas de seguridad, que pueda tenerse de un bandolero serrano que se queda con el conejo de un aldeano porque pasa hambre. Detrás de losrobos de ovejas, cabras, cerdos o corderos, o cualquier otro animalhay organizaciones delictivas. Se trata de bandas o grupos que también son responsables de otras amenazas que se ciernen sobre el medio rural. Del mismo modo que se llevan una docena de cabritos, los hay que se apropian de kilos y kilos de cítricos o de verdura, de aceitunas…;Sucesos
Detienen a un ladrón por robar objetos y joyas valoradas en 10.000 euros en un piso de Barcelona;https://www.lavanguardia.com/sucesos/20210523/7475801/mossos-detienen-ladron-multirreincidente-robar-objetos-joyas-valoradas-10-000-euros-piso-sarria-gervasi.html;23/05/2021;Agentes de la Policía de la Generalitat-Mossos de la Unidad de Investigación de la comisaría de Sarrià - Sant Gervasi detuvieron a un hombre multirreincidente, de 42 años y nacionalidad kosovar, como presunto autor de un robo con fuerza en un domicilio del distrito. El 8 de abril hubo un robo con fuerza en un domicilio de la calle de Balmes, en el distrito de Sarrià - Sant Gervasi de Barcelona, de donde el ladrón se llevó objetos y joyas valoradas en 10.000 euros.;Sucesos
Un juez de Sabadell reabre la investigación de la muerte de Helena Jubany;https://www.lavanguardia.com/sucesos/20200803/482647714634/juez-sabadell-reabre-investigacion-muerte-helena-jubany.html;03/08/2020;El Juzgado de primera instancia 2 deSabadell(Barcelona) ha acordado reabrir las actuaciones respecto a uno de los investigados por la muerte de la joven Helena Jubany, que fue asesinada en 2001 en la ciudad. ElTribunal Superior de Justicia de Catalunya(TSJC) ha informado de que el magistrado ha acordado reabrir diligencias de acuerdo con el informe de la Fiscalía.;Sucesos
Culpable: veredicto para un frío asesino;https://www.lavanguardia.com/sucesos/20210423/7044423/igor-el-ruso-culpable-veredicto-frio-asesino.html;23/04/2021;“Sean fríos y calculadores y no se dejen intimidar por mi persona”. Son las últimas palabras pronunciadas por Ígor el Ruso en la sala de vistas de la Audiencia de Teruel donde se ha juzgado a este ciudadano serbio (Norbert Feher) por el asesinato de un ganadero y dos agentes de la Guardia Civil en la población turolense de Andorra. Una frase pronunciada con la mirada clavada en los nueve miembros del tribunal popular (podía interpretarse como una velada amenaza) que no parece haber amedrentado, sin embargo, a esos ciudadanos. Ayer se conoció el veredicto. Y es unánime.;Sucesos
Una academia de Jaén vendía diplomas de formación falsos a la carta;https://www.lavanguardia.com/sucesos/20200723/482473572972/diplomas-falsos-jaen-guardia-civil-detenidos-fraude.html;23/07/2020;A gusto del consumidor. La academia situada en el centro de estatrama de falsificacióny corruptelas ofrecía susdiplomas falsosa quien quisiera pagar por ellos. Los había de encofrador, de riesgos laborales, para la conducción de vehículos pesados, sanidad, minería... Había de todo en botica. LaGuardia Civilcalcula que son unas2.300 certificaciones fraudulentaslos que este centro –llamarlo de formación es atrevido– ha puesto en circulación. En la operación, han sidodetenidas seis personasy declaradasinvestigadas otras 18. La codicia, a la luz de los numerosos casos que arrastra ya la tradición judicial española, es un pecado que acompaña a los maliciosos gestores de cursos de formación en España. Los ejemplos son muy numerosos. Afectan a todas las comunidades autónomas, desde el pretérito caso Pallerols en Catalunya hasta el más reciente fraude de los cursos en Andalucía.;Sucesos
La historia de 'El Rey del Cachopo' se contará en un podcast de 'Spotify';https://www.lavanguardia.com/sucesos/20210408/6636218/historia-rey-del-cachopo-podcast-spotify-asesinato-heidi-paz-mmn.html;08/04/2021;César Román era un conocido empresario madrileño apodado “El Rey del Cachopo” por tener como plato estrella de su restaurante esta receta asturiana. Román aparentaba tener una vida exitosa hasta que el 13 de agosto de 2018 fue encontrado el torso descuartizado de su novia en una maleta y fue acusado del asesinato. Ese día un equipo de bomberos fue a una nave industrial a sofocar un pequeño fuego en Usera (Madrid). Lo que parecía un aviso sin importancia se convirtió en uno de los casos más mediáticos de los últimos años, ya que al registrar el edificio encontraron una maleta con partes seccionadas de Heidi Paz, la cual mantenía una relación sentimental con César.;Sucesos
Renfe expedienta a dos guardias de seguridad por agredir a un pasajero sin mascarilla;https://www.lavanguardia.com/sucesos/20200627/481990610574/renfe-expedienta-dos-guardias-seguridad-agredir-pasajero-sin-mascarilla.html;27/06/2020;Renfeha abiertoexpedienteados vigilantesde seguridad después de que se haya difundido un vídeo en las redes sociales en el que se les ve reduciendo por la fuerza a unpasajero, al que acaban esposando ygolpeandoen el interior de un vagón. Según han confirmado a Efe fuentes de Renfe, los hechos han tenido lugar esta mañana en un tren en la estación de Les Franqueses del Vallès (Barcelona). En el vídeo, que graba la pareja del viajero, se ve cómo los dos vigilantes tumban al hombre boca arriba sobre unos asientos, le esposan y tratan de inmobilizarle por la fuerza.;Sucesos
Retirado el gel de manos de Brians porque las presas lo usaban para “cubatas”;https://www.lavanguardia.com/sucesos/20200619/481837148757/retirado-gel-manos-carcel-brians-cubatas.html;19/06/2020;Lacárcel de Brians 1se ha visto obligada aretirardel módulo de mujeres elgel hidroalcohólicopara manos instalado como medida de protección ante elcoronavirus, después de que un grupo de reclusas fueran pilladas tratando de emborracharse mezclando el líquido desinfectante con refresco de Cola. Según informa la Cadena Ser citando a fuentes penitenciarias, los funcionarios descubrieron a las internas el pasado fin de semana bebiendo la mezcla en la biblioteca del módulo de mujeres. La ingesta de esta sustancia puede provocar una intoxicación. No ha trascendido si alguna de las reclusas precisó de atención médica tras ingerirlo.;Sucesos
Los delitos arqueológicos se doblan en la pandemia;https://www.lavanguardia.com/sucesos/20210316/6375978/delitos-arqueologicos-doblan-pandemia.html;16/03/2021;Ni la pandemia ni el confinamiento los detienen. Cada vez son más las personas que acuden a los yacimientos arqueológicos con un detector de metales para espoliar restos de valor. Los hechos investigados contra el patrimonio histórico se doblaron en concreto el año pasado en comparación con los anteriores, según los Mossos d’Esquadra. Mientras que en el 2017, 2018 y 2019 se situaron en 7, 9 y 9 respectivamente, el año pasado la cifra se elevó a un total de 20 casos. Según el subinspector de la división de investigación criminal de los Mossos, Jonathan Herrera, la publicidad que hacen los infractores en las redes provoca un efecto llamamiento. “Estas personas observan conductas en videos explicativos donde se detalla tanto dónde dirigirse como la metodología para acceder a yacimientos arqueológicos. Tenemos el problema que muchas veces se asocia este acceso fácil y público a estas conductas como legales cuando en realidad no es así”, indica Herrera. Precisamente, es a través de las redes sociales con un ciberpatrullaje policial que los agentes pueden capturar también a los infractores y recuperar en muchos casos las piezas arqueológicas.;Sucesos
La caída de la cúpula de los Blood: su líder estaba en libertad tras encargar otro crimen en 2009;https://www.lavanguardia.com/sucesos/20211024/7812156/caida-cupula-bloods-lider-libertad-encargar-crimen-2009.html;24/10/2021;17 de septiembre de 2009. Parque de la Marquesa de L'Hospitalet. El joven Daniel Jefrey Martínez se encuentra junto a su novia cuando un menor de edad se le acerca y sin apenas mediar palabra le dispara en el pecho antes de salir huyendo gracias a la ayuda de otro chaval en una moto. Todo estaba premeditado. El líder de la banda latina de los Blood había ordenado el crimen después de que la víctima hubiese mostrado su deseo de abandonar la organización: un arrepentido. Palabra de sentencia. Tal y como quedó reflejado en la dictada por la Audiencia Provincial de Barcelona, a través de la que se condenó al jefe de los Blood a 17 años de prisión por asesinato con alevosía. Doce años después, este pasado septiembre, el condenado -con un pie en prisión y otro ya en la calle gracias a su tercer grado- pretendía que la historia se volviese a repetir. De nuevo, desde la cúspide de la violenta banda latina asentada en Catalunya habría ordenado presuntamente cometer otro asesinato. De nuevo, sin mancharse las manos, mandó a su lugarteniente en Madrid a que ejecutase a un varón sin estar claro, hasta el momento, las razones.;Sucesos
Interceptan 70 gramos de hachís arrojados al patio de la prisión de jóvenes de Quatre Camins;https://www.lavanguardia.com/sucesos/20200328/48133189445/interceptan-hachis-patio-prision-jovenes-quatre-camins.html;28/03/2020;Los funcionarios de prisiones han interceptadosetenta gramos de hachísarrojados desde el exterior al patio de laprisión de jóvenes de Quatre Camins, según ha avanzado SER Catalunya. El envío estabaescondidoen el interior de dospelotas de tenis. La cárcel intervino la mercancía. Episodios como este evidencian que los reclusos se las ingenian como pueden para vencer el síndrome de abstinencia que se acentúa estos días a propósito de la crisis sanitaria. La dirección de servicios penitenciarios de la Generalitat, así como del resto del estado, decretó el cerrojazo absoluto en las prisiones para evitar la entrada del coronavirus en las cárceles que hubiese obligado a traslados masivos de reclusos. El Govern vetó cualquier tipo de contacto con el exterior: desde los encuentros familiares en los locutorios hasta los vis a vis íntimos y como consecuencia también impidió que la droga entrase ilegalmente en las prisiones con lo que los adictos sufren más.Sin ver a sus familiares, sin sexo y sin drogas, el cóctel puede ser explosivo.;Sucesos
Los Mossos incautan más de 1.600 litros de un falso gel desinfectante;https://www.lavanguardia.com/sucesos/20200328/48124703194/mossos-falso-gel-desinfectante-coronavirus-terrassa.html;28/03/2020;LaDivisión de investigación Criminal de los Mossos d’Esquadraha inmovilizado e incautado 1.681 litros de un producto de limpieza que se vendía de manera engañosa comogel hidroalcóholico. Un ciudadano dio el aviso a agentes de comisaría el pasado 23 de marzo enTerrassa, tras detectar que un establecimiento de la ciudad estaba comercializando un gel hidroalcóholico con una etiqueta contradictoria a su contenido.;Sucesos
Más de 150 personas mantienen activa una fiesta ilegal en Llinars del Vallès;https://www.lavanguardia.com/sucesos/20210101/6160946/operativo-policial-macrofiesta-llinars-150-personas.html;01/01/2021;"La macrofiesta ilegal detectada esta madrugada en un polígono industrial de Llinars del Vallès por los Mossos d'Esquadra y la Policía Local con unas 150 personas sigue activa pese a la presencia y la presión de las autoridades. Las autoridades policiales no tienen intención de desalojar a los asistentes porque no lo ven ""conveniente"" pero mantienen el dispositivo en los accesos e identifica a las personas que la abandonan el lugar. En el entorno de la nave hay aparcados unos doscientos vehículos y hasta este mediodía seguían llegando vehículos con gente que que pretendía a la celebración ilegal que se prolonga por más de 20 horas y en la que no se cumplen las medidas de seguridad impuestas por el Gobierno para frenar la Covid-19.";Sucesos
Desmantelada una nave con más de 61.000 plantas de marihuana y 8 detenidos;https://www.lavanguardia.com/sucesos/20201229/6154674/plantas-marihuana-detenidos-la-roca-del-valles.html;29/12/2020;Ocho personas han sido detenidas en una operación a cargo de la Policía Nacional y que ha culminado con la intervención de una nave industrial con más de 61.000 plantas de marihuana. La nave se encontraba en el término municipal de la Roca del Vallés, en Barcelona, y tres de los arrestados son miembros de la misma familia. Según ha informado este martes la Policía Nacional en un comunicado, la nave industrial contaba con una compleja infraestructura de ventilación y de insonorización para pasar inadvertidos en el vecindario valorada en más de 130.000 euros, y funcionaba como un vivero para otras plantaciones de marihuana.;Sucesos
Un velero con 1,4 toneladas de cocaína propició la caída de la mayor red de distribución de Europa;https://www.lavanguardia.com/sucesos/20210927/7749964/velero-1-4-toneladas-cocaina-propicio-caida-mayor-red-distribucion-europa.html;27/09/2021;En 2018, el Grupo Especial de Operaciones (GEO) de la Policía Nacional abordó un velero —en que viajaban dos croatas y un estadounidense— que transportaba 1,4 toneladas de cocaína. En ese momento saltaron las alarmas. Los investigadores comenzaron a tirar del hilo y tres de años después la operación se ha saldado con el desarticulación de la mayor red de distribución de cocaína de Europa. Detrás estaba el cártel de los Balcanes, una de las organizaciones criminales más violentas del continente. La organización que ha sido desmantelada —con 61 detenciones— pretendía llevar a cabo una operación de tráfico de drogas desde Sudamérica hasta Europa, según ha informado el comisario Antonio Martínez Duarte, jefe de la Brigada Central de Estupefacientes de la UDYCO. Esta organización criminal estaba compuesta, principalmente, por súbditos de países del este de Europa, originarios de Serbia, Croacia y Montenegro.;Sucesos
“¿Por qué disparó el policía?”;https://www.lavanguardia.com/sucesos/20201128/49751348596/sintecho-guardia-urbana-disparo-barcelona.html;28/11/2020;Pero por qué disparó el policía? ¿Por qué?”, pregunta enfadado Eric a losvoluntariosdeArrelsen relación con la actuación delguardia urbanoque el sábado hirió de gravedad a Marjan, una persona sin hogar, en elpaseo Sant Joan. Eric insiste en que sucesos como este evidencian la indefensión a la que están expuestos los ciudadanos que duermen al raso, como él y sus dos habituales compañeros, Tomás y Johnny, que la noche del jueves aceptaron participar en la encuesta que les hicieron voluntarios de la fundación Arrels para determinar cómo está afectando la pandemia a lossintecho. Unos 750 vecinos recorrieron Barcelona a partir de las 20 horas y hasta poco después del inicio del toque de queda, cuando bares y restaurantes bajaron la persiana. En ese momento, Eric y sus amigos se metieron en los sacos, en la esquina del bar Glaciar de la plaza Reial, e intentaron conciliar el sueño con el sonido de fondo de la radio, que a esa hora retransmitía el AZ Alkmaar-Real Sociedad. Eric, luciendo bufanda y gorra añeja del Barça, cuenta que es un gran seguidor del fútbol, especialmente del conjunto blaugrana, y que en Praga trabajaba como periodista deportivo para un diario. Pero de eso hace mucho tiempo. Quince años atrás vino a Catalunya iniciando una vida al raso, más o menos el mismo tiempo que Tomás, llegado de Milán. Johnny, de Hungría, el más joven de los tres, contesta que sería hacia el 2013 o quizás el 2014 cuando acabaría a la intemperie.;Sucesos
Desarticulan una banda internacional dedicada al tráfico de armamento y explosivos;https://www.lavanguardia.com/sucesos/20201114/49459717508/banda-internacional-trafico-de-armas-explosivos-mossos-gava-calpe.html;14/11/2020;Un grupo interdisciplinar de laAgencia Tributariayvarios cuerpos policialesha detenido a siete personas enCatalunyay laComunitat Valencianacomo presuntos integrantes de unabanda internacional, que se da por desarticulada, dedicada altráfico de armas y explosivosy que blanqueó en España más de diez millones de euros. Un comunicado emitido este sábado por la Agencia Tributaria informa de que en la investigación, iniciada en 2018, han participado miembros de este organismo, la Policía Nacional, Mossos d’Esquadra y Europol, coordinados por la Fiscalía Especial Contra la Corrupción y la Criminalidad Organizada y supervisada por el Juzgado Central de Instrucción número 2 de la Audiencia Nacional.;Sucesos
Cae una red por traficar con 300 especies de reptiles de alta protección por precios de hasta 30.000€;https://www.lavanguardia.com/sucesos/20201112/49415273711/reptiles-protegidos-trafico-tortugas-detenidos-guardia-civil.html;12/11/2020;LaGuardia Civilha detenido e investigado aun total de 21 personasque de forma habitual se dedicaban a la cría, posesión,comercio y tráfico ilegal de reptiles protegidos, entre ellos tortugas valoradas en cerca de30.000 euros. Los animales procedían de países de América, Asia, África y Oceanía, y eranimportados de manera ilegale introducidos en Europa para su cría o comercialización, recurriendo para ello amulas(personas usadas de correo). Según ha informado la Guardia Civil, para poder dar salida a especies especialmente protegidas por los convenios internacionales, los detenidos se valían de documentación falsificada o blanqueaban con documentos de otros animales similares procedentes de cría o tenencia autorizados. En la operación también se ha intervenido armas de la Segunda Guerra Mundial, con una valoración de más de 800.000 euros.;Sucesos
El mosso que mató a su expareja en Terrassa la acosaba para que volviera con él;https://www.lavanguardia.com/sucesos/20200119/472973658903/mosso-mata-expareja-terrassa-acosaba.html;19/01/2020;Elmosso d’esquadraque ayermatóde undisparoa suexpareja, de 29 años, enTerrassa(Barcelona), tras lo que se suicidó, no tenía antecedentes judiciales por maltrato o agresiones machistas, aunque según los familiares de la víctimallevaba tiempo hostigándola para que volvieracon él. El Tribunal Superior de Justicia de Catalunya ha informado esta mañana de que no constan antecedentes judiciales de violencia entre el agente y su expareja, cuyos cadáveres fueron hallados anoche en un aparcamiento de Terrassa.;Sucesos
Los Mossos alertan de fiestas con más aforo del permitido en pisos y locales;https://www.lavanguardia.com/sucesos/20201109/49359915500/mossos-alertan-fiestas-mas-aforo-permitido-coronavirus-covid19.html;09/11/2020;Los Mossos d’Esquadra han advertido de la proliferación de fiestas con más aforo del permitido en pisos, locales okupados, asociaciones cannábicas y hoteles, donde se concentran grupos que superan el límite de seis personas establecido en lasrestricciones para evitar el contagio del coronavirus. Así lo ha indicado en una rueda de prensa telemática el comisario jefe de los Mossos d’Esquadra, Eduard Sallent, que ha resaltado que este fin de semana han detectado “algún episodio singular”, ya que han empezado a localizar fiestas con hasta veinte personas, ante lo que los levantan actas para denunciar a los organizadores y asistentes.;Sucesos
Inspección de Trabajo sancionó cuatro veces a la petroquímica donde se originó la explosión;https://www.lavanguardia.com/sucesos/20200116/472920612503/sanciones-empresa-explosion-tarragona.html;16/01/2020;LaInspección de Trabajode Catalunya ha desvelado hoy quela empresa IQOXE, donde explotó el pasado martes por la tarde un depósito de óxido de etileno, ha recibido en los últimos añoscuatro sanciones, que oscilan entre los 2.000 y los 8.000 euros. La compañía fue multada por diversos incumplimientos de normativa. Además, la Inspección de Trabajo ha avanzado que llevará a cabouna investigación a fondo sobre este accidente, en el que fallecieron tres personas y otras siete resultaron heridas de diversa consideración. El conseller de Trabajo de la Generalitat, Chakir El Homrani, ha asegurado que la Inspección de Trabajo irá “hasta el fondo para aclarar las causas y las responsabilidades de un accidente muy grave”.;Sucesos
La joven asesinada por su marido en Esplugues quería separarse y buscaba piso;https://www.lavanguardia.com/sucesos/20200107/472778363612/asesinada-esplugues-separarse-marido-buscaba-piso.html;07/01/2020;"Lajovende 28 añosasesinadajunto a suhijade 3 este lunes enEsplugues de Llobregata manos de sumaridobuscaba un pisopara mudarse. Hace seis meses había decididosepararsey abandonar el domicilio que había compartido con su pareja hacía dos años. Hoy, la Delegación del Gobierno para la Violencia de Género ha confirmado que son lasprimeras víctimasmortales deviolencia de género este 2020. La mujer se convierte así en la primera víctima mortal de este tipo de violencia en 2020 incorporada a la estadística oficial que se elabora desde 2003; desde ese año, el número de mujeres asesinadas por violencia de género asciende a 1.034.";Sucesos
Los Mossos desarticulan un grupo familiar dedicado al tráfico de cocaína;https://www.lavanguardia.com/sucesos/20201017/484129872253/mossos-desarticulan-grupo-familiar-trafico-cocaina-roda-de-ter.html;17/10/2020;LosMossos d’Esquadrahandesarticuladoen Roda de Ter (Barcelona) ungrupo criminal, formado por seis hermanos, dedicado a ladistribucióndecocaínaen la Catalunya central, en una operación que ha permitido detener a 15 personas e intervenir 12 kilos de cocaína, 20 de hachís y más de 300.000 euros. Según informa este sábado la policía autonómica, la investigación comenzó el pasado mes de julio cuando los Mossos detectaron en Roda de Ter un importante volumen de transacciones relacionadas con el tráfico de cocaína.;Sucesos
Llega hasta Barcelona el fuerte olor de un incendio que ha destruido una planta de reciclaje en Granollers;https://www.lavanguardia.com/sucesos/20200729/482575970597/olor-barcelona-incendio-granollers-planta-reciclaje.html;29/07/2020;La ciudad deBarcelonase ha despertado este miércoles con un fuerteolor a plástico quemado. El hedor, proveniente de unaparatoso incendioque esta noche ha destruido unaplanta de reciclaje en Granollers(a 25 kilómetros), se ha notado en diferentes puntos de la capital catalana como Sant Andreu, l’Eixample o Sarrià y también en algunos municipios del área metropolitana, como Cornellà de Llobregat. En la extinción del fuego, del que se están investigando las causas, han participado hasta 22 dotaciones de bomberos, 18 de las cuales permanecen aún en la zona. Según los bomberos , aún quedan “muchos puntos calientes” en el edificio, que causan una columna de humo visible y que están remojando para apagarlos y rebajar la temperatura. Los bomberos trabajan desde el exterior porque la nave ha colapsado y, por seguridad, no se puede entrar, y también han activado una máquina retroexcavadora por si les hace falta para facilitar la extinción del incendio.;Sucesos
Prisión permanente revisable para el asesino de la niña Laia de Vilanova;https://www.lavanguardia.com/sucesos/20210608/7514070/prision-permanente-revisable-asesino-nina-laia-vilanova.html;08/06/2021;L a Audiencia de Barcelona ha dictado sentencia sobre uno de los casos más sobrecogedores de los últimos años en Catalunya, el del asesinato de Laia, una menor de 13 años que bajaba la escalera de casa de sus abuelos para encontrarse con su padre y que fue interceptada en la escalera por un vecino que la violó, asfixió y acuchilló hasta matarla. El tribunal ha dictado este martes la sentencia que impone al acusado Juan Francisco López Ortiz la pena de prisión permanente revisable por el delito de asesinato con alevosía y ensañamiento, y de 7 años por agresión sexual en la línea de lo que declaró el jurado popular. El magistrado considera que López Ortiz “incrementó de forma deliberada e innecesaria el dolor” de la niña “con los golpes que le propinó y las heridas cortantes que le produjo”. El crimen se remonta al 4 de junio de 2018. El abuelo de Laia había ido a buscar a su nieta al colegio y la menor permaneció en su casa hasta que su padre la fue a buscar. Sobre las 18h., el padre de Laia picó al timbre, la niña bajó sola por la escalera pero el acusado, vecino del primer piso, la interceptó. “En el presente caso, se infiere sin dificultad que el acusado fue el autor de los hechos objeto de enjuiciamiento: agredió sexualmente a la menor y le causó la muerte por asfixia”, sostiene el fallo.;Sucesos
Un joven graba insultos racistas de un mosso: “Eres un mono, negro de mierda”;https://www.lavanguardia.com/sucesos/20200615/481783777700/joven-insultos-racistas-mosso-mono.html;15/06/2020;La entidadSOS Racismoha hecho público este lunes unaudiode La Directa en el que se escucha a unagente de los Mossos d’Esquadra-según lo identifica la organización- que profiere repetidosinsultos racistasa una persona, entre ellos “eres unmono” o “negro de mierda”. En un comunicado, SOS Racismo indica que los insultos fueron lanzados contraWubi, “un joven de 20 años” que se encontraba entonces “en una pequeña localidad del Bages”, en la provincia de Barcelona. Habría sido el propio denunciante quien grabó el audio de la escena, en la que, además de ser objeto de insultos y amenazas del tipo “la próxima vez que veas a la policía corre, pero intenta irte más lejos de África”, denuncia que fue escupido y pateado.;Sucesos
Así detuvieron a un peligroso asesino al que 20 años de cárcel no han rehabilitado;https://www.lavanguardia.com/sucesos/20210426/7310183/asi-detuvieron-peligroso-asesino-20-anos-carcel-han-rehabilitado.html;26/04/2021;"""Vale, vale, ya está"". Dino Marcello Miller, considerado en estos momentos como uno de los delincuentes más peligrosos de Catalunya,  no opuso ninguna resistencia a los mossos que lo detuvieron el pasado viernes en plena calle, en el centro de Lleida. Marcello había quedado en libertad el pasado mes de diciembre tras cumplir en el Centre Ponent 22 años de los más de 60 de cárcel a los que fue condenado en la década de los noventa del siglo pasado por dos asesinatos y un intento de homicido en Barcelona.";Sucesos
Un estafador 24 horas;https://www.lavanguardia.com/sucesos/20210422/7001703/estafador-mujeres-libro-guillem-sanchez.html;22/04/2021;Todo el mundo cuando se mira al espejo es capaz de autodiagnosticarse una cierta impostura. Asoma en la especie humana una inherente sentido de querer gustar, de fardar, de tirarse el rollo. Solo falta mirar el currículum de algunos para detectar que el inglés que chapurrea no es nativo o que el ostentoso cargo de gestor de ventas comerciales en una gran multinacional esconde en realidad un digno puesto de dependiente en una cadena de ropa. Pero este tipo de imposturas habituales y toleradas en el día a día son minucias comparadas con la estafa que perpetró Francisco Gómez Manzanares. Guillem Sànchez, periodista deEl Periódico de Catalunya, le ha seguido el rastro y lo plasma en el libro 'El Estafador' (Ed.Península), un true crime estremecedor que saca a la luz la realidad de las estafas sentimentales y empuja al lector a preguntarse cuál es el límite de la impostura y hasta donde está dispuesto a llegar este protagonista de carne y hueso que en la actualidad cumple una larga condena por estafa.;Sucesos
Detenida la pareja de la mujer asesinada este sábado en Esplugues de Llobregat;https://www.lavanguardia.com/sucesos/20200530/481465402073/mossos-investigan-muerte-mujer-esplugues-de-llobregat-sintomas-de-violencia-crimen.html;30/05/2020;LosMossos d’Esquadrainvestigan la muerte de unamujerque este sábado por la mañana fue hallada consignos de violenciaen un domicilio de Esplugues de Llobregat y cuyo presunto agresor, un hombre de 51 años de nacionalidad española fue detenido en Badalona horas después de producirse el crimen, según pudo saberLa Vanguardia. La policía catalana trabaja con la hipótesis de que se trate de un caso deviolencia de géneroy, según han informado fuentes conocedoras a Europa Press, habría sido asesinada por el que era su pareja con un arma blanca. Víctima y agresor compartían con otras personas el piso del barrio de Can Vidalet donde se produjeron los hechos.;Sucesos
El jurado popular, ante el atroz asesinato a una niña de 13 años en Vilanova;https://www.lavanguardia.com/sucesos/20210413/6646506/juicio-caso-asesinato-nina-menor-vilanova.html;13/04/2021;“El fiscal, el abogado de la acusación y la defensa se dirigen al tribunal y les hacen la misma petición: ‘por favor, sean objetivos’. No queremos que lloren con la familia, que seguirán llorando durante años, ni que compadezcan al acusado”, advirtió el abogado acusador Juan Carlos Zayas. El jurado popular, formado por nueve ciudadanos, tiene ante sí un difícil reto: encontrar el equilibrio entre no empatizar en exceso con una familia que ha sido víctima de un suceso tan espeluznante, ni ensañarse con un acusado que ha confesado un crimen inhumano. Ayer se inició el juicio contra Juan Francisco López Ortiz, de 46 años, que el 4 de junio del 2018 secuestró, violó y asesinó a Laia Alsina, de tan solo 13 años. El acusado la asfixió con una correa de perro y le asestó múltiples puñaladas. Este crimen tan horrible fue confesado por el acusado cuando fue detenido por la policía local de Vilanova i la Geltrú. Los agentes tuvieron que intervenir para evitar el linchamiento de algunos vecinos que tras varias horas de una agónica búsqueda descubrieron el cadáver de la niña en casa del acusado escondido bajo un colchón. Lo que deberá decidirse en el juicio es la capacidad de discernimiento del asesino, que asegura que el día de los hechos se encontraba bajo la influencia del alcohol y las drogas y no era consciente de lo que hacía. Laia estaba como la mayoría de las tardes en casa de sus abuelos después de salir del colegió a la espera de que su padre la fuera a recoger. Sobre las 18.50 h. el padre de la niña pulsó el interfono, pero su hija nunca bajó los dos pisos que había hasta el portal. El vecino la interceptó y la asesinó. El acusado hacía pocos días que había llegado de China, donde había montado un negocio, y al parecer tenía una cierta obsesión con las jóvenes asiáticas como lo era Laia, que había sido adoptada en China por sus padres. Los Mossos hallaron en el ordenador del acusado vídeos de chicas orientales. El fiscal y la familia de la víctima piden para el acusado prisión permanente revisable y una indemnización de 450.000 euros por los delitos de asesinato con alevosía y ensañamiento en contexto con delito contra la libertad sexual y por agresión sexual. Considera que López Ortiz causó “el mayor sufrimiento posible” a la víctima.;Sucesos
El índice de criminalidad desciende un 73,8% en marzo, con 15 días en estado de alarma;https://www.lavanguardia.com/sucesos/20200501/48889225983/indice-criminalidad-desciende-marzo-estado-de-alarma-coronavirus.html;01/05/2020;Elíndice de criminalidad en Españaexperimentó undescenso del 73,8 por cientodurante el pasado mes de marzo, con 15 días en los que rigió la declaración de estado de alarma, con respecto al mismo mes del año anterior, según datos facilitados por la Secretaría de Estado de Seguridad del Ministerio del Interior. En concreto, el análisis se ha realizado a partir de los datos facilitados al Sistema Estadístico de Criminalidad (SEC) por Policía Nacional, Guardia Civil, Policía Foral de Navarra y aquellos cuerpos de Policía Local que habitualmente facilitan datos al sistema. Por contra, no se incluye datos de Ertzaintza y Mossos d’Esquadra al no haber llegado a tiempo.;Sucesos
La policía investiga el origen del vídeo de una víctima de tráfico agonizando;https://www.lavanguardia.com/sucesos/20200226/473791574386/difusion-video-accidente-trafico-victima-agonia-pena-carcel.html;26/02/2020;¿Por qué no todo vale para conseguir una imagen de impacto? Detrás de unaccidentesiempre hay personas, familias, tragedias... No grabes, no compartas”. Es un tuit de ladirección general de Tráficoque precede a otro mensaje en el que laDGTanuncia: “Investigan a una persona que difundió unvídeo por WhatsAppcon imágenes de un herido en un accidente, en los últimos momentos de su vida”. Todo se refiere a un siniestro ocurrido a finales de enero en la provincia deAlmeríatras un choque entre un camión y un turismo con un balance de dos muertos. La persona investigada se acercó al lugar del accidente y grabó un vídeo de los últimos minutos de vida de una de esasvíctimas. Después difundió en las redes sociales las imágenes de esa persona agonizando sobre el asfalto. Una conducta que podría ser castigada con unapena de 6 meses y 2 añossi el asunto acabara en causa penal y la publicación de ese vídeo fuera considerada como un delito contra la integridad moral.;Sucesos
Miguel Ricart, ‘El Rubio’ no quiere saber nada de Anglés;https://www.lavanguardia.com/sucesos/20210123/6192257/miguel-ricart-rubio-no-quiere-saber-nada-angles.html;23/01/2021;El fantasma de Miguel Ricart Tàrrega,el Rubio, único condenado por el triple crimen de las niñas de Alcàsser, reapareció la semana pasada en un narcopiso del barrio madrileño de Carabanchel donde acudió en compañía de Saray,la Pelirroja, una toxicómana habitual de la zona. El hombre de 51 años había logrado esfumarse los últimos siete después de que su pista se perdiera en Francia donde llegó huyendo de la presión social y mediática tras quedar en libertad el 29 de noviembre del 2013 después cumplir 21 de los 170 años a los que fue condenado en sentencia firme. Su identificación fue una sorpresa para todos. Primero para la pareja de policías nacionales de la comisaría de Carabanchel que le pidieron la documentación en un control rutinario en el narcoedificio y que comprobaron a través de la sala que su expediente estaba limpio. Ricart no se escondió ni trató de hacer ver que no era quien es. Vestía un mono de operario y contó a los funcionarios que acababa de salir de trabajar. Le cachearon y no llevaba droga encima. Les aseguró que solo estaba allí acompañando a su amiga.;Sucesos
Muere un hombre en Moixent (Valencia), cuarta víctima mortal de la borrasca Gloria;https://www.lavanguardia.com/sucesos/20200120/472986563235/muertes-borrasca-gloria-temporal.html;20/01/2020;"Eltemporalque azota buena parte de la Penínsulaha dejado yacuatro víctimas mortales. Un hombre fallecido en Moixent con signos de hipotermia; otra mujer de 54 años que dormía al raso en Gandía y que ha fallecido por el mismo motivo; un hombre al que le han caído varias tejas en el municipio de Pedro Bernardo; y un vecino de Aller que murió el domingotras resultar atropellado por un vehículocuando estaba poniendo las cadenas a su coche, son las trágicas consecuencias que se ha cobrado la borrasca Gloria. El último caso en conocerse, avanzado por el diarioLevante-EMV, ha sido el de un hombre deMoixent(Valencia), encontrado muerto en el suelo con signos dehipotermia. La víctima ha sido encontrada tendida sobre la nieve cerca de su casa en el municipio valenciano, que esta mañana había quedado incomunicado por carretera.";Sucesos
Cae una banda de traficantes de marihuana dirigida desde Valls por una serbia que acababa de tener un bebé;https://www.lavanguardia.com/sucesos/20200922/483625919108/barcelona-tarragona-marihuana-guardia-civil-valls-mujer-serbia.html;22/09/2020;La Guardia Civilha desarticulado en Barcelona y Tarragona unaorganización criminaldedicada al tráfico internacional de marihuanadirigida por una mujer serbia, de 37 años de edad. La líder de la bandaacababa de tener un bebé, según fuentes del caso. Una de sus principales características como capo máximo de la organización era queiba a todas partes con su criatura. Según datos del instituto armado, es la banda más importante desarticulada en Catalunya en lo que va de año dedicada a la marihuana. Los equipos de la Guardia Civil han desmanteladodoce plantacionesy se hadetenido a 31 personas. La mujer serbia dirigía todo el entramadodesde su cuartel general en Valls, Tarragona.;Sucesos
La investigación de Susqueda llega a la recta final señalando a Magentí;https://www.lavanguardia.com/sucesos/20210825/7679728/investigacion-susqueda-llega-recta-final-senalando-magenti.html;25/08/2021;“(...) I sí, ara si que sóc molt feliç, i em va tot genial. Estic vivint la vida com vull (…)” Las palabras pertenecen a un fragmento de uno de los textos que Paula Mas escribió once días antes de ser asesinada de un disparo en la cabeza. Hacía cuatro años que la joven de 21 años mantenía una relación con Marc Hernández, dos años mayor. Sentían pasión por la naturaleza. El 23 de agosto del 2017 pusieron rumbo al pantano de Susqueda para navegar con un viejo kayak. La cámara de seguridad de CaixaBank en La Cellera de Ter les grabó a las 9.43 de la mañana, se acaban de despertar. Apenas dos horas después fueron asesinados y sus cuerpos desnudos lastrados hasta el fondo del pantano, de cuyas aguas emergieron 32 días después.;Sucesos
El fuego devora 410 hectáreas en el Cap de Creus y sigue inestable;https://www.lavanguardia.com/sucesos/20210717/7606761/fuego-incendio-cap-de-creus-llanca-port-de-la-selva.html;17/07/2021;"Un fuego alimentado por la tramontana ha quemado cerca de 410 hectáreas, la inmensa mayoría dentro del Parc Natural del Cap de Creus, según ha informado este sábado el conseller de Interior de la Generalitat, Joan Ignasi Elena, desplazado al lugar, quien ha asegurado este sábado que ""intentaremos detectar quién es el responsable"". Aunque inicialmente se había informado de que las hectáreas afectadas eran más de 450, en mejorar la visibilidad de la zona los agentes rurales han reducido la cifra. En declaraciones a Rac1, Elena  ha detallado que los Mossos d'Esquadra, que trabajan con la hipótesis de que una colilla de un cigarro haya sido la causa del fuego, podrían llegar a localizar al autor a través de esa prueba que afrontaría ""consecuencias penales"". La policía catalana analiza el ADN de la misma para cotejarla con su base de datos. Por el momento se registran cinco heridos leves entre los equipos de emergencias, con cuatro bomberos y un forestal afectados.";Sucesos
La intervención de los Mossos pone fin a 40 horas de ‘rave’;https://www.lavanguardia.com/sucesos/20210103/6163230/intervencion-mossos-fin-40-horas-rave.html;03/01/2021;Los cabecillas de la rave de música electrónica estuvieron tres meses organizando una fiesta que debía durar hasta el domingo por la noche en una vieja nave de las afueras de Llinars del Vallès y que finalmente ayer al mediodía, casi 40 horas después de que empezara el baile y en medio de la indignación, dieron por acabada los Mossos d’Esquadra. El operativo policial terminó con el baile y con dos personas detenidas y otras cinco investigadas y acusadas del delito de desobediencia, además de otras 214 identificadas y sancionadas administrativamente por incumplir las medidas sanitarias establecidas por la pandemia. La policía elevó ayer una consulta al fiscal de guardia de Granollers, término judicial que instruye las diligencias, por si también se puede acusar a los arrestados de un delito contra la salud pública al permitir una concentración de esas características sin ningún control de las normas de seguridad sanitaria. Una posibilidad que difícilmente prosperará al no haber constancia de que los asistentes pudieran estar infectados de la covid.;Sucesos
Los asesinos de la enfermera le pidieron hora para matarla;https://www.lavanguardia.com/sucesos/20201203/49857676094/asesinato-enfermera-girona-cita-medica-companera-de-trabajo.html;03/12/2020;LosMossos d’Esquadradetuvieron el pasado lunes a cuatro personas que supuestamente urdieron y ejecutaron elasesinato de una enfermera de Gironacon el objetivo derobarleeldineroque escondía en doscajas fuertes. Así consta en los autos dictados por el juez en el que decreta su ingreso en prisión y a los que ha tenido accesoLa Vanguardia.Los arrestados concertaron unacita médicacon la víctima para acceder a su domicilio, apoderarse del botín y acabar con su vida para evitar ser identificados. El plan fue premeditado con un mes de antelación, según los investigadores. Los asaltantes asesinaron a la enfermera pero se fueron de vacío, incapaces de violentar la caja fuerte. Carme Font, de 67 años, persona muy conocida en Girona,apareció el 25 de septiembre pasado asesinada en su domicilio, situado en la avenida de Barcelona. La habían atado con unas bridas y golpeado de forma brutal. Era la supervisora de la unidad de Diálisis de la Clínica Girona y tenía una consulta privada de podología en su propia casa. La fallecida además gestionaba varios pisos y manejaba “importantes cantidades de dinero” que la puso en la diana de sus asaltantes.;Sucesos
El TSJC confirma las penas de 25 y 20 años para Rosa Peral y Albert López por el crimen de la Guardia Urbana;https://www.lavanguardia.com/sucesos/20201201/49838412174/tsjc-sentencia-condenas-prision-rosa-peral-albert-lopez-crimen-guardia-urbana.html;01/12/2020;Por segunda vez un tribunal impone la pena máxima para Rosa Peral y Albert López,– 25 y 20 años de cárcel respectivamente–, los dos agentes de la Guardia Urbana acusados de matar al también agente Pedro Rodríguez cuyo cuerpo apareció calcinado en el maletero de su propio coche en una pista forestal del pantano de Foix, en mayo de 2017. El Tribunal Superior de Justicia de Catalunya (TSJC) ha rechazado los recursos de apelación presentados por las defensas y ha ratificado íntegramente la sentencia que dictó la Audiencia de Barcelona el 14 de abril pasado a partir del veredicto inculpatorio que elaboró un jurado popular. Se desvanecen las opciones de que Peral y López puedan ver rebajada su pena o incluso que puedan ser declarados inocentes. Tras más de 3 años en prisión y con dos sentencias que ratifican una por una las pruebas por las que fueron condenados, a las defensas solo les queda recurrir en casación al Tribunal Supremo.;Sucesos
Marc y Paula, Carolina, Pedro y Helena esperan justicia;https://www.lavanguardia.com/sucesos/20200518/481232201892/casos-judiciales-abiertos-investigaciones-pandemia-tribunales.html;18/05/2020;Tantas son las cosas que ni esta pandemia frenará que falta espacio en esta crónica para enumerarlas. No ha podido elcoronavirusque dejen de recordar y sigan echando de menos a los seres queridos a quienes arrebataron la vida con violencia, a los desaparecidos, a quienes se sabe poco o nada de su paradero. No puede elconfinamientoempequeñecer la necesidad de que se haga justicia. Al contrario, las semanas de encierro han dejado más espacio para pensar y avivar la lucha por dar con la verdad.Paula, Marc, Pedro, Carolina y Helenason algunas de las víctimas que esperanjusticia. De todas lasinstitucionesesenciales ha sido la de la Justicia la que más ha desacelerado su funcionamiento dejando únicamente las estructuras básicas de los juzgados de guardia. Algunos jueces que dirigen investigaciones complejas y dilatadas en el tiempo han dado algunainstrucciónmuy puntual, pero la gran mayoría de unidades de la policía judicialhan seguido como han podido con diligencias pendientes o con tareas que han realizado desde sus casas, los que fueron aislados por prevención, o sin salir de los despachos de las comisarías. Ha sido casi imposible solicitar nuevas diligencias.;Sucesos
Cae un grupo criminal dedicado al robo de cobre en Catalunya y Aragón;https://www.lavanguardia.com/sucesos/20241205/10172746/cae-grupo-criminal-dedicado-robo-cobre-catalunya-aragon.html;05/12/2024;Los Mossos d'Esquadra y la Guardia Civil detuvieron ocho personas de entre 21 y 29 años el pasado 27 de noviembre como presunto responsables de 28 robos con fuerza y pertenencia a un grupo criminal especializado en el robo de cobre. Las detenciones son el resultado de una investigación iniciada en diciembre del pasado año, cuando se empezaron a producir una serie de robos de cable eléctrico, cometidos con el mismo modus operandi, en empresas de Aragón y Catalunya. Todas las empresas afectadas se caracterizaban por un uso intensivo de energía eléctrica en sus procesos de producción, tales como depuradoras de aguas residuales o deshidratadoras de forrajes, y por tanto disponían de una instalación de cable eléctrico relevante.;Sucesos
Detenidos cuatro hombres que robaron en casas de Ourense, Pontevedra, Valladolid y Madrid;https://www.lavanguardia.com/sucesos/20250601/10742466/detenidos-cuatro-hombres-robaron-casas-ourense-pontevedra-valladolid-madrid.html;01/06/2025;Los Mossos, en colaboración con la Guardia Civil, han desarticulado un grupo especializado en el robo con fuerza en viviendas con la detención de sus cuatro integrantes, a los que se les atribuyen cinco entradas en casas de Ourense, Pontevedra, Valladolid y Madrid, aunque se investiga si están relacionados con una docena de robos más. La policía catalana ha informado este domingo en un comunicado de que las detenciones se practicaron el pasado día 28. Se trata de cuatro hombres, de entre 35 y 46 años, quienes se dedicaban a robos con fuerza en viviendas desde diciembre de 2024.;Sucesos
Cae el principal grupo criminal de robos en cajas fuertes en joyerías e inmobiliarias de Catalunya;https://www.lavanguardia.com/sucesos/20250206/10357678/cae-principal-grupo-criminal-robos-cajas-fuertes-joyerias-e-inmobiliarias-catalunya-asd.html;06/02/2025;Los Mossos d'Esquadra y la Policía Nacional desarticularon el pasado 26 de enero un grupo dedicado al robo de cajas fuertes en joyerías e inmobiliarias de Catalunya. Los investigadores detuvieron a cinco personas implicadas en 17 delitos de robos con fuerza con un valor de 700.000 euros en diferentes establecimientos de todo el territorio desde enero de 2024. Los detenidos acumulaban más de 150 detenciones, gran parte de ellas relacionadas con hechos similares cometidos en diferentes puntos del estado. El grupo utilizaba la técnica del oxicorte, un método basado en una combinación de gases que permite cortar metales resistentes con facilidad.;Sucesos
Detenido un hombre por robar 20.000 euros en joyas en Premià de Mar;https://www.lavanguardia.com/sucesos/20250328/10527462/hombre-detenido-robar-20-000-euros-joyas-premia-mar-asd-pmv.html;28/03/2025;Los ladrones normalmente se dedican a arrancar cadenas y otras joyas de oro en plena calle, llegando a provocar lesiones graves en sus víctimas. Sin embargo, en la actualidad es más común toparse con delincuentes que roban directamente en la tienda. Es lo que ocurrió el pasado 6 de marzo por la tarde en una joyería dePremià de Mar(Catalunya), cuando un cliente entró y pidió ver varias cadenas de oro a una de las dependientas. Ambos se sentaron y se las mostró con naturalidad, ya que había más empleados en el local.;Sucesos
Detenido el ladrón 'discreto' que robaba en coches de Tarragona con cautela y sin dejar rastro;https://www.lavanguardia.com/sucesos/20250219/10400933/detenido-ladron-discreto-robaba-coches-tarragona-cautela-dejar-rastro-asd.html;19/02/2025;Los Mossos d'Esquadra han detenido este martes 18 de febrero a un hombre de 40 años que había robado 18 coches en 10 días en Tarragona, Catalunya. El autor de estos hurtos forzaba las cerraduras de los vehículos de cautelosamente, de forma que las víctimas ni siquiera se daban cuenta de los hechos. Así se desprende de la información publicada porAntena3. Elmodus operandide este ladrón no tenía nada que ver con los robos más usuales en vehículos. Este hombre no rompía cristales ni dejaba ningún otro tipo de destrozo visible para acceder al interior de los distintos vehículos asaltados: su método particular le permitía no dejar rastro del hurto.;Sucesos
Desarticulado un grupo que robaba en tragaperras de Catalunya, Valencia y Aragón;https://www.lavanguardia.com/sucesos/20240302/9532814/desarticulado-grupo-robaba-tragaperras-catalunya-valencia-aragon.html;02/03/2024;"Un operativo conjunto de los Mossos y la Guardia Civil ha desarticulado un grupo itinerante que se dedicaba a robar la recaudación de las máquinas tragaperras en bares de Catalunya, Aragón y Valencia con la detención de seis personas tras el registro en cuatro domicilios. Los detenidos, a los que se les encontró cuatro sacas con 30 kilos de monedas de un euro, están acusados de 31 robos en bares y establecimientos de localidades pequeñas, en los que forzaban la entrada para hacerse con la recaudación de las tragaperras, todo ""de manera rápida y especializada"", según un comunicado de los Mossos.";Sucesos
Los Mossos investigan un robo en el monasterio de Vallbona;https://www.lavanguardia.com/sucesos/20221114/8606646/mossos-investigan-robo-monasterio-vallbona.html;14/11/2022;Los Mossos d'Esquadra investigan un robo en el monasterio de Vallbona de les Monges, en Urgell. El aviso lo dieron el sábado las monjas que residen en el sitio y según la policía, los ladrones se habrían llevado elementos de piedra del interior del templo, en concreto dos fregaderos y un arco de piedra al lado de la capilla. El robo habría ocurrido entre el miércoles y el jueves de la semana pasada. El monasterio de Vallbona de les Monges, fundado en la primera mitad del siglo XII es un monumento declarado Bien Cultural de Interés Nacional.;Sucesos
Cae una banda en Barcelona que robaba en bares y escondía el botín en una madriguera;https://www.lavanguardia.com/sucesos/20240824/9888561/cae-banda-robaba-bares-escondia-botin-madriguera.html;24/08/2024;Los Mossos d'Esquadra han desarticulado una banda de delincuentes que robaba en bares de Catalunya y que después guardaba los botines en una madriguera situada en una zona boscosa, en un lateral de la autopista AP-7. En total, se han detenido a tres personas, de 45, 38 i 31 años, por un delito de robo con fuerza y pertenencia a grupo criminal. Las detenciones del operativo se efectuaron el pasado 13 de agosto en el distrito de Sarrià-Sant Gervasi de Barcelona. Los arrestados presuntamente robaban dinero en efectivo de máquinas tragaperras y cajas registradoras de los bares saqueados. Después, guardaban los botines en un escondite que habían construido en el lateral de la autopista, lo que les permitió pasar desapercibidos en los últimos cuatro años y estar activos desde el 2008.;Sucesos
Muere un hombre tras una pelea en plaza Catalunya de Barcelona;https://www.lavanguardia.com/sucesos/20231208/9435349/muere-hombre-pelea-plaza-catalunya.html;08/12/2023;Un hombre ha fallecido este jueves en un hospital de Barcelona después de ingresar en estado crítico el pasado martes tras una pelea que tuvo lugar en la plaza Catalunya de la capital catalana. La Guardia Urbana se desplazó al lugar de los hechos esa misma noche y pudo detener al presunto responsable. Tras la pelea, la víctima quedó herida de gravedad y fue trasladada a un centro hospitalario, donde finalmente ha fallecido.;Sucesos
Mossos y Guardia Civil detienen a nueve personas que asaltaban domicilios con fuerza;https://www.lavanguardia.com/sucesos/20240316/9565038/mossos-guardia-civil-detienen-nueve-personas-grupo-criminal.html;16/03/2024;Mossos d'Esquadra de la División de Investigación Criminal (DIC) de la Región Policial Metropolitana Sur y la Guardia Civil de Asturias, han desmantelado una organización criminal que se dedicaba al robo con fuerza a domicilio y han detenido a siete hombres y dos mujeres como presuntos autores de 22 delitos de robo con fuerza a domicilio, trece en Catalunya y diez en Asturias, por pertenencia a grupo criminal, receptación y falsificación documental. La investigación se inició a principios de enero cuando agentes de la Unidad de Investigación de la comisaría de Sant Boi de Llobregat tuvo conocimiento de un robo con fuerza en un domicilio de Santa Coloma de Cervelló. Unas semanas después, los investigadores tuvieron conocimiento de un segundo robo, esta vez en grado de tentativa, en el mismo municipio.;Sucesos
Detenido en Terrassa el autor del último crimen con arma blanca;https://www.lavanguardia.com/sucesos/20240914/9940645/detenido-terrassa-autor-ultimo-crimen-arma-blanca.html;14/09/2024;Esta vez el escenario ha sido Terrassa y la víctima, un marroquí de 33 años, vecino de la localidad, y que murió esta pasada madrugada tras recibir una puñalada con un cuchillo con una hoja de 21 centímetros, en plena calle. La agresión se produjo poco antes de la una de la madrugada y en menos de una hora, los Mossos d'Esquadra habían detenido al presunto autor, un hombre nacido en Gambia en 1980 que se escondió en un edificio de la calle Reixament y que trató de engañar a los policías haciéndose el dormido. No le salió bien. Los mossos accedieron al inmueble a partir de las indicaciones que realizaron varios testigos, y los detalles que proporcionaron del presunto autor. Durante el registro del inmueble en el que se escondía, los policías localizaron el cuchillo con el mango negro que todavía estaba manchado de sangre. El fenómeno de las armas blancas se ha convertido en una de las prioridades del actual equipo de la conselleria de Interior, con Núria Parlon al frente. Nada más poner un pie en el departamento, la consellera encargó al nuevo director de la policía, Josep Lluís Trapero, la elaboración de un ambicioso plan que implique a todas las policías municipales y a la seguridad privada, para combatir un fenómeno que solo en lo que llevamos de año se ha llevado por delante nueve vidas. La Vanguardia publicaba esta semana unas cifras contundentes que ayudan a entender mejor el alcance del problema. Cada doce horas se produce en Catalunya una lesión con arma blanca.;Sucesos
“No son delincuentes, pero tienen que entender que no pueden salir de casa con navaja”;https://www.lavanguardia.com/sucesos/20240928/9979607/son-delincuentes-entender-salir-casa-navaja.html;28/09/2024;Las cosas empiezan a cambiar. Especialmente para aquellos, en un 99,9 por ciento hombres, que salen o salían de casa con un arma blanca en el bolsillo... “por si acaso”. Un “por si acaso” que en ocasiones podía acabar en mostrar ese puñal o esa navaja de forma amenazante, o peor aún, utilizarla provocando lesiones, o la muerte. Un 44% de los homicidios registrados en el 2024 en Catalunya se realizaron con arma blanca. El departamento de Interior que lidera Núria Parlon ha puesto sobre la mesa las armas blancas, que se han convertido en la prioridad de los Mossos d'Esquadra, involucrando en el objetivo a las policías locales catalanas, a la seguridad privada y a la policía portuaria, en la capital catalana. La mejor muestra de esa nueva política se visualizó el viernes por la noche en la comisaría de la policía catalana en Ciutat Vella. En la sala de actos de las dependencias de Nou de la Rambla no cabía un alfiler. Al frente del dispositivo, el intendente Rafa Tello glosó en cuatro frases el espíritu del nuevo plan Daga, rehecho por la actual jefatura de la policía y en el que ha participado activamente el intendente Toni Rodríguez, destinado desde este lunes en el complejo central de Egara, en Sabadell. “No vamos en busca de delincuentes. Nuestro objetivo es ir a buscar armas blancas y hacer entender a esas personas que no les vamos a dejar salir de casa con una navaja, porque tarde o temprano, o un mosso, o un policía local o un vigilante de seguridad, se la va a incautar, y la Generalitat a sancionar”.;Sucesos
Mossos piden a la Fiscalía que incremente las penas en los casos de robos de metal;https://www.lavanguardia.com/sucesos/20231231/9485294/mossos-piden-fiscalia-incremente-penas-casos-robos-metal.html;31/12/2023;El número de personas denunciadas por robo de metal ha incrementado este año en Catalunya. Los Mossos d'Esquadra han identificado a 492 personas en los diez primeros meses de 2023, de las que han denunciado 306, cifra que supone 70 más que durante todo el año 2022. El cuerpo atribuye el dato al incremento de patrullas , tanto uniformadas como de paisano, en aquellos espacios en los que se ha registrado una mayor actividad delictiva, así como la intensificación de la comunicación y las relaciones con empresas y entes que han sido víctimas o que podrían ser susceptibles de serlo. Hasta finales de octubre se han detenido a 186 personas por esta tipología de delitos, muy cerca de los 199 arrestados durante todo el 2022. Los Mossos d'Esquadra dan respuesta a la sustracción de metal con un Procedimiento Operativo Específico (POE) desde 2010, un mecanismo que todavía está vigente y que marca la tipología de acciones a realizar ante este tipo de delitos. Con una punta de robos en el 2013 y una bajada con la explosión de la pandemia de cóvido, en el 2020, que remontó lentamente con la recuperación de la actividad ordinaria.;Sucesos
Desarticulada una banda que asaltaba plantaciones de marihuana haciéndose pasar por policías;https://www.lavanguardia.com/sucesos/20240327/9583252/desarticulada-banda-asaltaba-plantaciones-marihuana-haciendose-pasar-policias.html;27/03/2024;Los operativos policiales contra plantaciones ilegales de marihuana son habituales en Catalunya. En los últimos años los delitos vinculados con el tráfico de esta sustancia han aumentado notablemente, lo que ha llevado a los Mossos d'Esquadra a exigir las medidas oportunas que lespermitan combatir con mayor eficacia este fenómeno creciente. Lo que no es tan habitual, y resulta una vuelta de tuerca más, es que grupos criminales emulen los operativos policiales para asaltar las plantaciones y llevar a cabo así robos de forma sistemática. Así es precisamente como operaba una banda en la demarcación de Tarragona: se hacían pasar por policías y, exhibiendo armas de fuego largas y cortas e indumentaria policial, accedían por la fuerza en la plantación y se llevaban su botín. El operativo policial conjunto de Mossos d'Esquadra y Policía Nacional logró este martes desarticular la organización criminal a la que se la vincula a cuatro robos violentos ocurridos el año pasado.;Sucesos
Investigan el robo de un kilo de cocaína de una caja fuerte en una comisaría de los Mossos;https://www.lavanguardia.com/sucesos/20201123/49638391616/robo-cocaina-bunker-comisaria-mossos.html;23/11/2020;LosMossosd’Esquadra investigan elrobo de un kilogramo de cocaínade lacomisaría de Sant Feliu de Guíxols(Girona) el pasado octubre, según adelanta laCadena Ser. Ladroga, valorada en unos 40.000 euros, se encontraba en una caja fuerte bajo custodia junto con armas y dinero. Fue el jefe de la Unidad de Investigación del cuerpo policial de la comisaría el que se dio cuenta de que faltaba un paquete de droga de la caja fuerte, bajo llave, en la que se guardaba la cocaína intervenida en varios operativos, asegura la Ser. Los policías que la custodiaban revisaron el búnker después de conocerse que cuatro agentes de la comisaría de Santa Coloma de Farners (Girona) había robado presuntamente droga para revenderla.;Sucesos
En libertad los cuatro Mossos detenidos por presunto soborno, robo y revelación de secretos;https://www.lavanguardia.com/sucesos/20211015/7793583/libertad-cuatro-mossos-detenidos-presunto-soborno-robo-revelacion-secretos.html;15/10/2021;El titular del juzgado de instrucción 1 de Rubí (Barcelona) ha decretado libertad provisional para los cuatro agentes de los Mossos d'Esquadra detenidos este jueves y que han pasado a disposición judicial este viernes por lospresuntos delitos de soborno, robo con fuerza, revelación de secretos y realización arbitraria del propio derecho. Según ha informado el Tribunal Superior de Justícia de Catalunya (TSJC) en un comunicado, se requiere a los cuatro individuos que estén a disposición del juzgado cuando sean requeridos, y para uno de ellos --mosso en excedencia-- se ha acordado la libertad bajo fianza de 85.000 euros y la medida cautelar de prohibición de salida del territorio.;Sucesos
Macrorredada contra las estafas telefónicas;https://www.lavanguardia.com/sucesos/20240723/9822783/guardia-civil-detiene-cien-miembros-red-estafas-bancarias-sms.html;23/07/2024;La edad de los ciberdelincuentes se rebaja cada vez, como acaba de comprobar la Guardia Civil, que ha desarticulado un grupo organizado de un centenar de integrantes, la mayoría de los cuales tiene menos de 25 años. Se dedicaban a la comisión de estafas telefónicas y bancarias. Los investigadores no descartan más detenciones y tienen bajo su lupa a 151 personas más. Los delitos se cometieron en toda España y solo en Barcelona se practicaron 79 detenciones y se investiga a 46 sospechosos más. Llama la atención la juventud de los acusados, muchos de 18 años. Solo en la provincia de Málaga la estafa que se les imputa asciende a 1,2 millones de euros. Los presuntos implicados suplantaban el número de teléfono de una entidad bancaria concreta, desde el que enviaban mensajes a clientes de dicho banco o se hacían pasar por empleados para acceder a las claves de las cuentas de los perjudicados y realizar compras o transferencias de dinero sin su consentimiento.;Sucesos
Liberada una mujer en Santa Coloma de Farners atada en una vivienda cedida por la Generalitat;https://www.lavanguardia.com/sucesos/20240418/9597836/liberada-mujer-santa-coloma-farners-atada-manos-pies-companera-piso.html;18/04/2024;Los Mossos d'Esquadra liberaron este miércoles a Beatriz, una mujer de 45 años, española, que estaba retenida en un piso de Santa Coloma de Farners, en Girona. La víctima estaba atada de pies y manos, con bridas y un pañuelo. Tras ser rescatada, la mujer aseguró que llevaba más de un mes retenida por una amiga, María, española como ella y de 34 años a la que conoció cuando ambas compartieron piso de acogida para mujeres maltratadas en Figueres.;Sucesos
Detienen a un ladrón por robar objetos y joyas valoradas en 10.000 euros en un piso de Barcelona;https://www.lavanguardia.com/sucesos/20210523/7475801/mossos-detienen-ladron-multirreincidente-robar-objetos-joyas-valoradas-10-000-euros-piso-sarria-gervasi.html;23/05/2021;Agentes de la Policía de la Generalitat-Mossos de la Unidad de Investigación de la comisaría de Sarrià - Sant Gervasi detuvieron a un hombre multirreincidente, de 42 años y nacionalidad kosovar, como presunto autor de un robo con fuerza en un domicilio del distrito. El 8 de abril hubo un robo con fuerza en un domicilio de la calle de Balmes, en el distrito de Sarrià - Sant Gervasi de Barcelona, de donde el ladrón se llevó objetos y joyas valoradas en 10.000 euros.;Sucesos
La Guardia Civil interviene en Barcelona 4,5 toneladas de hachís y armas de guerra operativas;https://www.lavanguardia.com/sucesos/20230920/9240007/guardia-civil-interviene-barcelona-4-5-toneladas-hachis-armas-guerra-operativas.html;20/09/2023;La Guardia Civil ha intervenido en El Garraf (Barcelona) 4,5 toneladas de hachís y armas de guerra operativas como parte de una operación activa desde 2019 para desarticular una “compleja” organización criminal dedicada al tráfico de hachís a gran escala y receptación de dispositivos electrónicos previamente sustraídos. Según informó este miércoles la Guardia Civil, en la operación, conocida como ‘Rescatada’, se detuvo a un total de 50 personas a lo largo de estos años, entre las que se encuentra un Policía Local en prácticas, por la presunta comisión de los delitos de tráfico de drogas, pertenencia a organización criminal, receptación y blanqueo de capitales.;Sucesos
Detenido tras agredir con una piedra a dos chicas en la calle Balmes de Barcelona;https://www.lavanguardia.com/sucesos/20221101/8590058/prision-agredir-piedra-dos-chicas-balmes-barcelona.html;01/11/2022;Una magistrada de Barcelona envía a prisión provisional comunicada y sin fianza a un varón de 50 años tras un intento de homicidio a dos mujeres de 21 i 22 años, respectivamente, ocurrido durante la madrugada del domingo en la ciudad Condal. El detenido tiene antecedentes por homicidio doloso y se encontraba en permiso de tercer grado, según un comunicado del Tribunal Superior de Justicia de Catalunya (TSJC). Los hechos ocurrieron en la calle Balmes junto a Marià Cubí, en el barrio de Sant Gervasi-Galvany, cuando las dos jóvenes fueron sorprendidas y golpeadas en la cabeza con una piedra por el agresor. Las heridas les causaron múltiples contusiones y fueron trasladadas al hospital Sagrat Cor de Barcelona.;Sucesos
Cuatro detenidos de una banda internacional que robaba en chalets habitados en Catalunya y Madrid;https://www.lavanguardia.com/sucesos/20220805/8451657/cuatro-detenidos-banda-internacional-robaba-viviendas-cataluna-madrid.html;05/08/2022;La Guardia Civil ha detenido a cuatro personas que integraban un grupo criminal especializado en robos con fuerza en viviendas habitadas, a los que se les atribuye una decena de delitos cometidos en la Comunidad de Madrid y en varios puntos de Catalunya. La investigación, en el marco de la operación Habitat-Bidasoa, ha sido llevada a cabo por la Guardia Civil y la Policía Judicial de la Prefectura de París en Francia, ya que se estima que los detenidos conformaban una célula itinerante a nivel internacional.;Sucesos
Mossos y Policía Nacional frustran el intento de la ‘Mocro-Mafia’ holandesa de asentarse en Catalunya;https://www.lavanguardia.com/sucesos/20221026/8582443/mossos-policia-nacional-frustran-intento-mocro-mafia-holandesa-asentarse-cataluna.html;26/10/2022;Agentes de la Policía Nacional y Mossos d’Esquadra, con la intervención de la Policía de los Países Bajos han detenido a tres integrantes de la denominada ‘Mocro-Mafia’ holandesa, frustrando su intento de asentarse en Catalunya, donde tenían previsto blanquear, a partir de diversos negocios y adquisición de bienes, dinero proveniente del narcotráfico. Las pesquisas arrancaron una vez se constituyó, en febrero de 2021, un Equipo Conjunto de Investigación (ECI), entre Policía Nacional y Mossos d’Esquadra, con el objetivo de esclarecer delitos de robos con fuerza en cajeros automáticos mediante gases explosivos en varios países de la Unión Europea.;Sucesos
La delincuencia aprovecha la desbandada de Semana Santa;https://www.lavanguardia.com/sucesos/20220420/8208142/delincuencia-aprovecha-desbandada-semana-santa.html;20/04/2022;A la espera de contabilizar las denuncias que se vayan presentando por la actividad delincuencial en Catalunya la última Semana Santa, queda claro que en materia criminal hemos vuelto a la normalidad que en cuestiones de robos sufríamos antes de la pandemia. Que mejor que la desbandada generalizada de la semana pasada para reactivar a una delincuencia que poco a poco vuelve a las andadas con brío. A falta de cifras oficiales y estadísticas comparando unos años con otros, lo mejor para ilustrar lo que ha pasado estos últimos días es recuperando algunos casos concretos. Durante la pandemia los trasteros particulares, así como los vehículos de los parkings públicos y privados se convirtieron en un objetivo recurrente de bandas que en su mayoría hacían hurtos en el transporte público y se readaptaron. El domingo pasado, los vecinos de un inmueble de la avenida Josep Tarradellas de l’Hospitalet de Llobregat descubrieron alarmados como aprovechando que parte de la comunidad estaba de escapada, les reventaron 23 trasteros. Forzaron las cerraduras, que no acostumbran a ser en general muy sofisticadas en estos habitáculos, y los saquearon.;Sucesos
Detenidos dos hombres por robos violentos en tiendas de telefonía de varias localidades catalanas;https://www.lavanguardia.com/sucesos/20201025/4959712/detenidos-robos-violentos-tiendas-moviles-catalunya.html;25/10/2020;LosMossos de Esquadrahan informado de la detención de dos hombres de nacionalidad rumana, de 24 y 39 años, como presuntos autores decinco robos con violencia e intimidación en tiendas de telefoníade las comarcas del Baix Llobregat, Tarragonès y Vallès Oriental. Los arrestados amenazaban al personal de los establecimientos y simulaban llevar un arma en el bolsillo, según ha informado el cuerpo policial. La investigación se inició a principios del mes de octubre, cuando los investigadores tuvieron conocimiento del robo en una tienda de telefonía en el municipio de Sant Boi de Llobregat. Solo unos minutos más tarde de la apertura de la tienda, los autores del roboamenazaron al personal del establecimiento, poniéndose una mano en el bolsillo y simulando que llevaban un arma y consiguieron sustraer varios teléfonos móviles que había en exposición en su interior.;Sucesos
Indulgencia para rescatar el arte sacro robado;https://www.lavanguardia.com/sucesos/20220503/8231950/rescate-arte-sacro.html;03/05/2022;Indulgencia para los que ayuden a localizar arte sacro robado durante años de iglesias y monasterios españoles en la segunda mitad del siglo XX. La justicia está decidida. Es el momento de que aparezcan los buenos samaritanos. “Proceda a hacer entrega de la parte que falta por recuperar del tapiz El Compendio o Apoteosis de las Artes, elaborado en 1654 por Corneille Schutz, referente al robo en la Iglesia Santo Domingo de Castrojeriz (Burgos) el 7 de noviembre de 1980”. Lo que leen es un escrito de la Audiencia Nacional (Juzgado de Instrucción Central número 4) dirigido a la Jefatura Superior de Policía de Catalunya con el objetivo de que la citada pieza, recuperada tras haber sido objeto de un robo, fuera entregada, como así ocurrió, al Arzobispado de Burgos.;Sucesos
Desarticulado en Barcelona un grupo que robó en al menos diez pisos;https://www.lavanguardia.com/sucesos/20200801/482623225834/barcelona-ladrones-pisos-detencion-robos-vivienda.html;01/08/2020;LosMossos d’Esquadrahandetenidoa cinco personas y han dado por desarticulado un grupo especializado en forzarcerradurasal que achaca la comisión de al menos diezrobosenpisosdeBarcelona. La policía catalana ha informado este sábado de que las detenciones se produjeron el pasado día 29 y que el juez ha mandado a prisión a uno de los arrestados. Los miembros de la banda eran especialistas en forzar cerraduras y practicaban en una especie de taller que habían montado en el piso donde vivían, en la calle Castillejos de Barcelona, en el que fabricaban sus propias herramientas y en el que tenían una muestra de bombines de cerraduras para depurar su técnica.;Sucesos
Detenido en Barcelona un miembro de la banda internacional de atracadores Pink Panter;https://www.lavanguardia.com/sucesos/20211001/7760987/detenido-miembro-pink-panter-barcelona.html;01/10/2021;La Policía Nacional ha detenido a un integrante de los Pink Panthers, una organización criminal internacional muy violenta especializada en robos a joyerías. El arrestado, de nacionalidad croata, se refugiaba en Barcelona y era reclamado por las autoridades alemanas que lo relacionan con la comisión de tres asaltos violentos a estos establecimientos. Sobre él pesaba una orden europea de detención. Las autoridades alemanas lo buscaban por haber robado joyas por valor de 715.000 euros. La operación se ha desencadenado después de que un tribunal alemán solicitase la detención de este ciudadano croata, a quien se pudo vincular con la organización Pink Panther, especializada en atracos muy violentos exhaustivamente planificados.;Sucesos
Dobrowolski queda en libertad tras el intento de robo en la casa de Mainat en Canet;https://www.lavanguardia.com/sucesos/20201125/49691768441/dobrowolski-mujer-mainat-libertad.html;25/11/2020;El Juzgado de Instrucción 4 Arenys de Mar (Barcelona) ha acordado este miércoles libertad provisional para la esposa del productor de televisiónJosep Maria Mainat,Angela Dobrowolski, que había pasado a disposición del juez tras ser detenida el martes por presuntamente intentar robar en la casa de él en Canet de Mar (Barcelona). El juez también ha dejado en libertad a su amante,Gabriel, que fue detenido con ella, y ambos deberán presentarse en el Juzgado siempre que sean requeridos, informa el Tribunal Superior de Justicia de Catalunya (TSJC). Ninguna de las acusaciones ha pedido imponer a los detenidos otras medidas cautelares por este presunto intento de robo con fuerza.;Sucesos
El presunto asesino de la app gay estuvo en Catalunya;https://www.lavanguardia.com/sucesos/20220519/8277051/asesino-app-gay-catalunya.html;19/05/2022;Lo admitió en su momento el consejero de Seguridad del Gobierno vasco, Josu Erkoreka, que compareció tras la entrega en una comisaría de Irun del sospechoso al que la Ertzaintza buscaba desde hacía meses como el posible autor de varias muertes en Bilbao. Dijo entonces el responsable de la policía vasca que el trabajo proseguía con mucha intensidad y que los investigadores estaban reconstruyendo los pasos de Nelson David M. B., dentro y fuera de Euskadi. Había constancia de al menos un viaje a Murcia, acompañando a la que entonces era su novia. No fue el único desplazamiento. El individuo también estuvo en Catalu­nya. Así lo han reconocido hasta ahora dos hombres que, tras ver su imagen en los medios de comunicación, acudieron a sendas comisarías de los Mossos d’Esquadra para explicar su relación con el acusado, según han con­firmado aLa Vanguardiavarias fuentes al tanto del caso. El primero de los individuos acudió la semana pasada a la comisaría de la policía catalana en Pineda. El hombre relató a los agentes que había conocido al colombiano que aparecía en los medios de comunicación acusado de ser el asesino de gais en el País Vasco. No tenía ni la menor duda. Aseguró que le invitó a su casa y que no tardó en darse cuenta de que el joven intentaba emborracharle o drogarle para que perdiera la conciencia con la intención de robarle. El hombre explicó que tenía experiencia en el consumo de sustancias estupefacientes, que intuyó con claridad las verdaderas intenciones del chaval, y decidió echarle a gritos. No había vuelto a saber nada más del joven hasta que tropezó con su retrato en las televisiones, donde era señalado como el hombre al que buscaba la Ertzaintza por la muerte de varios gais en Bilbao.;Sucesos
Mossos y Policía Nacional desmantelan un grupo especializado en robar empresas y domicilios;https://www.lavanguardia.com/sucesos/20220913/8521404/mossos-policia-nacional-desmantelan-grupo-especializado-robar-empresas-domicilios.html;13/09/2022;Mosso d’Escuadra de División de Investigación Criminal (DIC) de las regiones metropolitana sur y central, conjuntamente con la Brigada Local de Policía Judicial de la Policía Nacional de Sant Adrià del Besòs, desarticularon un grupo criminal dedicado a los delitos contra el patrimonio, tanto en domicilios como en empresas. Durante la investigación se han podido detener a tres hombres por su pertenencia a grupo criminal, presuntamente autores de varios robos con fuerza en empresas y domicilios. La investigación se inició en marzo de este año cuando, por un lado, agentes de la Policía Nacional detuvieron a una persona, lo que permitió conocer cuatro robos con fuerza en empresas y, por otra parte, los Mossos d'Esquadra identificaron a una serie de personas como presuntos autores de varios robos con fuerza.;Sucesos
Los cuatreros del siglo XXI desafían la seguridad del campo español;https://www.lavanguardia.com/sucesos/20200930/483758827252/cuatreros-ladrones-ganado-bandas-organizadas-espana.html;30/09/2020;Suena a pasajes de otros tiempos, pero todavía existenladrones de ganado en España. Son loscuatreros del siglo XXI. El presente digital no ha acabado con ellos. Sin embargo, debe descartarse la idea romántica, dicen desdelas fuerzas de seguridad, que pueda tenerse de un bandolero serrano que se queda con el conejo de un aldeano porque pasa hambre. Detrás de losrobos de ovejas, cabras, cerdos o corderos, o cualquier otro animalhay organizaciones delictivas. Se trata de bandas o grupos que también son responsables de otras amenazas que se ciernen sobre el medio rural. Del mismo modo que se llevan una docena de cabritos, los hay que se apropian de kilos y kilos de cítricos o de verdura, de aceitunas…;Sucesos
Las policías baten el récord de detenidos en julio en Barcelona;https://www.lavanguardia.com/sucesos/20220827/8486426/policias-baten-record-detenidos-julio-barcelona.html;27/08/2022;Los más agoreros, entre los que se puede incluir a la periodista que firma estas líneas, pronosticamos que el verano sería especialmente complejo en materia de seguridad en la ciudad de Barcelona. Y no ha sido así. Es más, las estadísticas de julio constatan que el conjunto de las fuerzas policiales que trabajan en la capital, con la ayuda inestimable y cada vez más importante de la seguridad privada, han contenido las cifras e incluso han logrado descensos muy significativos si se comparan con julio del 2019 en delitos como los hurtos o los robos con violencia en la vía pública. Los buenos resultados, sin perder de vista que se comparan con un 2019 que está considerado como uno de los años más terribles en materia de inseguridad en Barcelona, son el resultado, asegura la comisaría responsable de los Mossos d’Esquadra en la capital, Marta Fernández, de un “trabajo planificado que ya se puede llamar como el método de Barcelona, porque estamos hablando de un escenario muy particular, con problemáticas muy características que nos ha obligado a reinventarnos. Pero nada es casual”.;Sucesos
El detenido por agredir con una piedra a dos jóvenes ya mató al vigilante de un parking;https://www.lavanguardia.com/sucesos/20221102/8590308/detenido-agredir-piedra-dos-jovenes-mato-vigilante-parking.html;02/11/2022;Decía bien una de las dos jóvenes que la madrugada del domingo pasadofueron atacadas por sorpresa por un hombre que las agredió violentamente con una piedra, por sorpresa y prácticamente sin mediar palabra. En declaraciones a betevé, una de las víctimas contaba todavía asustada y con las señales de los puntos en el rostro, que estaba segura de que si el hombre hubiera medido más sus fuerzas en el segundo golpe con una piedra de grandes dimensiones, la hubiera matado. No hubiera sido la primera vez. El incidente, que se saldó con tres heridos, las dos jóvenes y un hombre que medió para ayudarlas y también resultó lesionado de gravedad, acabó con la detención del individuo a manos de las patrullas de seguridad ciudadana de los Mossos d'Esquadra que se acercaron a la zona, en la calle Balmes, reclamadas por varios testigos de la agresión. El Tribunal Superior de Justícia de Catalunya, en un comunicado, informó el martes de que el hombre había ingresado en prisión y añadió que se encontraba en tercer grado de una condena por un homicidio doloso. Un asesinato que el detenido, Alberto Rovira Moll, de 50 años, cometió en agosto del 2008 y por el que fue condenado a 16 años de prisión por un tribunal con jurado.;Sucesos
Detenido un clan familiar dedicado a robar con violencia a ancianos en Catalunya;https://www.lavanguardia.com/sucesos/20201201/49836631765/detenido-clan-familiar-robos-violencia-ancianos.html;01/12/2020;LosMossos d’Esquadradetuvieron el 25 de noviembre ados hombres y tres mujeresde un clan familiar que presuntamente se dedicaban arobar violentamente relojes y joyasaancianosenCatalunya. Según un comunicado, entre junio y agosto los Mossos tuvieron conocimiento de siete robos en diferentes puntos de Catalunya, con el mismo patrón:robos violentosde relojes y joyas a personas de65 a 90 añosen la calle, y los robos sucedieron en Sitges --dos--, Malgrat de Mar, Sant Cugat, Sant Andreu de Llavaneres (Barcelona) y Calonge (Girona).;Sucesos
Detenido por asaltar y robar el bolso de una mujer con 400.000 euros en joyas;https://www.lavanguardia.com/sucesos/20210220/6256805/detenido-asaltar-robar-bolso-mujer-400-000-euros-joyas.html;20/02/2021;Los Mossos d'Esquadra han detenido al principal investigado de un robo violento en el área de servicio de Montseny de la AP-7. El 11 de septiembre, unos desconocidos asaltaron a una turista que viajaba desde Portugal y le robaron el bolso de mano, donde llevaba joyas valoradas en 400.000 euros. La víctima explicó que la intentaron distraer para robarle el bolso y que, al intentar impedirlo, la golpearon. Los Mossos identificaron a un grupo de tres personas especializadas en hurtos a turistas en las autopistas, el aeropuerto de Barcelona y Madrid, y detuvieron un miembro, que quedó en libertad después de pasar a disposición judicial. La policía no descarta la detención del resto de miembros del grupo en los próximos días.;Sucesos
Doce horas inconsciente en un asalto idéntico a los de Bilbao: “No he vuelto a ser el mismo”;https://www.lavanguardia.com/sucesos/20220519/8277052/doce-horas-inconsciente-asalto-identico-bilbao-no-vuelto-ser-mismo.html;19/05/2022;Se aferra a la calva con las dos manos y hace el ademán de apretar, cerrando con fuerza los ojos para ver si así consigue poner en orden los recuerdos. Hace tres semanas que Alexis Mesa Careaga, de 49 años, le da vueltas y vueltas a la imagen difundida del hombre que el pasado 5 de mayo se entregó en una comisaría de la Ertzaintza y que desde entonces está en prisión acusado de ser el que ya se conoce como el asesino de gais en el País Vasco. Este cubano de 49 años asentado en Barcelona conoció el pasado 13 de noviembre a un colombiano al que invitó a subir a su casa tras intercambiar cuatro mensajes en la aplicación de citas Grindr, utilizada por homosexuales. Lo que vino después consta en una denuncia que presentó en los Mossos d’Esquadra de Sants y que ahora recuerda aLa Vanguardia. “La excusa fue que le invitaba a un vino”. El recién llegado enseguida pidió de beber, recuerda su víctima. “Puso música con su móvil, hizo ver que bailaba y me insistió en que yo apurara la copa”. Alexis se ausentó dos instantes, uno a la cocina y otro al baño. “Le tuve que decir que no me rellenara la copa con tanta rapidez, que era un buen vino y que merecía ser saboreado”. Ya no recuerda nada más. “Me desperté once horas después abrumado, sin entender lo que había ocurrido”. Enseguida descubrió que la caja fuerte en la que guardaba 300 euros estaba abierta y que faltaba ropa, regalos, perfumes que había comprado para sus amistades en Cuba, dos pasaportes, el documento de identidad, joyas familiares que guardaba como reliquias y las tarjetas de crédito que el ladrón no pudo utilizar porque “estaban a cero”.;Sucesos
La industria china de la marihuana;https://www.lavanguardia.com/sucesos/20210420/6984575/industria-china-marihuana.html;20/04/2021;Las cifras ayudan a hacerse una buena idea de las dimensiones y de la importancia dela organización criminal de origen chino desarticuladadurante una operación conjunta de los Mossos d'Esquadra y la Policía Nacional, tutelada por el juzgado cinco de Badalona. En dos fases, los investigadores detuvieron a 65 personas de las que 27 ingresaron a prisión, registraron 29 viviendas y locales, se incautaron de casi 200.000 euros y 40.000 plantas de marihuana repartidas en 13 plantaciones distintas. Poder vincular ese número de plantaciones a una misma organización criminal es uno de los éxitos de la investigación. El inspector Toni Salleras y el inspector jefe Juan Pablo Iglesias, responsables de crimen organizado en Mossos y Policía Nacional, han detallado este martes la importancia del caso que ha logrado, aseguran, desarticular completamente a las dos familias asociadas para la causa.;Sucesos
Tres jóvenes mueren asesinados en las últimas 24 horas en España;https://www.lavanguardia.com/sucesos/20221101/8589921/tres-jovenes-mueren-asesinados-ultimas-24-horas-espana.html;01/11/2022;Tres jóvenes han muerto de forma violenta en las últimas 24 horas en España: uno tiroteado en Málaga y dos apuñalados en Salou (en la provincia de Tarragona) y en la localidad sevillana de Palomares del Río, respectivamente. A estos crímenes se añade una larga lista de sucesos registrados en la noche de Halloween, con dos apuñalados en zonas de ocio de Sevilla y Granada, otro en Seseña (en la provincia Toledo) y la detención de 18 menores por agredir a varias personas que se encontraban en el recinto de la Feria de Abril de Sevilla, a donde accedieron vestidos de negro y con los rostros tapados.;Sucesos
Los 'fura' contra las bandas de 'relojeros';https://www.lavanguardia.com/sucesos/20220523/8285643/asi-persiguen-mossos-bandas-relojeros-barcelona.html;23/05/2022;"Suerte de los bicitaxis que las madrugadas del pasado fin de semana se ofrecieron en varias ocasiones a trasladar pedaleando a esta que escribe mientras trataba de documentar de cerca el trabajo de losfurade Ciutat Vella. De ese grupo de los Mossos d'Esquadra hemos escrito y mucho en esta misma web deLa Vanguardia. Se trata deagentes de seguridad ciudadana de paisanoespecializados en combatir a los multireincidentes; unos delincuentes a los que conocen bien, localizan y persiguen sin ser vistos hasta detenerlosin fraganti. Este diario ya adelantó la semana pasada la creación de un nuevo grupo operativo en la región policial de los Mossos de Barcelona dedicado exclusivamente a una de las problemáticas delincuenciales que más se ha disparado en las últimas semanas:losrelojeros. El nuevo grupo está integrado por una amalgama de unidades especializadas que tienen como prioridad trabajar la problemática a partir de una mirada más amplia en la que tiene un papel crucial la investigación para tratar de seguir el rastro de los relojes que son robados. Un grupo de trabajo que asume la elaboración de los atestados para redactarlos con la complicidad de los jueces y los fiscales de Barcelona para tratar de conseguir un porcentaje más alto de ingresos en prisión de los detenidos. El nuevo grupo operativo derelojerosarrancó la semana pasadacentrándose en el horario de día, tras comprobar que muchos de los asaltos violentos se estaban produciendo a plena luz. Robos después de que los delincuentes persigan de cerca a sus objetivos, cuando éstos salen de un buen restaurante o del hotel para dar un paseo antes de cenar.";Sucesos
Libertad vigilada para los autores de la agresión en grupo a un menor en Sants;https://www.lavanguardia.com/sucesos/20210107/6171428/juez-impone-libertad-vigilada-alejamiento-victima-agresores-menor.html;07/01/2021;Un juez de menores ha acordado imponer la libertad vigilada y la prohibición de acercarse a la víctima a los cuatro menores investigados por unaagresión en grupo a un menor en el barrio de Santsde Barcelona. Tres de ellos fueron detenidos por lesiones y robo con intimidación, ya que también le sustrajeron el móvil y una cadena. Otro menor ha sido detenido esta mañana y pasará a disposición judicial en las próximas horas, según han anunciado los Mossos d'Esquadra. La investigación continua abierta y no se descartan nuevas detenciones.;Sucesos
Prisión para tres hombres por asalto violento en una casa del Alt Empordà;https://www.lavanguardia.com/sucesos/20201227/6150976/ingresan-prision-3-hombres-detenidos-asalto-violento-casa-girona.html;27/12/2020;Tres hombres han ingresado en prisión tras haber sido detenidos como presuntos autores del asalto violento a una vivienda en la localidad ampurdanesa de Cantallops, donde amordazaron y agredieron a un matrimonio para que dijera dónde estaba la caja fuerte. Los Mossos han informado este domingo de que la detención de estos tres hombres, de nacionalidad dominicana y de entre 38 y 40 años, se produjo la pasada semana. Uno de ellos fue arrestado el 19 de diciembre en el aeropuerto de Barajas cuando pretendía volar a su país.;Sucesos
Un velero con 1,4 toneladas de cocaína propició la caída de la mayor red de distribución de Europa;https://www.lavanguardia.com/sucesos/20210927/7749964/velero-1-4-toneladas-cocaina-propicio-caida-mayor-red-distribucion-europa.html;27/09/2021;En 2018, el Grupo Especial de Operaciones (GEO) de la Policía Nacional abordó un velero —en que viajaban dos croatas y un estadounidense— que transportaba 1,4 toneladas de cocaína. En ese momento saltaron las alarmas. Los investigadores comenzaron a tirar del hilo y tres de años después la operación se ha saldado con el desarticulación de la mayor red de distribución de cocaína de Europa. Detrás estaba el cártel de los Balcanes, una de las organizaciones criminales más violentas del continente. La organización que ha sido desmantelada —con 61 detenciones— pretendía llevar a cabo una operación de tráfico de drogas desde Sudamérica hasta Europa, según ha informado el comisario Antonio Martínez Duarte, jefe de la Brigada Central de Estupefacientes de la UDYCO. Esta organización criminal estaba compuesta, principalmente, por súbditos de países del este de Europa, originarios de Serbia, Croacia y Montenegro.;Sucesos
Los asesinos de la enfermera le pidieron hora para matarla;https://www.lavanguardia.com/sucesos/20201203/49857676094/asesinato-enfermera-girona-cita-medica-companera-de-trabajo.html;03/12/2020;LosMossos d’Esquadradetuvieron el pasado lunes a cuatro personas que supuestamente urdieron y ejecutaron elasesinato de una enfermera de Gironacon el objetivo derobarleeldineroque escondía en doscajas fuertes. Así consta en los autos dictados por el juez en el que decreta su ingreso en prisión y a los que ha tenido accesoLa Vanguardia.Los arrestados concertaron unacita médicacon la víctima para acceder a su domicilio, apoderarse del botín y acabar con su vida para evitar ser identificados. El plan fue premeditado con un mes de antelación, según los investigadores. Los asaltantes asesinaron a la enfermera pero se fueron de vacío, incapaces de violentar la caja fuerte. Carme Font, de 67 años, persona muy conocida en Girona,apareció el 25 de septiembre pasado asesinada en su domicilio, situado en la avenida de Barcelona. La habían atado con unas bridas y golpeado de forma brutal. Era la supervisora de la unidad de Diálisis de la Clínica Girona y tenía una consulta privada de podología en su propia casa. La fallecida además gestionaba varios pisos y manejaba “importantes cantidades de dinero” que la puso en la diana de sus asaltantes.;Sucesos
Cae un grupo criminal dedicado al robo de cobre en Catalunya y Aragón;https://www.lavanguardia.com/sucesos/20241205/10172746/cae-grupo-criminal-dedicado-robo-cobre-catalunya-aragon.html;05/12/2024;Los Mossos d'Esquadra y la Guardia Civil detuvieron ocho personas de entre 21 y 29 años el pasado 27 de noviembre como presunto responsables de 28 robos con fuerza y pertenencia a un grupo criminal especializado en el robo de cobre. Las detenciones son el resultado de una investigación iniciada en diciembre del pasado año, cuando se empezaron a producir una serie de robos de cable eléctrico, cometidos con el mismo modus operandi, en empresas de Aragón y Catalunya. Todas las empresas afectadas se caracterizaban por un uso intensivo de energía eléctrica en sus procesos de producción, tales como depuradoras de aguas residuales o deshidratadoras de forrajes, y por tanto disponían de una instalación de cable eléctrico relevante.;Sucesos
Detenidos cuatro hombres que robaron en casas de Ourense, Pontevedra, Valladolid y Madrid;https://www.lavanguardia.com/sucesos/20250601/10742466/detenidos-cuatro-hombres-robaron-casas-ourense-pontevedra-valladolid-madrid.html;01/06/2025;Los Mossos, en colaboración con la Guardia Civil, han desarticulado un grupo especializado en el robo con fuerza en viviendas con la detención de sus cuatro integrantes, a los que se les atribuyen cinco entradas en casas de Ourense, Pontevedra, Valladolid y Madrid, aunque se investiga si están relacionados con una docena de robos más. La policía catalana ha informado este domingo en un comunicado de que las detenciones se practicaron el pasado día 28. Se trata de cuatro hombres, de entre 35 y 46 años, quienes se dedicaban a robos con fuerza en viviendas desde diciembre de 2024.;Sucesos
Cae el principal grupo criminal de robos en cajas fuertes en joyerías e inmobiliarias de Catalunya;https://www.lavanguardia.com/sucesos/20250206/10357678/cae-principal-grupo-criminal-robos-cajas-fuertes-joyerias-e-inmobiliarias-catalunya-asd.html;06/02/2025;Los Mossos d'Esquadra y la Policía Nacional desarticularon el pasado 26 de enero un grupo dedicado al robo de cajas fuertes en joyerías e inmobiliarias de Catalunya. Los investigadores detuvieron a cinco personas implicadas en 17 delitos de robos con fuerza con un valor de 700.000 euros en diferentes establecimientos de todo el territorio desde enero de 2024. Los detenidos acumulaban más de 150 detenciones, gran parte de ellas relacionadas con hechos similares cometidos en diferentes puntos del estado. El grupo utilizaba la técnica del oxicorte, un método basado en una combinación de gases que permite cortar metales resistentes con facilidad.;Sucesos
Detenido un hombre por robar 20.000 euros en joyas en Premià de Mar;https://www.lavanguardia.com/sucesos/20250328/10527462/hombre-detenido-robar-20-000-euros-joyas-premia-mar-asd-pmv.html;28/03/2025;Los ladrones normalmente se dedican a arrancar cadenas y otras joyas de oro en plena calle, llegando a provocar lesiones graves en sus víctimas. Sin embargo, en la actualidad es más común toparse con delincuentes que roban directamente en la tienda. Es lo que ocurrió el pasado 6 de marzo por la tarde en una joyería dePremià de Mar(Catalunya), cuando un cliente entró y pidió ver varias cadenas de oro a una de las dependientas. Ambos se sentaron y se las mostró con naturalidad, ya que había más empleados en el local.;Sucesos
Detenido el ladrón 'discreto' que robaba en coches de Tarragona con cautela y sin dejar rastro;https://www.lavanguardia.com/sucesos/20250219/10400933/detenido-ladron-discreto-robaba-coches-tarragona-cautela-dejar-rastro-asd.html;19/02/2025;Los Mossos d'Esquadra han detenido este martes 18 de febrero a un hombre de 40 años que había robado 18 coches en 10 días en Tarragona, Catalunya. El autor de estos hurtos forzaba las cerraduras de los vehículos de cautelosamente, de forma que las víctimas ni siquiera se daban cuenta de los hechos. Así se desprende de la información publicada porAntena3. Elmodus operandide este ladrón no tenía nada que ver con los robos más usuales en vehículos. Este hombre no rompía cristales ni dejaba ningún otro tipo de destrozo visible para acceder al interior de los distintos vehículos asaltados: su método particular le permitía no dejar rastro del hurto.;Sucesos
Desarticulado un grupo que robaba en tragaperras de Catalunya, Valencia y Aragón;https://www.lavanguardia.com/sucesos/20240302/9532814/desarticulado-grupo-robaba-tragaperras-catalunya-valencia-aragon.html;02/03/2024;"Un operativo conjunto de los Mossos y la Guardia Civil ha desarticulado un grupo itinerante que se dedicaba a robar la recaudación de las máquinas tragaperras en bares de Catalunya, Aragón y Valencia con la detención de seis personas tras el registro en cuatro domicilios. Los detenidos, a los que se les encontró cuatro sacas con 30 kilos de monedas de un euro, están acusados de 31 robos en bares y establecimientos de localidades pequeñas, en los que forzaban la entrada para hacerse con la recaudación de las tragaperras, todo ""de manera rápida y especializada"", según un comunicado de los Mossos.";Sucesos
Los Mossos investigan un robo en el monasterio de Vallbona;https://www.lavanguardia.com/sucesos/20221114/8606646/mossos-investigan-robo-monasterio-vallbona.html;14/11/2022;Los Mossos d'Esquadra investigan un robo en el monasterio de Vallbona de les Monges, en Urgell. El aviso lo dieron el sábado las monjas que residen en el sitio y según la policía, los ladrones se habrían llevado elementos de piedra del interior del templo, en concreto dos fregaderos y un arco de piedra al lado de la capilla. El robo habría ocurrido entre el miércoles y el jueves de la semana pasada. El monasterio de Vallbona de les Monges, fundado en la primera mitad del siglo XII es un monumento declarado Bien Cultural de Interés Nacional.;Sucesos
Cae una banda en Barcelona que robaba en bares y escondía el botín en una madriguera;https://www.lavanguardia.com/sucesos/20240824/9888561/cae-banda-robaba-bares-escondia-botin-madriguera.html;24/08/2024;Los Mossos d'Esquadra han desarticulado una banda de delincuentes que robaba en bares de Catalunya y que después guardaba los botines en una madriguera situada en una zona boscosa, en un lateral de la autopista AP-7. En total, se han detenido a tres personas, de 45, 38 i 31 años, por un delito de robo con fuerza y pertenencia a grupo criminal. Las detenciones del operativo se efectuaron el pasado 13 de agosto en el distrito de Sarrià-Sant Gervasi de Barcelona. Los arrestados presuntamente robaban dinero en efectivo de máquinas tragaperras y cajas registradoras de los bares saqueados. Después, guardaban los botines en un escondite que habían construido en el lateral de la autopista, lo que les permitió pasar desapercibidos en los últimos cuatro años y estar activos desde el 2008.;Sucesos
Muere un hombre tras una pelea en plaza Catalunya de Barcelona;https://www.lavanguardia.com/sucesos/20231208/9435349/muere-hombre-pelea-plaza-catalunya.html;08/12/2023;Un hombre ha fallecido este jueves en un hospital de Barcelona después de ingresar en estado crítico el pasado martes tras una pelea que tuvo lugar en la plaza Catalunya de la capital catalana. La Guardia Urbana se desplazó al lugar de los hechos esa misma noche y pudo detener al presunto responsable. Tras la pelea, la víctima quedó herida de gravedad y fue trasladada a un centro hospitalario, donde finalmente ha fallecido.;Sucesos
Mossos y Guardia Civil detienen a nueve personas que asaltaban domicilios con fuerza;https://www.lavanguardia.com/sucesos/20240316/9565038/mossos-guardia-civil-detienen-nueve-personas-grupo-criminal.html;16/03/2024;Mossos d'Esquadra de la División de Investigación Criminal (DIC) de la Región Policial Metropolitana Sur y la Guardia Civil de Asturias, han desmantelado una organización criminal que se dedicaba al robo con fuerza a domicilio y han detenido a siete hombres y dos mujeres como presuntos autores de 22 delitos de robo con fuerza a domicilio, trece en Catalunya y diez en Asturias, por pertenencia a grupo criminal, receptación y falsificación documental. La investigación se inició a principios de enero cuando agentes de la Unidad de Investigación de la comisaría de Sant Boi de Llobregat tuvo conocimiento de un robo con fuerza en un domicilio de Santa Coloma de Cervelló. Unas semanas después, los investigadores tuvieron conocimiento de un segundo robo, esta vez en grado de tentativa, en el mismo municipio.;Sucesos
Detenido en Terrassa el autor del último crimen con arma blanca;https://www.lavanguardia.com/sucesos/20240914/9940645/detenido-terrassa-autor-ultimo-crimen-arma-blanca.html;14/09/2024;Esta vez el escenario ha sido Terrassa y la víctima, un marroquí de 33 años, vecino de la localidad, y que murió esta pasada madrugada tras recibir una puñalada con un cuchillo con una hoja de 21 centímetros, en plena calle. La agresión se produjo poco antes de la una de la madrugada y en menos de una hora, los Mossos d'Esquadra habían detenido al presunto autor, un hombre nacido en Gambia en 1980 que se escondió en un edificio de la calle Reixament y que trató de engañar a los policías haciéndose el dormido. No le salió bien. Los mossos accedieron al inmueble a partir de las indicaciones que realizaron varios testigos, y los detalles que proporcionaron del presunto autor. Durante el registro del inmueble en el que se escondía, los policías localizaron el cuchillo con el mango negro que todavía estaba manchado de sangre. El fenómeno de las armas blancas se ha convertido en una de las prioridades del actual equipo de la conselleria de Interior, con Núria Parlon al frente. Nada más poner un pie en el departamento, la consellera encargó al nuevo director de la policía, Josep Lluís Trapero, la elaboración de un ambicioso plan que implique a todas las policías municipales y a la seguridad privada, para combatir un fenómeno que solo en lo que llevamos de año se ha llevado por delante nueve vidas. La Vanguardia publicaba esta semana unas cifras contundentes que ayudan a entender mejor el alcance del problema. Cada doce horas se produce en Catalunya una lesión con arma blanca.;Sucesos
“No son delincuentes, pero tienen que entender que no pueden salir de casa con navaja”;https://www.lavanguardia.com/sucesos/20240928/9979607/son-delincuentes-entender-salir-casa-navaja.html;28/09/2024;Las cosas empiezan a cambiar. Especialmente para aquellos, en un 99,9 por ciento hombres, que salen o salían de casa con un arma blanca en el bolsillo... “por si acaso”. Un “por si acaso” que en ocasiones podía acabar en mostrar ese puñal o esa navaja de forma amenazante, o peor aún, utilizarla provocando lesiones, o la muerte. Un 44% de los homicidios registrados en el 2024 en Catalunya se realizaron con arma blanca. El departamento de Interior que lidera Núria Parlon ha puesto sobre la mesa las armas blancas, que se han convertido en la prioridad de los Mossos d'Esquadra, involucrando en el objetivo a las policías locales catalanas, a la seguridad privada y a la policía portuaria, en la capital catalana. La mejor muestra de esa nueva política se visualizó el viernes por la noche en la comisaría de la policía catalana en Ciutat Vella. En la sala de actos de las dependencias de Nou de la Rambla no cabía un alfiler. Al frente del dispositivo, el intendente Rafa Tello glosó en cuatro frases el espíritu del nuevo plan Daga, rehecho por la actual jefatura de la policía y en el que ha participado activamente el intendente Toni Rodríguez, destinado desde este lunes en el complejo central de Egara, en Sabadell. “No vamos en busca de delincuentes. Nuestro objetivo es ir a buscar armas blancas y hacer entender a esas personas que no les vamos a dejar salir de casa con una navaja, porque tarde o temprano, o un mosso, o un policía local o un vigilante de seguridad, se la va a incautar, y la Generalitat a sancionar”.;Sucesos
Mossos piden a la Fiscalía que incremente las penas en los casos de robos de metal;https://www.lavanguardia.com/sucesos/20231231/9485294/mossos-piden-fiscalia-incremente-penas-casos-robos-metal.html;31/12/2023;El número de personas denunciadas por robo de metal ha incrementado este año en Catalunya. Los Mossos d'Esquadra han identificado a 492 personas en los diez primeros meses de 2023, de las que han denunciado 306, cifra que supone 70 más que durante todo el año 2022. El cuerpo atribuye el dato al incremento de patrullas , tanto uniformadas como de paisano, en aquellos espacios en los que se ha registrado una mayor actividad delictiva, así como la intensificación de la comunicación y las relaciones con empresas y entes que han sido víctimas o que podrían ser susceptibles de serlo. Hasta finales de octubre se han detenido a 186 personas por esta tipología de delitos, muy cerca de los 199 arrestados durante todo el 2022. Los Mossos d'Esquadra dan respuesta a la sustracción de metal con un Procedimiento Operativo Específico (POE) desde 2010, un mecanismo que todavía está vigente y que marca la tipología de acciones a realizar ante este tipo de delitos. Con una punta de robos en el 2013 y una bajada con la explosión de la pandemia de cóvido, en el 2020, que remontó lentamente con la recuperación de la actividad ordinaria.;Sucesos
Desarticulada una banda que asaltaba plantaciones de marihuana haciéndose pasar por policías;https://www.lavanguardia.com/sucesos/20240327/9583252/desarticulada-banda-asaltaba-plantaciones-marihuana-haciendose-pasar-policias.html;27/03/2024;Los operativos policiales contra plantaciones ilegales de marihuana son habituales en Catalunya. En los últimos años los delitos vinculados con el tráfico de esta sustancia han aumentado notablemente, lo que ha llevado a los Mossos d'Esquadra a exigir las medidas oportunas que lespermitan combatir con mayor eficacia este fenómeno creciente. Lo que no es tan habitual, y resulta una vuelta de tuerca más, es que grupos criminales emulen los operativos policiales para asaltar las plantaciones y llevar a cabo así robos de forma sistemática. Así es precisamente como operaba una banda en la demarcación de Tarragona: se hacían pasar por policías y, exhibiendo armas de fuego largas y cortas e indumentaria policial, accedían por la fuerza en la plantación y se llevaban su botín. El operativo policial conjunto de Mossos d'Esquadra y Policía Nacional logró este martes desarticular la organización criminal a la que se la vincula a cuatro robos violentos ocurridos el año pasado.;Sucesos
Investigan el robo de un kilo de cocaína de una caja fuerte en una comisaría de los Mossos;https://www.lavanguardia.com/sucesos/20201123/49638391616/robo-cocaina-bunker-comisaria-mossos.html;23/11/2020;LosMossosd’Esquadra investigan elrobo de un kilogramo de cocaínade lacomisaría de Sant Feliu de Guíxols(Girona) el pasado octubre, según adelanta laCadena Ser. Ladroga, valorada en unos 40.000 euros, se encontraba en una caja fuerte bajo custodia junto con armas y dinero. Fue el jefe de la Unidad de Investigación del cuerpo policial de la comisaría el que se dio cuenta de que faltaba un paquete de droga de la caja fuerte, bajo llave, en la que se guardaba la cocaína intervenida en varios operativos, asegura la Ser. Los policías que la custodiaban revisaron el búnker después de conocerse que cuatro agentes de la comisaría de Santa Coloma de Farners (Girona) había robado presuntamente droga para revenderla.;Sucesos
En libertad los cuatro Mossos detenidos por presunto soborno, robo y revelación de secretos;https://www.lavanguardia.com/sucesos/20211015/7793583/libertad-cuatro-mossos-detenidos-presunto-soborno-robo-revelacion-secretos.html;15/10/2021;El titular del juzgado de instrucción 1 de Rubí (Barcelona) ha decretado libertad provisional para los cuatro agentes de los Mossos d'Esquadra detenidos este jueves y que han pasado a disposición judicial este viernes por lospresuntos delitos de soborno, robo con fuerza, revelación de secretos y realización arbitraria del propio derecho. Según ha informado el Tribunal Superior de Justícia de Catalunya (TSJC) en un comunicado, se requiere a los cuatro individuos que estén a disposición del juzgado cuando sean requeridos, y para uno de ellos --mosso en excedencia-- se ha acordado la libertad bajo fianza de 85.000 euros y la medida cautelar de prohibición de salida del territorio.;Sucesos
Macrorredada contra las estafas telefónicas;https://www.lavanguardia.com/sucesos/20240723/9822783/guardia-civil-detiene-cien-miembros-red-estafas-bancarias-sms.html;23/07/2024;La edad de los ciberdelincuentes se rebaja cada vez, como acaba de comprobar la Guardia Civil, que ha desarticulado un grupo organizado de un centenar de integrantes, la mayoría de los cuales tiene menos de 25 años. Se dedicaban a la comisión de estafas telefónicas y bancarias. Los investigadores no descartan más detenciones y tienen bajo su lupa a 151 personas más. Los delitos se cometieron en toda España y solo en Barcelona se practicaron 79 detenciones y se investiga a 46 sospechosos más. Llama la atención la juventud de los acusados, muchos de 18 años. Solo en la provincia de Málaga la estafa que se les imputa asciende a 1,2 millones de euros. Los presuntos implicados suplantaban el número de teléfono de una entidad bancaria concreta, desde el que enviaban mensajes a clientes de dicho banco o se hacían pasar por empleados para acceder a las claves de las cuentas de los perjudicados y realizar compras o transferencias de dinero sin su consentimiento.;Sucesos
Liberada una mujer en Santa Coloma de Farners atada en una vivienda cedida por la Generalitat;https://www.lavanguardia.com/sucesos/20240418/9597836/liberada-mujer-santa-coloma-farners-atada-manos-pies-companera-piso.html;18/04/2024;Los Mossos d'Esquadra liberaron este miércoles a Beatriz, una mujer de 45 años, española, que estaba retenida en un piso de Santa Coloma de Farners, en Girona. La víctima estaba atada de pies y manos, con bridas y un pañuelo. Tras ser rescatada, la mujer aseguró que llevaba más de un mes retenida por una amiga, María, española como ella y de 34 años a la que conoció cuando ambas compartieron piso de acogida para mujeres maltratadas en Figueres.;Sucesos
Detienen a un ladrón por robar objetos y joyas valoradas en 10.000 euros en un piso de Barcelona;https://www.lavanguardia.com/sucesos/20210523/7475801/mossos-detienen-ladron-multirreincidente-robar-objetos-joyas-valoradas-10-000-euros-piso-sarria-gervasi.html;23/05/2021;Agentes de la Policía de la Generalitat-Mossos de la Unidad de Investigación de la comisaría de Sarrià - Sant Gervasi detuvieron a un hombre multirreincidente, de 42 años y nacionalidad kosovar, como presunto autor de un robo con fuerza en un domicilio del distrito. El 8 de abril hubo un robo con fuerza en un domicilio de la calle de Balmes, en el distrito de Sarrià - Sant Gervasi de Barcelona, de donde el ladrón se llevó objetos y joyas valoradas en 10.000 euros.;Sucesos
La Guardia Civil interviene en Barcelona 4,5 toneladas de hachís y armas de guerra operativas;https://www.lavanguardia.com/sucesos/20230920/9240007/guardia-civil-interviene-barcelona-4-5-toneladas-hachis-armas-guerra-operativas.html;20/09/2023;La Guardia Civil ha intervenido en El Garraf (Barcelona) 4,5 toneladas de hachís y armas de guerra operativas como parte de una operación activa desde 2019 para desarticular una “compleja” organización criminal dedicada al tráfico de hachís a gran escala y receptación de dispositivos electrónicos previamente sustraídos. Según informó este miércoles la Guardia Civil, en la operación, conocida como ‘Rescatada’, se detuvo a un total de 50 personas a lo largo de estos años, entre las que se encuentra un Policía Local en prácticas, por la presunta comisión de los delitos de tráfico de drogas, pertenencia a organización criminal, receptación y blanqueo de capitales.;Sucesos
Detenido tras agredir con una piedra a dos chicas en la calle Balmes de Barcelona;https://www.lavanguardia.com/sucesos/20221101/8590058/prision-agredir-piedra-dos-chicas-balmes-barcelona.html;01/11/2022;Una magistrada de Barcelona envía a prisión provisional comunicada y sin fianza a un varón de 50 años tras un intento de homicidio a dos mujeres de 21 i 22 años, respectivamente, ocurrido durante la madrugada del domingo en la ciudad Condal. El detenido tiene antecedentes por homicidio doloso y se encontraba en permiso de tercer grado, según un comunicado del Tribunal Superior de Justicia de Catalunya (TSJC). Los hechos ocurrieron en la calle Balmes junto a Marià Cubí, en el barrio de Sant Gervasi-Galvany, cuando las dos jóvenes fueron sorprendidas y golpeadas en la cabeza con una piedra por el agresor. Las heridas les causaron múltiples contusiones y fueron trasladadas al hospital Sagrat Cor de Barcelona.;Sucesos
Cuatro detenidos de una banda internacional que robaba en chalets habitados en Catalunya y Madrid;https://www.lavanguardia.com/sucesos/20220805/8451657/cuatro-detenidos-banda-internacional-robaba-viviendas-cataluna-madrid.html;05/08/2022;La Guardia Civil ha detenido a cuatro personas que integraban un grupo criminal especializado en robos con fuerza en viviendas habitadas, a los que se les atribuye una decena de delitos cometidos en la Comunidad de Madrid y en varios puntos de Catalunya. La investigación, en el marco de la operación Habitat-Bidasoa, ha sido llevada a cabo por la Guardia Civil y la Policía Judicial de la Prefectura de París en Francia, ya que se estima que los detenidos conformaban una célula itinerante a nivel internacional.;Sucesos
Mossos y Policía Nacional frustran el intento de la ‘Mocro-Mafia’ holandesa de asentarse en Catalunya;https://www.lavanguardia.com/sucesos/20221026/8582443/mossos-policia-nacional-frustran-intento-mocro-mafia-holandesa-asentarse-cataluna.html;26/10/2022;Agentes de la Policía Nacional y Mossos d’Esquadra, con la intervención de la Policía de los Países Bajos han detenido a tres integrantes de la denominada ‘Mocro-Mafia’ holandesa, frustrando su intento de asentarse en Catalunya, donde tenían previsto blanquear, a partir de diversos negocios y adquisición de bienes, dinero proveniente del narcotráfico. Las pesquisas arrancaron una vez se constituyó, en febrero de 2021, un Equipo Conjunto de Investigación (ECI), entre Policía Nacional y Mossos d’Esquadra, con el objetivo de esclarecer delitos de robos con fuerza en cajeros automáticos mediante gases explosivos en varios países de la Unión Europea.;Sucesos
La delincuencia aprovecha la desbandada de Semana Santa;https://www.lavanguardia.com/sucesos/20220420/8208142/delincuencia-aprovecha-desbandada-semana-santa.html;20/04/2022;A la espera de contabilizar las denuncias que se vayan presentando por la actividad delincuencial en Catalunya la última Semana Santa, queda claro que en materia criminal hemos vuelto a la normalidad que en cuestiones de robos sufríamos antes de la pandemia. Que mejor que la desbandada generalizada de la semana pasada para reactivar a una delincuencia que poco a poco vuelve a las andadas con brío. A falta de cifras oficiales y estadísticas comparando unos años con otros, lo mejor para ilustrar lo que ha pasado estos últimos días es recuperando algunos casos concretos. Durante la pandemia los trasteros particulares, así como los vehículos de los parkings públicos y privados se convirtieron en un objetivo recurrente de bandas que en su mayoría hacían hurtos en el transporte público y se readaptaron. El domingo pasado, los vecinos de un inmueble de la avenida Josep Tarradellas de l’Hospitalet de Llobregat descubrieron alarmados como aprovechando que parte de la comunidad estaba de escapada, les reventaron 23 trasteros. Forzaron las cerraduras, que no acostumbran a ser en general muy sofisticadas en estos habitáculos, y los saquearon.;Sucesos
Detenidos dos hombres por robos violentos en tiendas de telefonía de varias localidades catalanas;https://www.lavanguardia.com/sucesos/20201025/4959712/detenidos-robos-violentos-tiendas-moviles-catalunya.html;25/10/2020;LosMossos de Esquadrahan informado de la detención de dos hombres de nacionalidad rumana, de 24 y 39 años, como presuntos autores decinco robos con violencia e intimidación en tiendas de telefoníade las comarcas del Baix Llobregat, Tarragonès y Vallès Oriental. Los arrestados amenazaban al personal de los establecimientos y simulaban llevar un arma en el bolsillo, según ha informado el cuerpo policial. La investigación se inició a principios del mes de octubre, cuando los investigadores tuvieron conocimiento del robo en una tienda de telefonía en el municipio de Sant Boi de Llobregat. Solo unos minutos más tarde de la apertura de la tienda, los autores del roboamenazaron al personal del establecimiento, poniéndose una mano en el bolsillo y simulando que llevaban un arma y consiguieron sustraer varios teléfonos móviles que había en exposición en su interior.;Sucesos
Indulgencia para rescatar el arte sacro robado;https://www.lavanguardia.com/sucesos/20220503/8231950/rescate-arte-sacro.html;03/05/2022;Indulgencia para los que ayuden a localizar arte sacro robado durante años de iglesias y monasterios españoles en la segunda mitad del siglo XX. La justicia está decidida. Es el momento de que aparezcan los buenos samaritanos. “Proceda a hacer entrega de la parte que falta por recuperar del tapiz El Compendio o Apoteosis de las Artes, elaborado en 1654 por Corneille Schutz, referente al robo en la Iglesia Santo Domingo de Castrojeriz (Burgos) el 7 de noviembre de 1980”. Lo que leen es un escrito de la Audiencia Nacional (Juzgado de Instrucción Central número 4) dirigido a la Jefatura Superior de Policía de Catalunya con el objetivo de que la citada pieza, recuperada tras haber sido objeto de un robo, fuera entregada, como así ocurrió, al Arzobispado de Burgos.;Sucesos
Desarticulado en Barcelona un grupo que robó en al menos diez pisos;https://www.lavanguardia.com/sucesos/20200801/482623225834/barcelona-ladrones-pisos-detencion-robos-vivienda.html;01/08/2020;LosMossos d’Esquadrahandetenidoa cinco personas y han dado por desarticulado un grupo especializado en forzarcerradurasal que achaca la comisión de al menos diezrobosenpisosdeBarcelona. La policía catalana ha informado este sábado de que las detenciones se produjeron el pasado día 29 y que el juez ha mandado a prisión a uno de los arrestados. Los miembros de la banda eran especialistas en forzar cerraduras y practicaban en una especie de taller que habían montado en el piso donde vivían, en la calle Castillejos de Barcelona, en el que fabricaban sus propias herramientas y en el que tenían una muestra de bombines de cerraduras para depurar su técnica.;Sucesos
Detenido en Barcelona un miembro de la banda internacional de atracadores Pink Panter;https://www.lavanguardia.com/sucesos/20211001/7760987/detenido-miembro-pink-panter-barcelona.html;01/10/2021;La Policía Nacional ha detenido a un integrante de los Pink Panthers, una organización criminal internacional muy violenta especializada en robos a joyerías. El arrestado, de nacionalidad croata, se refugiaba en Barcelona y era reclamado por las autoridades alemanas que lo relacionan con la comisión de tres asaltos violentos a estos establecimientos. Sobre él pesaba una orden europea de detención. Las autoridades alemanas lo buscaban por haber robado joyas por valor de 715.000 euros. La operación se ha desencadenado después de que un tribunal alemán solicitase la detención de este ciudadano croata, a quien se pudo vincular con la organización Pink Panther, especializada en atracos muy violentos exhaustivamente planificados.;Sucesos
Dobrowolski queda en libertad tras el intento de robo en la casa de Mainat en Canet;https://www.lavanguardia.com/sucesos/20201125/49691768441/dobrowolski-mujer-mainat-libertad.html;25/11/2020;El Juzgado de Instrucción 4 Arenys de Mar (Barcelona) ha acordado este miércoles libertad provisional para la esposa del productor de televisiónJosep Maria Mainat,Angela Dobrowolski, que había pasado a disposición del juez tras ser detenida el martes por presuntamente intentar robar en la casa de él en Canet de Mar (Barcelona). El juez también ha dejado en libertad a su amante,Gabriel, que fue detenido con ella, y ambos deberán presentarse en el Juzgado siempre que sean requeridos, informa el Tribunal Superior de Justicia de Catalunya (TSJC). Ninguna de las acusaciones ha pedido imponer a los detenidos otras medidas cautelares por este presunto intento de robo con fuerza.;Sucesos
El presunto asesino de la app gay estuvo en Catalunya;https://www.lavanguardia.com/sucesos/20220519/8277051/asesino-app-gay-catalunya.html;19/05/2022;Lo admitió en su momento el consejero de Seguridad del Gobierno vasco, Josu Erkoreka, que compareció tras la entrega en una comisaría de Irun del sospechoso al que la Ertzaintza buscaba desde hacía meses como el posible autor de varias muertes en Bilbao. Dijo entonces el responsable de la policía vasca que el trabajo proseguía con mucha intensidad y que los investigadores estaban reconstruyendo los pasos de Nelson David M. B., dentro y fuera de Euskadi. Había constancia de al menos un viaje a Murcia, acompañando a la que entonces era su novia. No fue el único desplazamiento. El individuo también estuvo en Catalu­nya. Así lo han reconocido hasta ahora dos hombres que, tras ver su imagen en los medios de comunicación, acudieron a sendas comisarías de los Mossos d’Esquadra para explicar su relación con el acusado, según han con­firmado aLa Vanguardiavarias fuentes al tanto del caso. El primero de los individuos acudió la semana pasada a la comisaría de la policía catalana en Pineda. El hombre relató a los agentes que había conocido al colombiano que aparecía en los medios de comunicación acusado de ser el asesino de gais en el País Vasco. No tenía ni la menor duda. Aseguró que le invitó a su casa y que no tardó en darse cuenta de que el joven intentaba emborracharle o drogarle para que perdiera la conciencia con la intención de robarle. El hombre explicó que tenía experiencia en el consumo de sustancias estupefacientes, que intuyó con claridad las verdaderas intenciones del chaval, y decidió echarle a gritos. No había vuelto a saber nada más del joven hasta que tropezó con su retrato en las televisiones, donde era señalado como el hombre al que buscaba la Ertzaintza por la muerte de varios gais en Bilbao.;Sucesos
Mossos y Policía Nacional desmantelan un grupo especializado en robar empresas y domicilios;https://www.lavanguardia.com/sucesos/20220913/8521404/mossos-policia-nacional-desmantelan-grupo-especializado-robar-empresas-domicilios.html;13/09/2022;Mosso d’Escuadra de División de Investigación Criminal (DIC) de las regiones metropolitana sur y central, conjuntamente con la Brigada Local de Policía Judicial de la Policía Nacional de Sant Adrià del Besòs, desarticularon un grupo criminal dedicado a los delitos contra el patrimonio, tanto en domicilios como en empresas. Durante la investigación se han podido detener a tres hombres por su pertenencia a grupo criminal, presuntamente autores de varios robos con fuerza en empresas y domicilios. La investigación se inició en marzo de este año cuando, por un lado, agentes de la Policía Nacional detuvieron a una persona, lo que permitió conocer cuatro robos con fuerza en empresas y, por otra parte, los Mossos d'Esquadra identificaron a una serie de personas como presuntos autores de varios robos con fuerza.;Sucesos
Los cuatreros del siglo XXI desafían la seguridad del campo español;https://www.lavanguardia.com/sucesos/20200930/483758827252/cuatreros-ladrones-ganado-bandas-organizadas-espana.html;30/09/2020;Suena a pasajes de otros tiempos, pero todavía existenladrones de ganado en España. Son loscuatreros del siglo XXI. El presente digital no ha acabado con ellos. Sin embargo, debe descartarse la idea romántica, dicen desdelas fuerzas de seguridad, que pueda tenerse de un bandolero serrano que se queda con el conejo de un aldeano porque pasa hambre. Detrás de losrobos de ovejas, cabras, cerdos o corderos, o cualquier otro animalhay organizaciones delictivas. Se trata de bandas o grupos que también son responsables de otras amenazas que se ciernen sobre el medio rural. Del mismo modo que se llevan una docena de cabritos, los hay que se apropian de kilos y kilos de cítricos o de verdura, de aceitunas…;Sucesos
Las policías baten el récord de detenidos en julio en Barcelona;https://www.lavanguardia.com/sucesos/20220827/8486426/policias-baten-record-detenidos-julio-barcelona.html;27/08/2022;Los más agoreros, entre los que se puede incluir a la periodista que firma estas líneas, pronosticamos que el verano sería especialmente complejo en materia de seguridad en la ciudad de Barcelona. Y no ha sido así. Es más, las estadísticas de julio constatan que el conjunto de las fuerzas policiales que trabajan en la capital, con la ayuda inestimable y cada vez más importante de la seguridad privada, han contenido las cifras e incluso han logrado descensos muy significativos si se comparan con julio del 2019 en delitos como los hurtos o los robos con violencia en la vía pública. Los buenos resultados, sin perder de vista que se comparan con un 2019 que está considerado como uno de los años más terribles en materia de inseguridad en Barcelona, son el resultado, asegura la comisaría responsable de los Mossos d’Esquadra en la capital, Marta Fernández, de un “trabajo planificado que ya se puede llamar como el método de Barcelona, porque estamos hablando de un escenario muy particular, con problemáticas muy características que nos ha obligado a reinventarnos. Pero nada es casual”.;Sucesos
El detenido por agredir con una piedra a dos jóvenes ya mató al vigilante de un parking;https://www.lavanguardia.com/sucesos/20221102/8590308/detenido-agredir-piedra-dos-jovenes-mato-vigilante-parking.html;02/11/2022;Decía bien una de las dos jóvenes que la madrugada del domingo pasadofueron atacadas por sorpresa por un hombre que las agredió violentamente con una piedra, por sorpresa y prácticamente sin mediar palabra. En declaraciones a betevé, una de las víctimas contaba todavía asustada y con las señales de los puntos en el rostro, que estaba segura de que si el hombre hubiera medido más sus fuerzas en el segundo golpe con una piedra de grandes dimensiones, la hubiera matado. No hubiera sido la primera vez. El incidente, que se saldó con tres heridos, las dos jóvenes y un hombre que medió para ayudarlas y también resultó lesionado de gravedad, acabó con la detención del individuo a manos de las patrullas de seguridad ciudadana de los Mossos d'Esquadra que se acercaron a la zona, en la calle Balmes, reclamadas por varios testigos de la agresión. El Tribunal Superior de Justícia de Catalunya, en un comunicado, informó el martes de que el hombre había ingresado en prisión y añadió que se encontraba en tercer grado de una condena por un homicidio doloso. Un asesinato que el detenido, Alberto Rovira Moll, de 50 años, cometió en agosto del 2008 y por el que fue condenado a 16 años de prisión por un tribunal con jurado.;Sucesos
Detenido un clan familiar dedicado a robar con violencia a ancianos en Catalunya;https://www.lavanguardia.com/sucesos/20201201/49836631765/detenido-clan-familiar-robos-violencia-ancianos.html;01/12/2020;LosMossos d’Esquadradetuvieron el 25 de noviembre ados hombres y tres mujeresde un clan familiar que presuntamente se dedicaban arobar violentamente relojes y joyasaancianosenCatalunya. Según un comunicado, entre junio y agosto los Mossos tuvieron conocimiento de siete robos en diferentes puntos de Catalunya, con el mismo patrón:robos violentosde relojes y joyas a personas de65 a 90 añosen la calle, y los robos sucedieron en Sitges --dos--, Malgrat de Mar, Sant Cugat, Sant Andreu de Llavaneres (Barcelona) y Calonge (Girona).;Sucesos
Detenido por asaltar y robar el bolso de una mujer con 400.000 euros en joyas;https://www.lavanguardia.com/sucesos/20210220/6256805/detenido-asaltar-robar-bolso-mujer-400-000-euros-joyas.html;20/02/2021;Los Mossos d'Esquadra han detenido al principal investigado de un robo violento en el área de servicio de Montseny de la AP-7. El 11 de septiembre, unos desconocidos asaltaron a una turista que viajaba desde Portugal y le robaron el bolso de mano, donde llevaba joyas valoradas en 400.000 euros. La víctima explicó que la intentaron distraer para robarle el bolso y que, al intentar impedirlo, la golpearon. Los Mossos identificaron a un grupo de tres personas especializadas en hurtos a turistas en las autopistas, el aeropuerto de Barcelona y Madrid, y detuvieron un miembro, que quedó en libertad después de pasar a disposición judicial. La policía no descarta la detención del resto de miembros del grupo en los próximos días.;Sucesos
Doce horas inconsciente en un asalto idéntico a los de Bilbao: “No he vuelto a ser el mismo”;https://www.lavanguardia.com/sucesos/20220519/8277052/doce-horas-inconsciente-asalto-identico-bilbao-no-vuelto-ser-mismo.html;19/05/2022;Se aferra a la calva con las dos manos y hace el ademán de apretar, cerrando con fuerza los ojos para ver si así consigue poner en orden los recuerdos. Hace tres semanas que Alexis Mesa Careaga, de 49 años, le da vueltas y vueltas a la imagen difundida del hombre que el pasado 5 de mayo se entregó en una comisaría de la Ertzaintza y que desde entonces está en prisión acusado de ser el que ya se conoce como el asesino de gais en el País Vasco. Este cubano de 49 años asentado en Barcelona conoció el pasado 13 de noviembre a un colombiano al que invitó a subir a su casa tras intercambiar cuatro mensajes en la aplicación de citas Grindr, utilizada por homosexuales. Lo que vino después consta en una denuncia que presentó en los Mossos d’Esquadra de Sants y que ahora recuerda aLa Vanguardia. “La excusa fue que le invitaba a un vino”. El recién llegado enseguida pidió de beber, recuerda su víctima. “Puso música con su móvil, hizo ver que bailaba y me insistió en que yo apurara la copa”. Alexis se ausentó dos instantes, uno a la cocina y otro al baño. “Le tuve que decir que no me rellenara la copa con tanta rapidez, que era un buen vino y que merecía ser saboreado”. Ya no recuerda nada más. “Me desperté once horas después abrumado, sin entender lo que había ocurrido”. Enseguida descubrió que la caja fuerte en la que guardaba 300 euros estaba abierta y que faltaba ropa, regalos, perfumes que había comprado para sus amistades en Cuba, dos pasaportes, el documento de identidad, joyas familiares que guardaba como reliquias y las tarjetas de crédito que el ladrón no pudo utilizar porque “estaban a cero”.;Sucesos
La industria china de la marihuana;https://www.lavanguardia.com/sucesos/20210420/6984575/industria-china-marihuana.html;20/04/2021;Las cifras ayudan a hacerse una buena idea de las dimensiones y de la importancia dela organización criminal de origen chino desarticuladadurante una operación conjunta de los Mossos d'Esquadra y la Policía Nacional, tutelada por el juzgado cinco de Badalona. En dos fases, los investigadores detuvieron a 65 personas de las que 27 ingresaron a prisión, registraron 29 viviendas y locales, se incautaron de casi 200.000 euros y 40.000 plantas de marihuana repartidas en 13 plantaciones distintas. Poder vincular ese número de plantaciones a una misma organización criminal es uno de los éxitos de la investigación. El inspector Toni Salleras y el inspector jefe Juan Pablo Iglesias, responsables de crimen organizado en Mossos y Policía Nacional, han detallado este martes la importancia del caso que ha logrado, aseguran, desarticular completamente a las dos familias asociadas para la causa.;Sucesos
Tres jóvenes mueren asesinados en las últimas 24 horas en España;https://www.lavanguardia.com/sucesos/20221101/8589921/tres-jovenes-mueren-asesinados-ultimas-24-horas-espana.html;01/11/2022;Tres jóvenes han muerto de forma violenta en las últimas 24 horas en España: uno tiroteado en Málaga y dos apuñalados en Salou (en la provincia de Tarragona) y en la localidad sevillana de Palomares del Río, respectivamente. A estos crímenes se añade una larga lista de sucesos registrados en la noche de Halloween, con dos apuñalados en zonas de ocio de Sevilla y Granada, otro en Seseña (en la provincia Toledo) y la detención de 18 menores por agredir a varias personas que se encontraban en el recinto de la Feria de Abril de Sevilla, a donde accedieron vestidos de negro y con los rostros tapados.;Sucesos
Los 'fura' contra las bandas de 'relojeros';https://www.lavanguardia.com/sucesos/20220523/8285643/asi-persiguen-mossos-bandas-relojeros-barcelona.html;23/05/2022;"Suerte de los bicitaxis que las madrugadas del pasado fin de semana se ofrecieron en varias ocasiones a trasladar pedaleando a esta que escribe mientras trataba de documentar de cerca el trabajo de losfurade Ciutat Vella. De ese grupo de los Mossos d'Esquadra hemos escrito y mucho en esta misma web deLa Vanguardia. Se trata deagentes de seguridad ciudadana de paisanoespecializados en combatir a los multireincidentes; unos delincuentes a los que conocen bien, localizan y persiguen sin ser vistos hasta detenerlosin fraganti. Este diario ya adelantó la semana pasada la creación de un nuevo grupo operativo en la región policial de los Mossos de Barcelona dedicado exclusivamente a una de las problemáticas delincuenciales que más se ha disparado en las últimas semanas:losrelojeros. El nuevo grupo está integrado por una amalgama de unidades especializadas que tienen como prioridad trabajar la problemática a partir de una mirada más amplia en la que tiene un papel crucial la investigación para tratar de seguir el rastro de los relojes que son robados. Un grupo de trabajo que asume la elaboración de los atestados para redactarlos con la complicidad de los jueces y los fiscales de Barcelona para tratar de conseguir un porcentaje más alto de ingresos en prisión de los detenidos. El nuevo grupo operativo derelojerosarrancó la semana pasadacentrándose en el horario de día, tras comprobar que muchos de los asaltos violentos se estaban produciendo a plena luz. Robos después de que los delincuentes persigan de cerca a sus objetivos, cuando éstos salen de un buen restaurante o del hotel para dar un paseo antes de cenar.";Sucesos
Libertad vigilada para los autores de la agresión en grupo a un menor en Sants;https://www.lavanguardia.com/sucesos/20210107/6171428/juez-impone-libertad-vigilada-alejamiento-victima-agresores-menor.html;07/01/2021;Un juez de menores ha acordado imponer la libertad vigilada y la prohibición de acercarse a la víctima a los cuatro menores investigados por unaagresión en grupo a un menor en el barrio de Santsde Barcelona. Tres de ellos fueron detenidos por lesiones y robo con intimidación, ya que también le sustrajeron el móvil y una cadena. Otro menor ha sido detenido esta mañana y pasará a disposición judicial en las próximas horas, según han anunciado los Mossos d'Esquadra. La investigación continua abierta y no se descartan nuevas detenciones.;Sucesos
Prisión para tres hombres por asalto violento en una casa del Alt Empordà;https://www.lavanguardia.com/sucesos/20201227/6150976/ingresan-prision-3-hombres-detenidos-asalto-violento-casa-girona.html;27/12/2020;Tres hombres han ingresado en prisión tras haber sido detenidos como presuntos autores del asalto violento a una vivienda en la localidad ampurdanesa de Cantallops, donde amordazaron y agredieron a un matrimonio para que dijera dónde estaba la caja fuerte. Los Mossos han informado este domingo de que la detención de estos tres hombres, de nacionalidad dominicana y de entre 38 y 40 años, se produjo la pasada semana. Uno de ellos fue arrestado el 19 de diciembre en el aeropuerto de Barajas cuando pretendía volar a su país.;Sucesos
Un velero con 1,4 toneladas de cocaína propició la caída de la mayor red de distribución de Europa;https://www.lavanguardia.com/sucesos/20210927/7749964/velero-1-4-toneladas-cocaina-propicio-caida-mayor-red-distribucion-europa.html;27/09/2021;En 2018, el Grupo Especial de Operaciones (GEO) de la Policía Nacional abordó un velero —en que viajaban dos croatas y un estadounidense— que transportaba 1,4 toneladas de cocaína. En ese momento saltaron las alarmas. Los investigadores comenzaron a tirar del hilo y tres de años después la operación se ha saldado con el desarticulación de la mayor red de distribución de cocaína de Europa. Detrás estaba el cártel de los Balcanes, una de las organizaciones criminales más violentas del continente. La organización que ha sido desmantelada —con 61 detenciones— pretendía llevar a cabo una operación de tráfico de drogas desde Sudamérica hasta Europa, según ha informado el comisario Antonio Martínez Duarte, jefe de la Brigada Central de Estupefacientes de la UDYCO. Esta organización criminal estaba compuesta, principalmente, por súbditos de países del este de Europa, originarios de Serbia, Croacia y Montenegro.;Sucesos
Los asesinos de la enfermera le pidieron hora para matarla;https://www.lavanguardia.com/sucesos/20201203/49857676094/asesinato-enfermera-girona-cita-medica-companera-de-trabajo.html;03/12/2020;LosMossos d’Esquadradetuvieron el pasado lunes a cuatro personas que supuestamente urdieron y ejecutaron elasesinato de una enfermera de Gironacon el objetivo derobarleeldineroque escondía en doscajas fuertes. Así consta en los autos dictados por el juez en el que decreta su ingreso en prisión y a los que ha tenido accesoLa Vanguardia.Los arrestados concertaron unacita médicacon la víctima para acceder a su domicilio, apoderarse del botín y acabar con su vida para evitar ser identificados. El plan fue premeditado con un mes de antelación, según los investigadores. Los asaltantes asesinaron a la enfermera pero se fueron de vacío, incapaces de violentar la caja fuerte. Carme Font, de 67 años, persona muy conocida en Girona,apareció el 25 de septiembre pasado asesinada en su domicilio, situado en la avenida de Barcelona. La habían atado con unas bridas y golpeado de forma brutal. Era la supervisora de la unidad de Diálisis de la Clínica Girona y tenía una consulta privada de podología en su propia casa. La fallecida además gestionaba varios pisos y manejaba “importantes cantidades de dinero” que la puso en la diana de sus asaltantes.;Sucesos
Apuñala 5 veces a un hombre en pleno centro de Barcelona y ahora deberá pasar 12 años de cárcel por ello;https://www.lavanguardia.com/sucesos/20250506/10651414/tsjc-confirma-12-anos-carcel-hombre-apunalamiento-mortal-barcelona-asd.html;06/05/2025;Un hombre ha sido condenado a 12 años de cárcel por asesinar a otro hombre de al menos 5 puñaladas en el centro de Barcelona en 2022. Así lo ha confirmado el Tribunal Superior de Justicia de Cataluña (TSJC) en su sentencia. Una primera sentencia de la Audiencia de Barcelona ya condenó a este hombre por asesinato. Sin embargo, el acusado interpuso un recurso que ahora ha sido desestimado por el TSJC, que ha ratificado la sentencia por asesinato con alevosía dictada en primera instancia. Además, un segundo hombre ha sido también condenado a 5 años y medio de cárcel por su complicidad en el crimen.;Sucesos
Al menos 32 detenidos en un operativo contra los Latin Kings en Catalunya;https://www.lavanguardia.com/sucesos/20240417/9597069/32-detenidos-operativo-guardia-civil-latin-kings-cataluna.html;17/04/2024;La Guardia Civil ha detenido este miércoles a 32 personas en un operativo que está llevando a cabo en las provincias de Barcelona y Tarragona contra la banda de los Latin Kings, y que aún continúa en marcha. Según ha informado el Instituto Armado, hasta ahora se han llevado a cabo un total de 13 entradas en domicilios, repartidos entre las provincias de Barcelona (11) y Tarragona (2), sin que hayan trascendido más detalles hasta ahora sobre los estos registros.;Sucesos
Los Mossos doblan las denuncias por robo de metal en la red ferroviaria en dos años;https://www.lavanguardia.com/sucesos/20250125/10318848/mossos-doblan-denuncias-robo-metal-red-ferroviaria-dos-anos.html;25/01/2025;Las denuncias por robos y hurtos de metal en la red ferroviaria se duplicaron entre 2022 y 2024. Así se desprende de una respuesta parlamentaria que firma la consejera de Interior, Núria Parlon, a la que ha tenido acceso el ' ACN. El documento indica que en 2022 Adif puso en conocimiento de los Mossos 53 hechos, 114 en 2023 y 116 entre enero y octubre de 2024. El texto también revela un crecimiento exponencial de este tipo de actos vandálicos en la red de FGC.Así, mientras que en 2022 y 2023 la compañía sólo denunció un suceso, entre enero y octubre de 2024 ha comunicado trece. Los robos de metal, en su mayoría cobre, en la red ferroviaria de Cataluña se han incrementado significativamente en los últimos años. Para dar respuesta a este problema delincuencial, los Mossos disponen del Programa Específico de Lucha contra la Delincuencia - Metal (POE LCD-Metal). Según la conselleria, el objetivo de esta herramienta es “prevenir y reducir los hechos delictivos relacionados con el normal funcionamiento de las infraestructuras de servicios a la población”. En este sentido, el plan investiga hechos relacionados con metales como el acero, el hierro, el cobre, el plomo, el aluminio, el zinc, el cromo, o el magnesio, entre otros.;Sucesos
Prisión provisional por robo violento para un hombre en Olot al que también investigan por dos casos de abusos a menores;https://www.lavanguardia.com/sucesos/20241209/10183635/investigado-agresion-sexual-2-ninas-ingresa-prision-provisional-robo-olot-girona-asd.html;09/12/2024;Un hombre investigado por agresión sexual a dos menores ha ingresado en prisión provisional, comunicada y sin fianza por un robo violento con objeto peligroso en Olot (Girona). Según el Tribunal Superior de Justicia de Cataluña (TSJC), el detenido fue puesto a disposición del Juzgado de Instrucción 1 de Olot el pasado sábado, en funciones de guardia. Tras analizar las pruebas disponibles, la juez dictaminó su ingreso en prisión provisional.;Sucesos
A prisión el detenido por intentar matar a su pareja en Santa Margarida i els Monjos;https://www.lavanguardia.com/sucesos/20241124/10135935/prision-detenido-intentar-matar-pareja-santa-margarida-i-els-monjos.html;24/11/2024;El juzgado de guardia ha enviado a prisión provisional sin fianza al hombre detenido acusado de intentar matar a su pareja en Santa Margarida i els Monjos (Alt Penedès) y de intentar atropellar a varios agentes y chocar contra una patrulla policial cuando huía en coche para evitar ser arrestado. Según ha informado hoy el Tribunal Superior de Justicia de Cataluña (TSJC), el juzgado de guardia de Vilafranca del Penedès  mantiene la causa abierta por los delitos de homicidio en grado de tentativa, quebrantamiento de medida cautelar, maltrato habitual, amenazas y conducción temeraria.;Sucesos
Fallece un joven de 23 años en Caldes de Montbuí atropellado por una conductora ebria;https://www.lavanguardia.com/sucesos/20241012/10016284/fallece-joven-23-anos-caldes-montbui-atropellado-conductora-ebria.html;12/10/2024;Un peatón de 23 años ha fallecido esta madrugada y otra persona ha resultado herida al ser atropellados por un vehículo en la carretera C-59 a su paso por la localidad de Caldes de Montbui (Vallès Oriental), que conducía una mujer que ha dado positivo en la prueba de alcoholemia. El Servei Català de Trànsit ha informado de que el suceso ha tenido lugar sobre las cuatro de la madrugada en el kilómetro 12,1 de la citada C-59, punto en el que un turismo ha impactado contra un grupo de personas que iban caminando.;Sucesos
Cuatro detenidos de una banda internacional que robaba en chalets habitados en Catalunya y Madrid;https://www.lavanguardia.com/sucesos/20220805/8451657/cuatro-detenidos-banda-internacional-robaba-viviendas-cataluna-madrid.html;05/08/2022;La Guardia Civil ha detenido a cuatro personas que integraban un grupo criminal especializado en robos con fuerza en viviendas habitadas, a los que se les atribuye una decena de delitos cometidos en la Comunidad de Madrid y en varios puntos de Catalunya. La investigación, en el marco de la operación Habitat-Bidasoa, ha sido llevada a cabo por la Guardia Civil y la Policía Judicial de la Prefectura de París en Francia, ya que se estima que los detenidos conformaban una célula itinerante a nivel internacional.;Sucesos
El cuerpo de John McAfee, entregado a su familia tras permanecer dos años en una morgue de Barcelona;https://www.lavanguardia.com/sucesos/20231214/9450734/cuerpo-john-mcafee-entregado-familia-permanecer-dos-anos-morgue-barcelona.html;14/12/2023;El cuerpo de John McAfee, fundador del antivirus que lleva su nombre, que se suicidó en la cárcel de Brians 2 en Sant Esteve de Sesrovires (Barcelona) en junio de 2021de acuerdo con la conclusión de la Audiencia de Barcelona, ha sido entregado este jueves a su familia. Según ha informado el Departamento de Justicia, la entrega del cadáver de McAfee se ha hecho efectiva a las 15.15 horas de esta tarde a través de los servicios funerarios, siguiendo los protocolos forenses habituales.;Sucesos
Mossos y Policía Nacional frustran el intento de la ‘Mocro-Mafia’ holandesa de asentarse en Catalunya;https://www.lavanguardia.com/sucesos/20221026/8582443/mossos-policia-nacional-frustran-intento-mocro-mafia-holandesa-asentarse-cataluna.html;26/10/2022;Agentes de la Policía Nacional y Mossos d’Esquadra, con la intervención de la Policía de los Países Bajos han detenido a tres integrantes de la denominada ‘Mocro-Mafia’ holandesa, frustrando su intento de asentarse en Catalunya, donde tenían previsto blanquear, a partir de diversos negocios y adquisición de bienes, dinero proveniente del narcotráfico. Las pesquisas arrancaron una vez se constituyó, en febrero de 2021, un Equipo Conjunto de Investigación (ECI), entre Policía Nacional y Mossos d’Esquadra, con el objetivo de esclarecer delitos de robos con fuerza en cajeros automáticos mediante gases explosivos en varios países de la Unión Europea.;Sucesos
Preocupación en Interior por la mortalidad de motoristas;https://www.lavanguardia.com/sucesos/20210614/7527042/mortalidad-motoristas-accidentes-cataluna-datos.html;14/06/2021;Cinco personas han fallecido este fin de semana en las carreteras catalanas. Otras dos han quedado heridas de gravedad y siete más, leves. Tres de los cinco muertos eran motoristas. Las trágicas cifras han convertido el fin de semana en uno de los más luctuosos de los últimos meses y ha encendido todas las alarmas. La primera en el Departament d’Interior, donde su titular, Joan Ignasi Elena, lamentaba las cifras y confirmaba por redes sociales que estas “nos sitúan de nuevo en niveles del 2019” en cuanto a víctimas de accidentes de tráfico. Y es que con las de ayer, ya son 54 las personas que han muerto en lo que va de año en accidentes de tráfico en la red viaria interurbana de Catalunya. De estas, una veintena eran motoristas, uno de los colectivos vulnerables, que representa el 34% del total de muertes y que en estos primeros seis meses de año ha duplicado el número de víctimas en comparación con el mismo periodo del año pasado.;Sucesos
Mossos y Policía Nacional desarticulan un grupo especializado en robos en urbanizaciones;https://www.lavanguardia.com/sucesos/agencia/20230609/9029559/mossos-policia-nacional-desarticulan-grupo-especializado-robos-urbanizaciones.html;09/06/2023;La Policía Nacional y los Mossos d’Esquadra han desarticulado en Catalunya unalanza chilenao grupo de delincuentes de este país que venía expresamente a España para robar en viviendas. Según informó la Policía este viernes, en esta operación han sido detenidas ocho personas en las provincias de Barcelona y Girona y se han practicado cinco entradas y registros, en los que se han incautado efectos sustraídos durante sus acciones.;Sucesos
La Guardia Civil desmantela en Catalunya una facción de los Latin Kings;https://www.lavanguardia.com/sucesos/20240422/9600833/guardia-civil-desmantela-catalunya-fraccion-latin-kings.html;22/04/2024;"Los Latin Kings en Cataluña tenían un funcionamiento similar al de una secta y reclutaban a sus nuevos miembros entre personas con perfiles vulnerables o solitarias, que acababan creyendo que los integrantes de la banda eran como su familia. Un sistema de captación que siempre ha funcionado muy bien en este perfil de organizaciones criminales donde la pertenencia al grupo se vende como el acceso a una ""gran familia"" que cuidará de ti y de los tuyos. El pasado 17 de abril, la Guardia Civil explotó una investigación en Barcelona y Tarragona contra los Latin Kings. El resultado, 34 detenidos,  entre ellos dos menores de edad. Todos fueron puestos en libertad provisional con medidas cautelares.";Sucesos
Una quincena de contenedores y dos coches quemados en la Diada;https://www.lavanguardia.com/sucesos/20200912/483434190435/diada-cataluna-contenedores-coches-quemados-detenidos.html;12/09/2020;Doscochesy una quincena decontenedoresse han quemado durante la noche y madrugada pasada enCatalunya, coincidiendo con laDiada, según han informado los Bomberos de la Generalitat. Las incidencias se han concentrado a lo largo de 10 horas –entre las 21:13 horas y las 05:58 horas– en varias poblaciones como Barcelona, Sant Adrià de Besòs, Campdevànol, Sabadell, Tortosa, L’Escala, Sant Cugat del Vallès, Reus y Tarragona. Sin heridos, en la práctica totalidad de los casos ha sido suficiente la presencia de una dotación de Bomberos para apagar los contenedores de basura. El par de vehículos calcinados –de forma intencionada– fueron en Palafrugell (Girona) y L’Hospitalet de l’Infant (Baix Camp).;Sucesos
Prisión preventiva para el presunto autor del asesinato de un joven en Sant Hipòlit de Voltrega;https://www.lavanguardia.com/sucesos/20230504/8942929/prision-preventiva-presunto-autor-asesinato-joven-sabt-hipolit-voltrega.html;04/05/2023;El juez ha decretado prisión provisional y sin fianza para el hombre detenido como presunto autor de la muerte de un menor de 15 años en un tiroteo el pasado lunes en Sant Hipòlit de Voltegrà (Barcelona), acusado de homicidio y tenencia ilícita de armas, ha informado el Tribunal Superior de Justicia de Cataluña (TSJC).  Según han confirmado a la ACN, el magistrado ha ordenado su ingreso en Brians 1. El acusado ha pasado a disposición judicial este jueves por la mañana y ha permanecido unas cinco horas. Después de lo ocurrido, el hombre se fugó generando una gran expectación en la localidad sobre su paradero. Los Mossos d'Esquadra desplegaron un dispositivo integrado por unidades especializadas y lo buscaron desde primera hora de la mañana.;Sucesos
Un accidente entre dos ultraligeros en Moià deja cuatro muertos;https://www.lavanguardia.com/sucesos/20230430/8933370/dos-muertos-accidente-ultraligero-moia.html;30/04/2023;Cuatro personas han fallecido este domingo en un accidente con dos ultraligeros en una zona boscosa próxima al aeródromo de Moià (Barcelona), donde han caído los aparatos y posteriormente se han incendiado, han informado a EFE fuentes de los Bombers de la Generalitat. Si bien inicialmente se pensó que se trataba del accidente de un ultraligero en el que viajaban dos personas, los equipos de rescate han constatado finalmente que son cuatro las víctimas mortales y dos los aparatos implicados.;Sucesos
Un hombre mata a su sobrino de tres años en Santiago de Compostela;https://www.lavanguardia.com/sucesos/20200921/483613471486/un-hombre-mata-a-su-sobrino-de-tres-anos-en-santiago-de-compostela.html;21/09/2020;Un hombre ha estrangulado hasta la muerte a susobrino de tres añoseste lunes enSantiago de Compostelacuando ambos se encontraban solos en un domicilio situado en el casco histórico. El presunto responsable de los hechos habría asfixiado al pequeño, según han informado a Efe fuentes de lainvestigación, aunque es la autopsia la que determinará la causa del deceso del menor.;Sucesos
El monje cisterciense Octavi Vilà será ordenado obispo de Girona el 21 de abril;https://www.lavanguardia.com/sucesos/20240229/9531310/monje-cisterciense-octavi-vila-sera-ordenado-obispo-girona-21-abril.html;29/02/2024;"El nuevo obispo de Girona, el abad del monasterio de Santa Maria de Poblet, Octavi Vilà (Tarragona, 1961), será ordenado el domingo 21 de abril en la Catedral de Girona, en una ceremonia que contará con la asistencia del cardenal arzobispo de Barcelona, Juan José Omella; del arzobispo de Tarragona, Joan Planellas y con el nuncio apostólico en España, Bernardito Auza. También estará acompañado por el  resto de obispos catalanes. El papa Francisco ha nombrado hoy al monje cisterciense Octavi Vilà nuevo obispo de Girona. Lo ha hecho público la Santa Sede al mediodía después de que ayer trascendiera ya su nombre. Un nombramiento que el Obispado de Girona ha celebrado tras dos años con la sede vacante. Desde que falleció Francesc Pardo, el 31 de marzo de 2022, la diócesis se encontraba en una situación de interinidad.";Sucesos
Un niño de 10 años y un hombre de 60 mueren ahogados en las playas catalanas;https://www.lavanguardia.com/sucesos/20200822/482950038537/nino-10-anos-hombre-ahogados-playas-cataluna.html;22/08/2020;Barcelona, 22 ago (EFE).- Unniñode10 añosy unhombrede unos 60 han fallecido en las últimas horasahogadosenplayasbarcelonesas, uno enBadalonay otro enSitges, con lo que son ya 23 los fallecidos este año en el litoral catalán por este tipo de casos, según la Generalitat. En un comunicado, Protección Civil de la Generalitat ha detallado que el menor ha fallecido esta madrugada en el hospital de Vall d’Hebron de Barcelona, donde fue ingresado el viernes por la tarde en estado crítico tras quedar inconsciente en la playa de la Estación de Badalona.;Sucesos
Desarticulado en Madrid un grupo que robaba relojes de lujo en Barcelona mediante el ‘mataleón’;https://www.lavanguardia.com/sucesos/20230701/9080674/desarticulado-madrid-grupo-robaba-relojes-lujo-barcelona-mediante-mataleon.html;01/07/2023;La Policía Nacional, en una operación conjunta con los Mossos d’Esquadra, ha llevado a cabo una investigación sobre un grupo de ladrones especializado en el robo violento de relojes de lujo. Dos personas han sido detenidas y se les han intervenido cuatro relojes, una baliza de geolocalización, una pistola eléctrica, dinero en efectivo y la ropa utilizada en el momento de cometer los hechos delictivos. Los detenidos formaban parte de un grupo afincado en el extrarradio de Madrid que se desplazaba a Cataluña para cometer los asaltos violentos. Posteriormente, volvían a la capital española con el botín. Una vez que ambos cuerpos policiales constataron que compartían información en relación con los investigados, constituyeron un Equipo Conjunto de Investigación (ECI) para lograr su detención.;Sucesos
El tráfico de drogas crece un 12% en Catalunya en el 2020;https://www.lavanguardia.com/sucesos/20201127/49737326781/criminalidad-trafico-drogas-cataluna-pandemia-balance.html;27/11/2020;La caída en picado de la actividad en general, especialmente marcada en ámbitos como el del turismo, se mira en el espejo de los registros policiales en el primer añoCovid-19. Las estadísticas decriminalidadcorrespondientes a los nuevos primeros meses del 2020, seis de ellos condicionados totalmente por lapandemia, incluidos los de un verano tan atípico como el último, reflejan una caída del delito en términos generales del 27,7% respecto a los tres primeros trimestres del 2019 en Catalunya. En el conjunto de España la caída es del 20,2%. Sin embargo, esta lógica mejora estadística presenta un importante borrón: entre el 1 de enero y el 30 de septiembre pasados lasdenunciaspor tráfico de drogasenCatalunyase incrementaron un 12% respecto al año anterior y en la ciudad de Barcelona la subida por este tipo delictivo fue de un 56,6%. El Ministerio del Interior acaba de hacer público elbalance de criminalidadcorrespondiente a las tres primeras cuartas partes del año. Estas estadísticas se nutren de la información de las denuncias tramitadas por todos los cuerpos policiales que actúan en el territorio español. En el caso deCatalunya, una comunidad que en los últimos años, especialmente durante el 2018 y buena parte del 2019, padeció una fuerte escalada delictiva, la ralentización de la vida cotidiana, el confinamiento, la reducción de la movilidad y la bajísima afluencia de turistas –víctimas propiciatorias sobre todo de los hurtos–, sumadas a la actuación policial, han hecho posible un descenso de unas 100.000 denuncias penales respecto a los nueve primeros meses del año pasado. Dicho de otro modo, de los 1.342 delitos diarios que se registraron en el 2019 se ha pasado a 966 en este 2020.;Sucesos
La Guardia Civil interviene más de una tonelada de cocaína en el puerto de Barcelona;https://www.lavanguardia.com/sucesos/20230131/8721694/guardia-civil-interviene-mas-tonelada-cocaina-puerto-barcelona.html;31/01/2023;La Guardia Civil y la Agencia Tributaria han intervenido en el Puerto de Barcelona 1.340 kilogramos de cocaína que estaba camuflada en sacos de cacao en polvo en un cargamento procedente Ecuador. Según informó este martes el Instituto Armado, la investigación sigue abierta y se continúa trabajando para localizar a las personas responsables tanto del envío como de la recepción de la droga.;Sucesos
Miguel Ricart queda en libertad;https://www.lavanguardia.com/sucesos/20221222/8655800/miguel-ricart-queda-libertad.html;22/12/2022;Una juez de Barcelona ha acordado este jueves dejar en libertad al único condenado por el crimen de Alcàsser, Miguel Ricart, que fue detenido el pasado martes por los Mossos d'Esquadra y la Guardia Urbana por estar al frente de un narcopiso de la calle Aurorar del barrio del Raval. Según ha informado el Tribunal Superior de Justicia de Cataluña en un comunicado, la titular del Juzgado de instrucción número 18 ha dejado en libertad con cargos a Ricart y al otro detenido, ambos por un delito contra la salud pública, después de que la Fiscalía no haya solicitado ninguna otra medida. Ambos detenidos han designado un domicilio en Barcelona y no tienen antecedentes que cuenten para esta causa. Ambos están obligados a comparecer quincenalmente en el juzgado.;Sucesos
Detenidos por dar cobertura empresarial al mayor falsificador de billetes de Europa;https://www.lavanguardia.com/sucesos/20221214/8644711/detenidos-dar-cobertura-empresarial-mayor-falsificador-billetes-europa.html;14/12/2022;Los Mossos d'Esquadra y la Policía Nacional han detenido a dos hombres acusados de dar cobertura empresarial al falsificador de billetes más importante de Europa, cuyo laboratorio ya fue desarticulado el pasado mes de septiembre en Valencia. Los dos detenidos estaban relacionados con un laboratorio que se calcula que habría producido más de 8 millones de euros en billetes de 500 euros falsos. Dicho laboratorio fue desarticulado el pasado mes de septiembre con un total de 12 detenidos, entre los cuales el principal investigado y el encargado de imprimirlos.;Sucesos
Dos tiendas saqueadas durante los disturbios en Barcelona por grupos negacionistas;https://www.lavanguardia.com/sucesos/20201031/4985963002/dos-tiendas-saqueadas-durante-los-disturbios-en-barcelona-por-grupos-negacionistas.html;31/10/2020;LosMossos d’Esquadrahan hecho hasta las 23 horas de este viernes 12 detenciones, dos de ellas a menores,durante losaltercados en Barcelona, que han comenzado después de una protesta en la plaza Sant Jaume contra las nuevas restricciones decretadas por el Govern para contener elcoronavirus, y en los que se hansaqueadodos tiendas. Además, mientras sucedían los disturbios entre la plaza de Sant Jaume y la Via Laietana, se producíandos saqueos en tiendas del centro de la ciudad Condal, una de ellas unDecathlonen la calle Canuda, y la otra es el comercio de ropa deportiva, también,FootLockerubicada en la calle Pelai. Se han llevado bicicletas, patinetes eléctricos y otros materiales deportivos. Los Mossos de Esquadrahan abierto una investigación, según ha podido saber La Vanguardia.;Sucesos
Gran golpe al blanqueo del dinero de estafas informáticas;https://www.lavanguardia.com/sucesos/20201016/484106008023/gran-golpe-al-blanqueo-del-dinero-de-estafas-informaticas.html;16/10/2020;Investigadores de losMossos d’Esquadra, laPolicía Nacionaly elFBIhan participado junto con policías de otros once países europeos en ladesarticulación de una organización criminal internacional dedicada a blanquear beneficios procedentes de ciberataques y estafas informáticas. La operación ha sido coordinada por Interpol. Los arrestados operaban a nivel mundial, principalmente enEuropayAmérica, y ofrecían sus servicios a grupos criminales informáticos para convertir en legales todos los beneficios económicos que conseguían de forma fraudulenta.;Sucesos
Mata a su pareja de 29 años a cuchillazos en Barcelona;https://www.lavanguardia.com/sucesos/20230730/9142272/mata-pareja-29-anos-cuchillazos-san-iscle.html;30/07/2023;Un nuevo homicidio consumado de violencia de género se suma a la larga lista de lo que va de año. En esta ocasión en el número 66 de la calle Sant Iscle de Barcelona, en el distrito de Nou Barris, donde un hombre de 34 años ha matado a su pareja, de 29 años, a cuchilladas. El mismo autor habría llamado después al 112. Los hechos sucedieron la madrugada de este domingo, hacia la una y media, cuando la policía recibió aviso de los hechos. A la llegada de las patrullas de los Mossos d'Esquadra y de la Guardia Urbana de Barcelona, la víctima todavía tenía pulso pero finalmente SEM no han podido estabilizarla y ha fallecido.;Sucesos
Muere un conductor al salirse su furgoneta de la vía e incendiarse en Malgrat;https://www.lavanguardia.com/sucesos/20220122/8004885/muere-conductor-salirse-furgoneta-e-incendiarse-malgrat.html;22/01/2022;El conductor de una furgoneta ha fallecido esta mañana al salirse el vehículo de la vía, por causas que se están investigando, e incendiarse posteriormente, en el término de Malgrat de Mar (Barcelona). El suceso ha ocurrido poco antes de las 9 de la mañana en el punto kilométrico 675,5 de la carretera N-II, en la citada población del Maresme.;Sucesos
Muere una mujer de 50 años en La Guardia tras recibir un disparo accidental de un arma de fuego;https://www.lavanguardia.com/sucesos/20200628/482007753951/muere-una-mujer-de-50-anos-en-la-guardia-tras-recibir-un-disparo-accidental-de-un-arma-de-fuego.html;28/06/2020;LaGuardia Civilha abierto unainvestigaciónen torno a lamuerteeste domingo de unamujer de 50 añosen la localidad toledana deLa Guardiatras recibir, supuestamente,un disparo accidental de un arma de fuego. Precisamente el accidente es la principal hipótesis que barajan los investigadores. Según han informado fuentes de la Delegación del Gobierno en nota de prensa, los investigadores aún están recabando información sobre las circunstancias de estos hechos, y la línea del accidente es la que tiene más viabilidad, aunque aún no se puede descartar ninguna hipótesis.;Sucesos
Nuevas actuaciones policiales en Catalunya levantan sospechas de racismo;https://www.lavanguardia.com/sucesos/20200616/481812308663/racismo-actuaciones-policiales-manresa-banyoles-cataluna.html;16/06/2020;Banyolesha abierto una investigación interna para esclarecerdos actuaciones policialesregistradas envídeosdifundidos en las redes sociales. “Ante la publicación este fin de semana en diferentes perfiles en las redes sociales, de imágenes que cuestiones actuaciones policiales en la ciudad, el Ajuntament de Banyoles manifiesta que abrirá una investigación interna para aclarar las circunstancias que rodean los hechos”, subrayan en un comunicado. El consistorio asegura que “se depurarán las responsabilidades necesarias” y remarca que “no se permitirá que hechos como estos entorpezcan la convivencia en la ciudad así como tampoco el trabajo que la Policía Local lleva a cabo en beneficio de la comunidad”.;Sucesos
Prisión sin fianza para el detenido acusado de retener y violar a una menor en Vilafranca;https://www.lavanguardia.com/sucesos/20230110/8672905/amigos-victima-vilafranca-golpean-vehiculo-policial-trasladaba-detenido.html;10/01/2023;El juzgado de instrucción número 5 de Vilafranca del Penedès decretó este martes por la tarde prisión provisional comunicada y sin fianza para el hombre de 35 años y nacionalidad albanesa acusado de abordar a una menor de 16 años en mitad de la calle, retenerla en contra de su voluntad, llevarla a un campo de vides, después a su piso en Sant Martí Sarroca y agredirla sexualmente de manera reiterada. La causa está abierta por un delito de agresión sexual y otro de detención ilegal, según informó el Tribunal Superior de Justicia de Cataluña. Una decena de amigos y familiares de la menor de 16 años que la madrugada del pasado sábado fue retenida y agredida sexualmente se han aposstado este martes a las puertas de los juzgados de Vilafranca del Penedès para esperar la llegada del detenido en un coche policial. Tras varios incidentes con vehículos que no trasladaban al sospechoso, finalmente, los allegados a la joven han identificado el vehículo que trasladaba al albanés de 35 años, lo han rodeado y han lanzado insultos contra el individuo, al tiempo que trataban de golpear el coche.;Sucesos
Dobrowolski: “Le pinché sustancias para su bienestar”;https://www.lavanguardia.com/sucesos/20201003/483806395418/dobrowolski-le-pinche-sustancias-para-su-bienestar.html;03/10/2020;Angela Dobrowolski, esposa de Josep María Mainat, describió la noche de los hechos como una más de las que pasó con su marido, de quiennegó que se estuviera separandoy afirmó sin ambages que le puso dos inyecciones “para su bienestar”, no para matarlo. Después de ser detenida por los Mossos d’Esquadra, acusada de quererasesinar a Mainat, que es diabético, administrándole dos tomas de insulina,Dobrowolskise defendió. “No son ciertos los hechos que se me imputan”. Y agregó: “Le pinché una serie de sustancias para su bienestar y para adelgazar porque él me lo pidió”. Así constan en las declaraciones judiciales a las que ha tenido accesoLa Vanguardia. En cambio, Mainat le contó al juez que intentó resistirse sin éxito a que su mujer le pusiera las inyecciones. “Cuando estaba dormido me despertó mi mujer y me dijo si me había puesto la inyección de la hormona de crecimiento. Me dijo que había una por casa y me preguntó si quería que me la pusiera. Yo le dije que no hacía falta, pero ella insistió y al final accedí. Acto seguido me preguntó si me quería adelgazar, le dije que no, pero ella insistió y al final accedí y me puso una inyección que es un tratamiento para adelgazar que también seguía mi mujer”.;Sucesos
El análisis de las imágenes de las cámaras de seguridad de la casa de Mainat;https://www.lavanguardia.com/sucesos/20201002/483795930804/mainat-confeso-a-la-ninera-de-sus-hijos-que-su-mujer-habia-querido-asesinarle.html;02/10/2020;El caso de latentativa de asesinato del exmiembro de La Trinca,Josep María Mainat–que en estos momentos se investiga en el juzgado de Instrucción 32 de Barcelona–, ha tenido un enorme impacto en la opinión pública catalana y española, debido a la popularidad del productor televisivo. Toni Muñoz, el periodista deLa Vanguardiaque sacó en exclusiva la noticia de la investigación, analiza en este video las imágenes de las cinco cámaras de seguridad de la casa de Mainat, en las que se observa como su esposa,Angela Dobrowolski, visita hasta en 13 ocasiones el dormitorio de su marido para, según los Mossos, ponerle dos inyecciones de insulina a su marido, que es diabético. Las inyecciones le provocaron un coma hipoglucémico que a punto estuvo de costarle la vida.;Sucesos
Detenido un falso gestor inmobiliario por estafar 151.000 euros a una persona que iba a comprar una vivienda en Tarragona;https://www.lavanguardia.com/sucesos/20230318/8835192/detenido-falso-gestor-inmobiliario-estafar-151-000-euros-persona-iba-comprar-vivienda-tarragona.html;18/03/2023;Los Mossos d'Esquadra han detenido a un hombre con múltiples antecedentes por estafa, acusado de hacerse pasar por gestor inmobiliario para engañar a una persona que pretendía comprar una vivienda en Miami Platja (Tarragona) y que acabó perdiendo 151.468 euros. Según ha informado la policía catalana, además del falso gestor inmobiliario, de 40 años, los Mossos han denunciado por la misma estafa a su mujer, de 44, y que como él cuenta con varios antecedentes por hechos similares. En concreto, la pareja ya fue detenida el pasado 24 de enero acusada de perpetrar tres estafas en la comarca tarraconense del Baix Penedès, con las que lograron hacerse con 85.000 euros, y acumula otros seis hechos delictivos por otros fraudes y falsificaciones cometidos en distintos puntos de Cataluña desde 2017. La investigación se inició a raíz de la denuncia presentada a principios del pasado mes de noviembre por un ciudadano europeo que aseguraba que había sido estafado cuando intentaba comprar una vivienda en Miami Platja, núcleo costero del municipio de Mont-roig del Camp (Tarragona).;Sucesos
El juzgado suspendió la condena al presunto violador de Igualada con la obligación de recibir tratamiento;https://www.lavanguardia.com/sucesos/20220505/8245999/juzgado-suspendio-condena-presunto-violador-igualada-tratamiento.html;05/05/2022;El presunto autor de la brutal violación a una menor, de 16 años, en Igualada (Barcelona), el 1 de noviembre de 2021, había sido condenado a una año de internamiento por un delito de agresión sexual en grado de tentativa, si bien el juzgado de menores de Girona suspendió esta condena con la obligación de recibir tratamiento psiquiátrico. Según informa este jueves el Tribunal Superior de Justicia de Cataluña (TSJC), el sospechoso de la violación de Igualada, en prisión provisional tras ser detenido, había sido ya condenado por un delito de agresión sexual en grado de tentativa a su hermana. Aquella condena estuvo motivada por un único hecho, que fue denunciado cinco años después de que este hubiera ocurrido.;Sucesos
Prisión para el mosso acusado de intentar asesinar a su mujer en Vilassar de Dalt;https://www.lavanguardia.com/sucesos/20220311/8118412/prision-mosso-acusado-intentar-asesinar-mujer-vilassar-dalt.html;11/03/2022;El juzgado de violencia contra la mujer de Mataró (Maresme) ha acordado enviar a prisión por tentativa de asesinato al agente de los Mossos d'Esquadra que fue detenido el pasado martes día 8, acusado de intentar matar a su pareja con un cuchillo en su casa de Vilassar de Dalt. Según ha informado el Tribunal Superior de Justicia de Cataluña (TSJC), el juzgado ha impuesto además una orden de alejamiento y de incomunicación del agente, adscrito a la unidad antidisturbios (Brimo), respeto de su pareja, así como medidas civiles en relación con el hijo menor que ambos tienen en común.;Sucesos
España registra 394 muertes por ahogamiento en 2022, un 51 % más que el año anterior pero 46 menos que en 2019;https://www.lavanguardia.com/sucesos/20230107/8670223/espana-registra-394-muertes-ahogamiento-2022-51-mas-ano-anterior-46-2019.html;07/01/2023;"El año 2022 ha cerrado con 394 muertes porahogamientono intencionado en espacios acuáticos, lo que supone un 51 por ciento de incremento sobre el año anterior, es decir 134 más, según los datos que este sábado ha hecho públicos la Real Federación Española de Salvamento y Socorrismo. Así lo recoge el Informe Nacional de Ahogamientos (INA), que refleja que 2022 ha arrojado el quinto peor dato de los últimos ocho años, por detrás del máximo, que fue en 2017 con 481 óbitos; los 440 de 2019, los 437 de 2016 y los 415 de 2015.";Sucesos
Detenido el presunto autor de dos incendios forestales de este junio en el Macizo del Garraf;https://www.lavanguardia.com/sucesos/20220702/8381808/detenido-presunto-autor-dos-incendios-forestales-junio-macizo-garraf.html;02/07/2022;Agentes de Mossos d'Esquadra conjuntamente con el Cuerpo de Agentes Rurales, y con la colaboración de la Policía local de Sant Pere de Ribes, detuvieron el día 30 de junio, a un hombre de 22 años como presunto autor de dos incendios forestales. Además, también denunciaron penalmente a una menor de edad por su autoría en los mismos hechos. Los hechos se remontan al 18 de junio cuando se declaró un incendio forestal entre los municipios de Olivella y Avinyonet del Penedès con una afectación de 161,47 hectáreas. Tres días más tarde, el día 21 de junio, se produjo nuevo un incendio en una zona forestal cercana a la urbanización Can Pere de la Plana de la localidad de Sant Pere de Ribes que quemó un total de 23,39 hectáreas.;Sucesos
Golpe policial a los grafiteros especializados en vagones;https://www.lavanguardia.com/sucesos/20201112/49412880001/golpe-policial-a-los-grafiteros-especializados-en-vagones.html;12/11/2020;LaPolicía Nacionalinformó ayer de ladetenciónen varias ciudades de hasta99 grafiterossospechosos depintarrajearun millar devagonesde tren y de metro de toda España, en su mayor parteCatalunya. Los investigadores calculan que los daños ascienden a más de 22 millones de euros. La investigación se realizó en dos partes. En una primera fase la Policía Nacional detuvo a 51 grafiteros que en alguna ocasión viajaron a Catalunya para pintar vagones. Entre los detenidos incluso figura un italiano que se trasladó desde Milán para grafiterar trenes y que fue arrestado en el aeropuerto de Barcelona en una nueva visita a la ciudad. Y en la segunda fase de la investigación se creó un equipo conjunto con losMossos d’Esquadray se arrestaron a otros 48 grafiteros que actuaban en la provincia deBarcelona. Las pesquisas arrancaron en septiembre del año pasado, cuando varios de los grafiteros ahora arrestados divulgaron en las redes sociales que la capital catalana y sus alrededores eran el mejor lugar para pintarrajear vagones y salir impunes. Catalunya se estaba convirtiendo en su meca. Un montón de vídeos colgados en internet de grafiteros en plena huida mofándose de los vigilantes que tratan de aprenderlos lo atestiguan. Las denuncias presentadas por los operadores confirmaban las bravuconadas de los grafiteros. Desde el 2017, el 48% de denuncias se habían presentado por episodios ocurridos en Catalunya, 4.981 habían sido presentadas por Renfe, y 1.850 por TMB, la operadora del metro de Barcelona. En total, 6.741 denuncias instruidas en 31 juzgados distintos. Si se suman las denuncias presentadas en lo que llevamos de año la cifra asciende a 8.000 en tres años.;Sucesos
Cae una red dedicada a realizar estafas telefónicas en España;https://www.lavanguardia.com/sucesos/20220402/8172139/cae-red-dedicada-realizar-estafas-telefonicas-espana.html;02/04/2022;La Policía Nacional y la Guardia Civil han desarrollado una operación conjunta que ha concluido con la desarticulación en Jimena de la Frontera (Cádiz) de una organización criminal que se dedicaba a realizar estafas telefónicas a numerosas víctimas de todo el territorio nacional. Según ha informado la Policía en un comunicado, todas las estafas se han producido haciendo uso de la técnica conocida comophishing, mediante la cual los detenidos creaban y enviaban a las víctimas correos electrónicos simulando la apariencia de portales bancarios oficiales de una determinada entidad, solicitando las credenciales de acceso a sus productos bancarios.;Sucesos
Un pasajero, a puñetazos contra los vigilantes que le hacían bajarse del tren por no llevar billete;https://www.lavanguardia.com/sucesos/20210720/7611838/pasajero-punetazos-vigilantes-le-hacian-bajarse-tren-llevar-billete.html;20/07/2021;Contundente agresión de un pasajero al personal de seguridad de un tren de Rodalies en Mollet del Vallès (Barcelona) que le instaba a bajarse del vagón por no llevar billete. Tras negar que estuviera viajando sin pagar y lamentar que iba a llegar tarde al trabajo, el pasajero finalmente la emprende a golpes con los dos trabajadores propinando varios puñetazos. Otro pasajero del mismo tren filmó la violenta escena, que tuvo lugar el pasado domingo sobre las 19:30 en la estación de Santa Rosa (Mollet del Vallès), ha explicado aLaVanguardiael sindicato Adn Sindical Seguridad y Servicios de Cataluña, que compartido las imágenes. En ellas se puede ver una discusión acalorada en la que los vigilantes instan al viajero a abandonar el vagón y este se defiende asegurando que “me habéis echado dos veces”, que llega tarde a trabajar y que ha pagado el billete. Posteriormente se dirige al revisor en los mismos términos lamentando “que es el segundo día de trabajo y llego tarde”.;Sucesos
Muere la conductora de un turismo tras chocar contra un camión en el túnel del Cadí;https://www.lavanguardia.com/sucesos/20210630/7569609/muere-conductora-turismo-chocar-camion-tunel-cadi.html;30/06/2021;La conductora de un turismo ha resultado muerta este miércoles al chocar con un camión frigorífico en la boca norte del túnel del Cadí, en Urús (Girona), ha informado el Servicio Catalán de Tráfico. El accidente ha ocurrido poco antes de las 20:00 horas en el punto kilométrico 129 de la C-16, a la altura de Urús, en la boca norte del Túnel del Cadí, en sentido sur, donde han colisionado un turismo y un camión frigorífico por causas que se están investigando;Sucesos
Una pareja sufre una agresión homófoba en Barcelona durante la verbena de Sant Joan;https://www.lavanguardia.com/sucesos/20210624/7553785/pareja-sufre-agresion-homofoba-barcelona-verbena-sant-joan.html;24/06/2021;Una pareja ha sido víctima de una agresión homófoba en el distrito de Gràcia en Barcelona la madrugada de este jueves durante la verbena de Sant Joan y ha sido trasladada a un centro sanitario por contusiones, han explicado los Bomberos de la Generalitat en un comunicado. El cuerpo de los Mossos d'Esquadra, que ha desplegado 2.030 efectivos policiales para la verbena, en una primera valoración a las 6.00 horas de la mañana han informado de que se han producido peleas y varios delitos contra el patrimonio en diferentes puntos de Cataluña.;Sucesos
Prisión provisional para el hombre que quemó viva a su pareja en la Bisbal del Penedès;https://www.lavanguardia.com/sucesos/20210429/7417280/prision-provisional-hombre-quemo-viva-pareja-bisbal-penedes.html;29/04/2021;El juzgado de violencia sobre la mujer del Vendrell ha acordado el ingreso en prisión provisional para el hombre de la Bisbal del Penedès que el lunes mató a su pareja, a quien roció con gasolina y quemó. El acusado ha pasado a disposición judicial este jueves, después de casi tres días detenido. Según ha informado el Tribunal Superior de Justicia de Cataluña (TSJC), el ingreso en prisión es sin fianza y la causa está abierta por un delito de homicidio y otro de conducción sin permiso de circulación.;Sucesos
Detenido un estafador por retirar dinero suplantando a titulares de DNI robados;https://www.lavanguardia.com/sucesos/20210314/6375127/detenido-estafador-sacar-dinero-suplantando-titulares-dni-robados.html;14/03/2021;Los Mossos d'Esquadra han detenido a un hombre acusado de estafar 16.000 euros, utilizando DNI robados a cuyos titulares se parecía físicamente para suplantar su identidad y retirar dinero de sus cuentas bancarias. Según han informado los Mossos d'Esquadra, el detenido, vecino de Calafell (Tarragona) de 38 años, estafó a cinco personas cuyos DNI habían sido hurtados en Barcelona y el área metropolitana para hacerse pasar por ellas ante los empleados del banco, aprovechando que el uso obligatorio de mascarilla le cubría parcialmente el rostro.;Sucesos
Muere un ciclista de 29 años al ser arrollado por un camión en Terrassa;https://www.lavanguardia.com/sucesos/20201225/6148667/muere-ciclista-29-anos-arrollado-camion-terrassa.html;25/12/2020;Un hombre de 29 años resultó muerto ayer como consecuencia de las graves heridas que sufrió al ser arrollado por un camión en la carretera C-1415a, en el Terrassa (Barcelona), ha informado este viernes en Servicio Catalán de Tráfico (SCT). El accidente se produjo alrededor de las 10:53 horas en el punto kilométrico 21,8 de la C-1415a, donde, por causas que se están investigando, un ciclista perdió el control de su bicicleta y cayó a la vía, donde fue arrollado por un camión que circulaba en sentido contrario.;Sucesos
Posible crimen machista en Manresa : un hombre habría quemado a una mujer y luego se habría ahorcado;https://www.lavanguardia.com/sucesos/20210730/7634489/investigan-muerte-hombre-mujer-incendio-sant-vicenc-castellet.html;30/07/2021;Los Mossos d'Esquadra investigan la muerte de un hombre y una mujer en Sant Vicenç de Castellet (Bages) esta madrugada. Ambos serían vecinos de Terrassa. Las primeras hipótesis apuntan a que el hombre habría quemado a la mujer, cuyo cuerpo ha sido hallado calcinado, y posteriormente se habría ahorcado con el cinturón del coche. El cuerpo del varón ha sido hallado en el interior del vehículo junto con una niña de corta edad que presentaba quemaduras en un brazo. Los Mossos tratan de esclarecer el suceso contemplando la posibilidad de que se trate de un crimen de violencia machista, algo que también ha apuntado el mismo Govern. Los hechos habrían tenido lugar sobre las tres de la madrugada. Los Mossos  han recibido el aviso de un incendio en una zona de matorrales de Sant Vicenç de Castellet. Al llegar al lugar, los agentes han localizado un vehículo con un hombre y una niña pequeña en su interior. Los servicios de emergencia (SEM) han certificado poco después la muerte del conductor y han atendido a la menor, de unos dos años, que presentaba algunas heridas y quemaduras.;Sucesos
"La víctima de una agresión homófoba en Barcelona: ""Nunca pensé que me pegarían por ser gay""";https://www.lavanguardia.com/sucesos/20210531/7495206/joven-victima-agresion-homofoba-multiple-barcelona-nunca-pense-esto-podia-pasar-hecho-gay.html;31/05/2021;"Un hombre joven ha sido operado este domingo en Barcelona tras quedar herido anoche por una agresión homófoba múltiple en la playa, en la que otros tres hombres quedaron contusionados. ""De repente llegó un grupo de cinco chicos cuando empezaron con insultos, empezaron a escupirnos y luego pues, como ya sabemos todos, pues a pegarnos…"" relataba uno de los agredidos en una entrevista la mañana de este lunes en 'el matí de Catalunya Radio'.";Sucesos
¿Quién es el Rey del Cachopo y qué sorpresas puede haber en el juicio?;https://www.lavanguardia.com/sucesos/20210512/7448185/quien-es-el-rey-del-cachopo-sorpresas-juicio-mmn.html;12/05/2021;"César Román es el nombre del apodado ""Rey del Cachopo"", un madrileño que se enfrenta estos días al juicio donde se le acusa de asesinar a su novia, descuartizarla e intentar deshacerse del cadáver. César era un conocido empresario cuando lo detuvieron por el atroz crimen. Era dueño de varios restaurantes, uno de ellos conocido por sus famosos cachopos, los cuales él aseguraba que eran los mejores de España.";Sucesos
'Igor el Ruso' agrede a cuatro funcionarios con un azulejo tras negarse a salir de la celda;https://www.lavanguardia.com/sucesos/20210411/6643351/igor-ruso-agrede-cuatro-funcionarios-azulejo-celda.html;11/04/2021;La Asociación Profesional de Funcionarios de Prisiones (APFP), sindicato exclusivo en el ámbito penitenciario, ha denunciado una nueva agresión del interno N.F., conocido como 'Igor el Ruso', a cuatro funcionarios del Centro Penitenciario de Dueñas (Palencia). Tras negarse a abandonar su celda para ser juzgado este lunes como autor confeso por el triple asesinato ocurrido en en Andorra en 2017, el preso ha agredido con un azulejo a los funcionarios de prisión. El interno, clasificado como extremadamente peligroso y con un amplio historial de incidentes regimentales, se ha negado esta mañana a abandonar voluntariamente la celda para ser conducido a los tribunales.;Sucesos
Incautado en Vilassar de Mar el mayor alijo de marihuana de España;https://www.lavanguardia.com/sucesos/20220707/8392192/incautado-vilassar-mar-mayor-alijo-marihuana-espana.html;07/07/2022;La Guardia Civil y la Policía Nacional han desmantelado una macro plantación de marihuana en la localidad barcelonesa de Vilassar de Mar (Maresme), en la que se ha aprehendido el mayor alijo de esta sustancia en España, más de seis toneladas, y en la que se ha detenido a un total de cinco personas por un presunto delito contra la salud pública y defraudación de fluido eléctrico. La investigación se inició en marzo de 2021, cuando se tuvo conocimiento de que en una parcela de 32 hectáreas, aparentemente dedicada al cultivo de cáñamo industrial, se camuflaba bajo esta plantación legal el cultivo, recolección y distribución de marihuana a gran escala. Esta plantación carecía de permiso alguno para la obtención de CBD (Cannabidiol) otorgado por la AEMPS (Agencia Española de Medicamentos y Productos Sanitarios), pudiéndose comprobar que se dedicaban a la obtención de esquejes de marihuana de plantas madre para su venta a terceros y al cultivo de plantas de marihuana para la obtención de cogollos y posterior manufactura y empaquetado de los mismos al vacío para su venta en el mercado negro.;Sucesos
Desarticulado un grupo que se hacía pasar por repartidores para robar;https://www.lavanguardia.com/sucesos/20210307/6265344/desarticulado-grupo-hacia-pasar-repartidores-robar.html;07/03/2021;Los Mossos han desarticulado un grupo criminal y detenido a tres hombres que se hacían pasar por repartidores para robar en empresas logísticas de Cataluña, para lo que empleaban furgonetas con el logotipo de compañías de mensajería y el uniforme de trabajo de las mismas. Los Mossos han informado este domingo en un comunicado de que la investigación del caso se desarrolló desde la comisaría de Tarragona y que la misma condujo a la detención de tres hombres de nacionalidad española, de 32, 33, y 34 años, uno de ellos vecino de Badalona (Barcelona), y los otros dos con domicilio desconocido.;Sucesos
La Policía Nacional investiga un posible fraude en la asignación de citas previas en extranjería;https://www.lavanguardia.com/sucesos/20201208/6103953/policia-investiga-fraude-datos-citas-extranjeria.html;08/12/2020;La Policía Nacional investiga posibles casos de fraude en el uso de datos para solicitar citas previas para tramitar permisos de extranjería en Barcelona, que después se revenden por importes que ascienden hasta los 200 euros. Las pesquisas de la Unidad Central de Redes de Inmigración Ilegal y Falsedades Documentales (Ucrif) empezaron después de que aparecieran personas en los medios de comunicación que aseguraban que la única forma que habían encontrado para acceder a una de estas citas, que se agotan enseguida cada vez que se publican, era pagar por ellas en el mercado negro.;Sucesos
La Policía detiene en Getafe a un imán por su actividad yihadista;https://www.lavanguardia.com/sucesos/20201205/49895488268/iman-yihadista-detencion-terrorismo.html;05/12/2020;La Policía Nacional ha detenido este sábado en la localidad madrileña de Getafe a un imán, profesor de una madrasa, por su supuestaactividad pro Dáeshy participación en delitos de integración en organización terrorista y adoctrinamiento yihadista. En una nota de prensa, la Policía Nacional ha informado de que el detenido ayudó a establecerse en España a unterroristade Dáesh retornado deSiria, pero además se le han intervenido varios centenares de archivos con contenido yihadista y manuales de capacitación militar.;Sucesos
El Supremo confirma la pena de 20 años de cárcel para madre que arrojó a su bebé por la ventana;https://www.lavanguardia.com/sucesos/20201117/49524569282/supremo-confirma-condena-20-anos-madrew-tiro-hija-ventana.html;17/11/2020;El Tribunal Supremo ha confirmado la condena a 20 años y un día de cárcel a la madre que arrojó a su bebé recién nacidapor la ventana del quinto piso en el que vivíay que fue hallada sin vida por una vecina en el patio de luces de un edificio de Barcelona en junio de 2018. La Sala de lo Penal del alto tribunal ha dictado una sentencia en la que desestima el recurso de casación planteado por la condenada contra la sentencia del Tribunal Superior de Justicia de Cataluña, que a su vez confirmó la citada pena de prisión que le impuso un Tribunal del Jurado de la Audiencia Provincial de Barcelona por un delito consumado de asesinato con la agravante de parentesco.;Sucesos
Desarticulan una banda internacional dedicada al tráfico de armamento y explosivos;https://www.lavanguardia.com/sucesos/20201114/49459717508/banda-internacional-trafico-de-armas-explosivos-mossos-gava-calpe.html;14/11/2020;Un grupo interdisciplinar de laAgencia Tributariayvarios cuerpos policialesha detenido a siete personas enCatalunyay laComunitat Valencianacomo presuntos integrantes de unabanda internacional, que se da por desarticulada, dedicada altráfico de armas y explosivosy que blanqueó en España más de diez millones de euros. Un comunicado emitido este sábado por la Agencia Tributaria informa de que en la investigación, iniciada en 2018, han participado miembros de este organismo, la Policía Nacional, Mossos d’Esquadra y Europol, coordinados por la Fiscalía Especial Contra la Corrupción y la Criminalidad Organizada y supervisada por el Juzgado Central de Instrucción número 2 de la Audiencia Nacional.;Sucesos
Bombers da por controlado el incendio en la Conca de Barberà;https://www.lavanguardia.com/sucesos/20210726/7624575/incendio-conca-barbera-80-perimetrado.html;26/07/2021;Los Bombers acaban de dar por controlado el incendio quedesde el sábado por la tarde arde en la Conca de Barberà(Tarragona) y l'Anoia y que ya ha arrasado cerca de 1.700 hectáreas. Los equipos de emergencia se ha adelantado unas pocas horas a las previsiones de estabilización que se habían fijado para esta tarde. La citada fase de la extinción ya se ha alcanzado. Tras una jornada pesimista, en el que por el momento es el incendio más grave en Catalunya de este verano, y después de trabajar durante toda la noche, los cuerpos de emergencia ya se mostraban optimistas esta mañana empujados por la meteorología, ya que la lluvia ha hecho acto de presencia en la zona.;Sucesos
Caso Marta Calvo: nuevas dudas tras dos meses de investigación;https://www.lavanguardia.com/sucesos/20200108/472783533874/marta-calvo-dudas-dos-meses-desaparicion.html;08/01/2020;Marta Calvodespareció hace hoy dos meses, el pasado siete de noviembre, en el pueblo de Manuel (Valencia). Desde entonces los investigadores no han conseguido despejar las dudas existentes sobre sus últimas horas, a las cuales se han sumado nuevos interrogantes. Se baraja la hipótesis de si el principal sospechoso podría ser un asesino en serie o si faltó diligencia en la investigación de la denuncia durante las primeras horas. A día de hoy, se mantiene labúsqueda de sus restos, que no han podido ser hallados.Jorge Ignacio P.J., de 38 años, elsospechosode haberla matado,sigue en prisiónpreventiva. Lo último que sus familiares supieron de la joven valenciana fue que hace hoy dos meses acudió a Manuel, una pequeña población del interior de Valencia, para una cita con un hombre. Dos días más tarde, su madre se personó en la vivienda del acusado, siguiendo el último mensaje de WhatsApp de su hija que le indicaba dicha localización. El supuesto autor del crimen le dijo que no la conocía.;Sucesos
Desarticulada una organización criminal dedicada al tráfico de cocaína en toda España;https://www.lavanguardia.com/sucesos/20200901/483263241243/desarticulada-organizacion-criminal-cocaina-espana.html;01/09/2020;LaGuardia CivilyPolicía Nacionalhan desarticulado unaorganización criminalque se dedicaba altráfico de cocaína en toda España. La operación, denominadaBetty-Picapiedra ZGZ, se ha saldado con seis detenidos. La investigación se inició en febrero, cuando ambos cuerpos policiales tuvieron conocimiento de la posible existencia de un grupo de personas que se dedicaría al tráfico de drogas enZaragoza. Así, los especialistas del Equipo de Delincuencia Organizada y Antidroga (EDOA) de Policía Judicial de la Guardia Civil de Zaragoza y el Grupo 1o de Estupefacientes de la Brigada Provincial de Policía Judicial de Policía Nacional de esta capital decidieron iniciar una operación conjunta.;Sucesos
Los cuatreros del siglo XXI desafían la seguridad del campo español;https://www.lavanguardia.com/sucesos/20200930/483758827252/cuatreros-ladrones-ganado-bandas-organizadas-espana.html;30/09/2020;Suena a pasajes de otros tiempos, pero todavía existenladrones de ganado en España. Son loscuatreros del siglo XXI. El presente digital no ha acabado con ellos. Sin embargo, debe descartarse la idea romántica, dicen desdelas fuerzas de seguridad, que pueda tenerse de un bandolero serrano que se queda con el conejo de un aldeano porque pasa hambre. Detrás de losrobos de ovejas, cabras, cerdos o corderos, o cualquier otro animalhay organizaciones delictivas. Se trata de bandas o grupos que también son responsables de otras amenazas que se ciernen sobre el medio rural. Del mismo modo que se llevan una docena de cabritos, los hay que se apropian de kilos y kilos de cítricos o de verdura, de aceitunas…;Sucesos
Alerta por la estafa del e-mail de Temu de la “caja misteriosa” para responder a una encuesta;https://www.lavanguardia.com/sucesos/20250212/10376876/alerta-estafa-e-mail-temu-caja-misteriosa-responder-encuesta-asd.html;12/02/2025;Alerta por la campaña masiva de correos electrónicos que suplantan la identidad de Temu, la conocida plataforma china de comercio electrónico, informa la Agència de Ciberseguretat de Catalunya. Los mensajes utilizan la estrategia del premio o caja de recompensa a cambio de contestar a un cuestionario. El objetivo final es conseguir robar los datos personales y bancarios para estafar o vender la información en el mercado negro. El correo electrónico detectado suplanta la identidad de Temu y promete conseguir una “caja misteriosa” a cambio de contestar a una encuesta rápida sobre la experiencia del usuario con la plataforma de comercio. Además, se informa que la promoción termina el mismo día en que se recibe el mensaje.;Sucesos
Cómo podemos identificar el ‘Qrishing’, la estafa por QR con la que roban nuestros datos;https://www.lavanguardia.com/sucesos/20241126/10143678/como-identificar-qrishing-estafa-qr-roban-datos.html;26/11/2024;Nos habéis hecho llegar a través de nuestro número deWhatsApp (34 666908353)la imagen de una supuesta multa por estacionamiento incorrecto que incluye un código QR y nos pedís de qué se trata. Es una estafa que utiliza un QR para captar datos personales y que se ha detectado en la provincia de Salta, en Argentina. Este tipo de fraude llamado Qrishing, se está reproduciendo mayoritariamente en América Latina, donde distintas autoridades ya han emitido alertas al respecto. Pese a que en España el volante concreto que nos habéis hecho llegar todavía no se ha detectado, sí que hay constancia de estafas similares a partir de códigos QR. El modus operandi está registrado por elInstituto Nacional de Ciberseguridady tanto Mossos d’Esquadra como Policía Nacional tienen constancia de ello. ¡Te explicamos cómo funciona y cómo puedes evitar caer en este fraude!;Sucesos
Le prometieron dinero por ver vídeos desde casa y le han robado más de 2.000 euros a un vecino de Elche;https://www.lavanguardia.com/sucesos/20250107/10261512/catalunya-detenido-roses-girona-ciberestafa-trabajo-casa-asd.html;07/01/2025;La Policía Nacional detuvo el pasado 3 de diciembre a un hombre de 38 años en una vivienda de Roses (Girona) por su implicación en una presunta estafa relacionada con el método conocido como “trabajo desde casa”. Según ha informado el cuerpo policial en un comunicado, la víctima, un vecino de Elche (Alicante), denunció haber sido engañado tras recibir una oferta laboral a través de WhatsApp. El supuesto empleo consistía en realizar tareas sencillas como ver vídeos y escribir reseñas, por las que se le prometían pagos iniciales de cinco euros por tarea. Una vez ganada la confianza del denunciante, el estafador lo incluyó en un grupo de WhatsApp, donde se le ofrecieron trabajos más frecuentes, asegurándole ganancias de hasta 90 euros diarios.;Sucesos
Amenazas, robos, secuestros y amputaciones: bandas criminales lanzan una ola de violentos ataques contra los ricos del bitcoin;https://www.lavanguardia.com/sucesos/20250514/10678622/amenazas-robos-secuestros-amputaciones-bandas-criminales-lanzan-ola-violentos-ataques-millonarios-bitcoin.html;14/05/2025;Con el precio delbitcoin disparado, grupos criminales han lanzado una ola de ataques muy violentos contra personas relacionadas con las criptomonedas:influencers, inversores que han difundido en las redes sociales sus ganancias invirtiendo en criptos yempresarios vinculados con el sector. Ayer una pareja con su hijo de dos años se salvaron in extremis de un intento de secuestro en pleno centro de París: cuatro personas intentaron introducirlas en una furgoneta cuando salían de su casa, en el acomodado Distrito XI de la capital, a las 8 de la mañana.;Sucesos
Alerta del FBI por un pirateo masivo que podría comprometer datos de cuentas de Gmail y Outlook en todo el mundo;https://www.lavanguardia.com/sucesos/20250321/10502692/alerta-fbi-pirateo-masivo-comprometer-datos-cuentas-gmail-outlook-mundo-asd-rac1.html;21/03/2025;El FBI ha alertado de un pirateo masivo que podría comprometer los datos de cuentas de Gmail y Outlook en todo el mundo. Se trata de unransomwareconocido como Medusa, que se encarga de secuestrar datos y de restringir el acceso a algunos archivos del sistema operativo. El ataque utiliza un modelo de doble extorsión: encripta los datos de las víctimas y amenaza con hacerlos públicos si no se paga el rescate. ¿Cómo lo hace? Con uno de los métodos más comunes de los hackers: el phishing. Es decir, haciéndose pasar por empresas o personas conocidas para engañar a los usuarios.;Sucesos
Macrorredada contra las estafas telefónicas;https://www.lavanguardia.com/sucesos/20240723/9822783/guardia-civil-detiene-cien-miembros-red-estafas-bancarias-sms.html;23/07/2024;La edad de los ciberdelincuentes se rebaja cada vez, como acaba de comprobar la Guardia Civil, que ha desarticulado un grupo organizado de un centenar de integrantes, la mayoría de los cuales tiene menos de 25 años. Se dedicaban a la comisión de estafas telefónicas y bancarias. Los investigadores no descartan más detenciones y tienen bajo su lupa a 151 personas más. Los delitos se cometieron en toda España y solo en Barcelona se practicaron 79 detenciones y se investiga a 46 sospechosos más. Llama la atención la juventud de los acusados, muchos de 18 años. Solo en la provincia de Málaga la estafa que se les imputa asciende a 1,2 millones de euros. Los presuntos implicados suplantaban el número de teléfono de una entidad bancaria concreta, desde el que enviaban mensajes a clientes de dicho banco o se hacían pasar por empleados para acceder a las claves de las cuentas de los perjudicados y realizar compras o transferencias de dinero sin su consentimiento.;Sucesos
Descienden un 11,4% los robos con fuerza en domicilios de Catalunya en el primer trimestre;https://www.lavanguardia.com/sucesos/20240518/9655595/descienden-robos-fuerza-domicilios-catalunya-primer-trimestre-ano.html;18/05/2024;El balance de criminalidad que trimestralmente publica el Ministerio del Interior que recoge la actividad delictiva druatne los tres primeros meses del año, en Catalunya ha aumentado un 5%, poco más de dos décimas por encima de los delitos en el resto de España. En la comunidad se han producido 126.685 delitos o lo que es lo mismo, 1.392 delitos cada día. Destaca un significativo descenso en los robos con fuerza en domicilios del 11,4%. Catalunya ha experimentado un significativo descenso en los delitos contra la propiedad privada. Se han denunciado 6.709 casos de robos en domicilios, establecimientos y otras instalaciones, lo que supone una reducción del 9,7% con respecto a los últimos meses del 2023. El mayor descenso se ha detectado en los robos con fuerza en domicilios, que han sido 562 menos.;Sucesos
Los Mossos investigan por estafa a una empresa de placas solares;https://www.lavanguardia.com/sucesos/20220814/8466137/mossos-investigan-estafa-empresa-placas-solares.html;14/08/2022;Los Mossos d'Esquadra investigan a la empresa alemana Sunblitz Kraft por haber estafado al menos a 16 personas. Según ha publicado este domingo 'El Periódico' y ha confirmado la policía catalana la ACN, los afectados son de varios municipios de Catalunya y lo han denunciado en varias comisarías del territorio. El rotativo recoge testigos que aseguran que no hay ni rastro de los responsables de la compañía, que en su página web indica que tiene oficinas en Sant Cugat del Vallès y en Palma de Mallorca. La policía catalana investiga la posible estafa y tiene constancia de denuncias en esta empresa en pueblos y ciudades del Baix Camp, Solsonès, Vallès Oriental y Vallès Occidental.;Sucesos
La fiscalía sitúa a un abogado y a un notario como los líderes de la trama que se apoderó de pisos de ancianos;https://www.lavanguardia.com/sucesos/20221114/8606967/fiscalia-abogado-notario-trama-estafa-ancianos-cocoon.html;14/11/2022;Una estafa de 20 millones de euros, con 128 inmuebles arrebatados de forma fraudulenta, con 42 empresas pantalla, 17 acusados, más de 15.000 folios de investigación y siete años para desenredar una madeja complicadísima. Estos son los números de una de las mayores estafas inmobiliarias de la historia de España que está a punto de llegar a juicio y que fue perpetrada supuestamente por un grupo de abogados y notarios que estafaron a centenares de ancianos para quedarse con sus viviendas. La Fiscalía pidepenas de hasta 21 años de cárcelpara los máximos responsables del engaño . En el centro de la trama, la fiscalía en su escrito de acusación, sitúa al abogado y exmodelo Francisco Comitre y al notario suspendido de funciones, Enrique Peña. Para Comitre, la Fiscalía reclama la pena más alta: 20 años y 9 meses de cárcel, al considerarlo “el máximo responsable de la organización” y es el único al que acusa de organización criminal. Y para el notario, Enrique Peña, que tenía un despacho en la Diagonal y que estaba supuestamente conchabado con la organización a la hora de suscribir operaciones ilegales, solicita una pena de 15 años de cárcel. A todos los acusados, el fiscal les atribuye los delitos de estafa, falsedad documental y blanqueo de capitales.;Sucesos
Desarticulada una organización criminal dedicada a estafas en casinos de toda España;https://www.lavanguardia.com/sucesos/20210502/7423258/catalunya-desarticulada-organizacion-criminal-dedicada-estafas-casinos-toda-espana-detenidas-tres-personas-irun.html;02/05/2021;"Un total de tres personas han sido detenidas en Irun (Guipúzcoa) en una operación conjunta de la Ertzaintza y la Policía Nacional que ha permitido desarticular una organización criminal itinerante dedicada a la comisión de estafas en casinos de toda España, según ha informado el Departamento de Seguridad. La operación policial, denominada ""Gereziak-Armeria"", ha sido desarrollada tras ser detectado un nuevo ""modus operandi"" delictivo por agentes pertenecientes al Servicio de Control de Juegos de Azar y Apuestas de la Policía Nacional en verano de 2020, investigación que contó con la coordinación y respuesta desde la Unidad de Juego y Espectáculos, además de la Sección Central de Investigación Criminal y Policía Judicial de la Ertzaintza.";Sucesos
Gran golpe al blanqueo del dinero de estafas informáticas;https://www.lavanguardia.com/sucesos/20201016/484106008023/gran-golpe-al-blanqueo-del-dinero-de-estafas-informaticas.html;16/10/2020;Investigadores de losMossos d’Esquadra, laPolicía Nacionaly elFBIhan participado junto con policías de otros once países europeos en ladesarticulación de una organización criminal internacional dedicada a blanquear beneficios procedentes de ciberataques y estafas informáticas. La operación ha sido coordinada por Interpol. Los arrestados operaban a nivel mundial, principalmente enEuropayAmérica, y ofrecían sus servicios a grupos criminales informáticos para convertir en legales todos los beneficios económicos que conseguían de forma fraudulenta.;Sucesos
Un estafador 24 horas;https://www.lavanguardia.com/sucesos/20210422/7001703/estafador-mujeres-libro-guillem-sanchez.html;22/04/2021;Todo el mundo cuando se mira al espejo es capaz de autodiagnosticarse una cierta impostura. Asoma en la especie humana una inherente sentido de querer gustar, de fardar, de tirarse el rollo. Solo falta mirar el currículum de algunos para detectar que el inglés que chapurrea no es nativo o que el ostentoso cargo de gestor de ventas comerciales en una gran multinacional esconde en realidad un digno puesto de dependiente en una cadena de ropa. Pero este tipo de imposturas habituales y toleradas en el día a día son minucias comparadas con la estafa que perpetró Francisco Gómez Manzanares. Guillem Sànchez, periodista deEl Periódico de Catalunya, le ha seguido el rastro y lo plasma en el libro 'El Estafador' (Ed.Península), un true crime estremecedor que saca a la luz la realidad de las estafas sentimentales y empuja al lector a preguntarse cuál es el límite de la impostura y hasta donde está dispuesto a llegar este protagonista de carne y hueso que en la actualidad cumple una larga condena por estafa.;Sucesos
Barcelona cierra el 2023 con una subida generalizada de todas las modalidades delictivas;https://www.lavanguardia.com/sucesos/20240219/9523855/barcelona-cierra-2023-subida-generalizada-todas-modalidades-delictivas.html;19/02/2024;El alcalde Jaume Collboni presidió este lunes por la tarde la Junta de Seguridad de Barcelona, con la presencia del conseller de Interior, Joan Ignasi Elena. Una reunión periódica que sirve para poner en común el estado de la ciudad en materia de seguridad y que sirve para hacer balance de las últimas cifras, en este caso, las estadísticas delincuenciales del 2023. Un año malo, muy malo en materia de seguridad, con un incremento generalizado de todas las modalidades delictivas, en relación al 2022. Sube todo, especialmente las agresiones sexuales, las estafas y todo lo relacionado con las drogas, pero sube también y mucho la actividad policial, que multiplica las detenciones, identificaciones y operativos, tanto de Mossos d'Esquadra, Guardia Urbana de Barcelona, Policía Nacional y Guardia Civil. Al terminar la reunión, a puerta cerrada, se repartió entre los medios de comunicación, un dossier de diez páginas con un resumen elegido de los datos. Una estadística en la que especialmente el departamento de Interior sigue comparando con el 2019, anterior a la pandemia, y un año especialmente negro en cuanto a cifras, con unos índices delincuenciales que de hecho provocó la puesta en marcha de algunos de los planes que a día de hoy siguen vigentes como Tremall.;Sucesos
Fraude eléctrico y naves ocupadas alientan el negocio de la marihuana;https://www.lavanguardia.com/sucesos/20220819/8473136/fraude-electrico-naves-ocupadas-alientan-negocio-marihuana-catalunya.html;19/08/2022;Hace tiempo que se repite queCatalunya se ha convertido en el epicentro europeo de la marihuana. El año pasado los Mossos d’Esquadra se hicieron con 826.697 plantas, una cifra trece veces superior a la del 2015. El negocio crece a un ritmo vertiginoso y se extiende por todo el territorio, convirtiéndolo en uno de los principales productores y exportadores de cannabis. Entre las razones están una ley menos restrictiva que en otros países, la proximidad al resto de Europa y unos grandes beneficios. La rentabilidad del negocio de la marihuana viene dada por una reducción drástica de los costes: no se paga alquiler ni suministros en muchos casos, según los cuerpos policiales. El fraude eléctrico y las naves ocupadas han atraído a grupos criminales dedicados al tráfico que instalan aquí sus plantaciones y exportan la droga al resto del continente. La estafa se ha convertido en una práctica mayoritaria para las bandas, según fuentes policiales, y hace que el de la marihuana sea un negocio redondo. Más de la mitad de las plantaciones interiores desmanteladas en el 2021 se conectaban ilegalmente a la red eléctrica y, por lo general, se hallaban en inmuebles ocupados.;Sucesos
El presunto asesino de la app gay estuvo en Catalunya;https://www.lavanguardia.com/sucesos/20220519/8277051/asesino-app-gay-catalunya.html;19/05/2022;Lo admitió en su momento el consejero de Seguridad del Gobierno vasco, Josu Erkoreka, que compareció tras la entrega en una comisaría de Irun del sospechoso al que la Ertzaintza buscaba desde hacía meses como el posible autor de varias muertes en Bilbao. Dijo entonces el responsable de la policía vasca que el trabajo proseguía con mucha intensidad y que los investigadores estaban reconstruyendo los pasos de Nelson David M. B., dentro y fuera de Euskadi. Había constancia de al menos un viaje a Murcia, acompañando a la que entonces era su novia. No fue el único desplazamiento. El individuo también estuvo en Catalu­nya. Así lo han reconocido hasta ahora dos hombres que, tras ver su imagen en los medios de comunicación, acudieron a sendas comisarías de los Mossos d’Esquadra para explicar su relación con el acusado, según han con­firmado aLa Vanguardiavarias fuentes al tanto del caso. El primero de los individuos acudió la semana pasada a la comisaría de la policía catalana en Pineda. El hombre relató a los agentes que había conocido al colombiano que aparecía en los medios de comunicación acusado de ser el asesino de gais en el País Vasco. No tenía ni la menor duda. Aseguró que le invitó a su casa y que no tardó en darse cuenta de que el joven intentaba emborracharle o drogarle para que perdiera la conciencia con la intención de robarle. El hombre explicó que tenía experiencia en el consumo de sustancias estupefacientes, que intuyó con claridad las verdaderas intenciones del chaval, y decidió echarle a gritos. No había vuelto a saber nada más del joven hasta que tropezó con su retrato en las televisiones, donde era señalado como el hombre al que buscaba la Ertzaintza por la muerte de varios gais en Bilbao.;Sucesos
Desarticulan una banda que robaba tarjetas de crédito en aparcamientos comerciales;https://www.lavanguardia.com/sucesos/20201006/483888986713/desarticulada-banda-roba-tarjetas-credito-aparcamientos.html;06/10/2020;LosMossosd’Esquadra handetenidoa lostres integrantesde unabandaespecializada en cometerhurtos en aparcamientos comercialesde todaCatalunya, y que utilizaban las tarjetas bancarias sustraídas para comprar ilícitamente botellas de bebidas alcohólicas que revendían a una tienda de Barcelona. Según ha informado este martes la Policía de la Generalitat, agentes de la Unidad de Investigación de la comisaría de Martorell detuvieron por estos hechos, el pasado el miércoles 30 de septiembre, a tres hombres de nacionalidades cubana y peruana, de 30, 33 y 37 años y vecinos de Barcelona, Cornellà de Llobregat y L’Hospitalet de Llobregat.;Sucesos
Los Mossos incautan más de 1.600 litros de un falso gel desinfectante;https://www.lavanguardia.com/sucesos/20200328/48124703194/mossos-falso-gel-desinfectante-coronavirus-terrassa.html;28/03/2020;LaDivisión de investigación Criminal de los Mossos d’Esquadraha inmovilizado e incautado 1.681 litros de un producto de limpieza que se vendía de manera engañosa comogel hidroalcóholico. Un ciudadano dio el aviso a agentes de comisaría el pasado 23 de marzo enTerrassa, tras detectar que un establecimiento de la ciudad estaba comercializando un gel hidroalcóholico con una etiqueta contradictoria a su contenido.;Sucesos
Juicio a una joven por manipular a un amigo para que matara a su padre;https://www.lavanguardia.com/sucesos/20220922/8538881/juicio-joven-manipular-amigo-matara-padre.html;22/09/2022;Ismael Molina, de 20 años, mató a su padre de varias cuchilladas aprovechando que este dormía y luego prendió fuego al domicilio para enmascarar las pruebas. Ocurrió el 8 de junio del 2019 en Vilanova i la Geltrú. Él mismo confesó el crimen al cabo de pocas horas, pero la investigación arrojó que en rea­lidad Ismael no era consciente de lo que hacía. Él era solo un títere en manos de su amiga Alba, que lo había manipulado y le había lavado el cerebro de tal manera que lo incitó a cometer el crimen para robarle el dinero al padre del joven. Esta es la tesis que sos­tiene la Fiscalía en el juicio que empieza el próximo martes por un macabro caso, inédito en la historia criminal de Catalunya: un crimen por inducción en el que se comete un asesinato a través de una persona a la que han manipulado mentalmente.;Sucesos
El cuerpo de John McAfee lleva siete meses en una morgue de Barcelona;https://www.lavanguardia.com/sucesos/20220207/8039357/cuerpo-john-mcafee-lleva-siete-meses-morgue-barcelona.html;07/02/2022;Más de siete meses después de su muerte en una cárcel catalana, el cuerpo de John McAfee permanece en el congelador de una morgue de Barcelona, según adelantó el periódico MarketWatch  y ha podido confirmarLa Vanguardiade fuentes oficiales. Concretamente, los restos mortales del empresario estadounidense se encuentran en el Institut de Medicina Legal i Ciències Forenses de Catalunya, en la Ciutat de la Justicia. La demora, según fuentes judiciales, se debe a que la causa abierta tras la muerte del fundador del famoso antivirus McAfee sigue pendiente de la ejecución de todas las pruebas solicitadas. La hija y la exesposa de McAfee iniciaron una batalla legal por el cuerpo y un juez de Martorell mantiene abierta una investigación sobre la causa de la muerte, supuestamente un suicidio. El multimillonario estadounidense fue hallado muerto en su celda en la cárcel barcelonesa de Brians 2 el pasado 23 de junio. Llevaba encarcelado desde octubre del 2020 cuando fue interceptado en el aeropuerto del Prat justo antes de cruzar el filtro policial de salidas internacionales para tomar un vuelo con destino Istambul.McAfee, de 75 años, estaba a la espera de ser extraditado a Estados Unidos, país que había expedido una orden de busca y captura por un delito de estafa y evasión de impuestos.;Sucesos
Detenidas tres personas de una fundación por estafar un millón de euros para niños con cáncer;https://www.lavanguardia.com/sucesos/20210619/7542235/detenidas-tres-personas-fundacion-estafar-millon-euros-ninos-cancer.html;19/06/2021;"Los Mossos han detenido a tres miembros de una fundación por  embolsarse dinero que habían recaudado para ayudar a niños con cáncer. Según ha informado el cuerpo de policía autonómica de Catalunya, se trata de la Fundación CIBI, con sede social en L'Hospitalet. El inicio de la investigación se remonta a 2017, momento en que otras fundaciones dedicadas al cáncer infantil alertan de un funcionamiento ""anómalo"".";Sucesos
El índice de criminalidad desciende un 73,8% en marzo, con 15 días en estado de alarma;https://www.lavanguardia.com/sucesos/20200501/48889225983/indice-criminalidad-desciende-marzo-estado-de-alarma-coronavirus.html;01/05/2020;Elíndice de criminalidad en Españaexperimentó undescenso del 73,8 por cientodurante el pasado mes de marzo, con 15 días en los que rigió la declaración de estado de alarma, con respecto al mismo mes del año anterior, según datos facilitados por la Secretaría de Estado de Seguridad del Ministerio del Interior. En concreto, el análisis se ha realizado a partir de los datos facilitados al Sistema Estadístico de Criminalidad (SEC) por Policía Nacional, Guardia Civil, Policía Foral de Navarra y aquellos cuerpos de Policía Local que habitualmente facilitan datos al sistema. Por contra, no se incluye datos de Ertzaintza y Mossos d’Esquadra al no haber llegado a tiempo.;Sucesos
