Título;Enlace;Fecha;Primeros_Párrafos;Topic
Cau una xarxa que oferia parelles de fet fraudulentes per obtenir permisos de residència;https://www.ara.cat/societat/successos/cau-xarxa-oferia-parelles-fet-fraudulentes-obtenir-permisos-residencia_1_5422500.html;25/06/2025;BarcelonaCop policial a una banda que oferia parelles de fet fraudulentes per obtenir permisos de residència a Espanya i que operava a les demarcacions de Barcelona i Girona. La xarxa desmantellada per la Policia Nacional es dedicava majoritàriament al tràfic de persones de nacionalitat marroquina mitjançant la formalització davant de notari d'unions de fet fraudulentes entre aquestes persones que volien arribar a l'Estat i ciutadans amb nacionalitat espanyola. En total, hi ha hagut 37 detinguts, set dels quals estrangers. La xarxa, formada per unes deu persones amb un líder i un nucli de col·laboradors amb rols molt definits, funcionava de la següent manera. D'una banda, a Espanya unes dones s'encarregaven de captar noies joves amb nacionalitat espanyola que estiguessin disposades a cobrar prop de 1.000 euros per constituir-se en parella de fet amb un desconegut davant de notari. De l'altra, ciutadans marroquins es dedicaven a buscar ciutadans estrangers (sovint compatriotes) que paguessin fins a 10.000 euros per constituir-se en parella de fet amb aquestes dones i així optar a la nacionalitat espanyola.;Successos
Resolt el crim d'un home que va desaparèixer a Reus fa vint anys;https://www.ara.cat/societat/successos/resolt-crim-d-home-desapareixer-reus-vint-anys_1_5417818.html;20/06/2025;"Barcelona""Bé,chuchi, no aguanto més, necessito oblidar i al teu costat no puc. Me'n vaig lluny, vull començar la meva vida des de zero"". Era el setembre del 2004 quan una dona va rebre aquest missatge al seu telèfon. Li enviava la seva exparella, amb qui tenia una filla en comú. Feia un temps que ho havien deixat. El que semblava una desaparició voluntària vint anys després s'ha demostrat que va ser un assassinat. Quan es va enviar aquell missatge, l'home ja estava mort i enterrat. Encara més: presumptament, va ser la dona qui se'l va autoenviar per ocultar el crim i fer veure que ell havia començat una nova vida a França. Ara ella, amb 47 anys, està en presó provisional com a suposada assassina. Aquest divendres efectius de la Divisió d'Investigació Criminal (DIC) dels Mossos d'Esquadra i de la Policia Nacional han fet públic que han resolt aquest crim vint anys després i quan tan sols faltaven tres mesos perquè prescrigués. La víctima va desaparèixer a Reus (Baix Camp) el 6 de setembre del 2004. Era transportista, i també tenia una empresa de manteniment d'extintors. Després de divorciar-se d'una dona amb qui ja havia tingut una filla, es va aparellar amb l'ara detinguda. També van tenir una filla que en el moment dels fets tenia sis anys. La relació, però, no va funcionar: ho van deixar i la dona va conèixer un altre home. Ell també és, presumptament, coautor del crim, però va morir l'any 2022.";Successos
Macrooperatiu contra el 'top manta' a Salou: dinou detinguts i tres agents ferits;https://www.ara.cat/societat/successos/macrooperatiu-top-manta-salou-dinou-detinguts-tres-agents-ferits_1_5414308.html;17/06/2025;BarcelonaEls Mossos d'Esquadra i la Policia Nacional han iniciat aquest dimarts al matí un operatiu contra un grup criminal que es dedicava a la venda de material falsificat, que acabaven comercialitzant els manters a la zona de Salou, al Tarragonès. El dispositiu s'ha resolt amb dinou detinguts i una gran quantitat de material falsificat comissat. S'han practicat una desena d'escorcolls en habitatges i magatzems: sis a Salou i la resta a Reus i les Borges del Camp (Baix Camp). Aquest ampli desplegament policial ha rebut una resposta hostil d'uns manters, que han llançat pedres contra la línia policial. Tres agents dels Mossos han resultat ferits i s'han produït danys en vehicles particulars i policials. El dispositiu estava format per 300 agents, entre Mossos i Policia Nacional. A més d'agents de seguretat ciutadana i ordre públic, també han pres part en l'operatiu l'helicòpter i la unitat de drons. La investigació, pels delictes d'organització criminal i contra la propietat industrial, continua oberta, segons han informat els Mossos. Fonts policials apunten que es tracta d'una investigació que ha intentat arribar al moll de l'os de la comercialització de productes falsificats, atacant els principals magatzems i els seus responsables. Les mateixes fonts apunten que s'han arrestat els líders dels grups, que s'encarregaven de rebre els productes i emmagatzemar-los en grans superfícies, sobretot a Reus. Després, els portaven a altres espais de Salou perquè estiguessin a prop dels punts de venda.;Successos
Qui hi ha darrere del segrest a Barcelona de Hichem Aboud? Cinc detinguts i uns narcos d'Andalusia;https://www.ara.cat/societat/successos/hi-darrere-segrest-barcelona-hichem-aboud-cinc-detinguts-narcos-d-andalusia_1_5413673.html;17/06/2025;BarcelonaEra un dijous d'octubre a la zona alta de Barcelona. Faltaven pocs minuts per a les dotze de la nit quan, de sobte, els veïns del carrer de Raset van sentir uns forts crits. Alguns d'ells van treure el cap per la finestra i van veure com tres encaputxats assaltaven un home i el posaven per la força a dins d'un Range Rover negre. Ningú va saber res més d'aquell home fins a l'endemà: a mil quilòmetres de Sarrià, la Guàrdia Civil va sospitar d'uns homes que, de nit, carregaven alguna cosa en una llanxa al riu Guadalquivir. S'hi van acostar i van descobrir que lamercaderiaera un home:Hichem Aboud, un periodista algerià, conegut sobretot per la seva tasca d'oposició al règim d'aquest país. A la riba del Guadalquivir la policia espanyola va detenir dos homes de 30 anys que des d'aquell moment es troben en presó preventiva. Ara bé, la investigació acabava de començar. Hi havia més autors materials del segrest? Qui l'havia ordenat? La Divisió d'Investigació Criminal (DIC) dels Mossos d'Esquadra a Barcelona, que investigava el segrest a Barcelona, i la Guàrdia Civil, que va alliberar Aboud a Andalusia, van crear un equip conjunt. Segons ha pogut saber l'ARA, han aconseguit localitzar i detenir els presumptes autors materials del segrest. El dos d'abril la policia va detenir cinc homes a les localitats de Màlaga, Fuengirola i Sanlúcar de Barrameda, i n'investiga un altre que resideix a Portugal, fins on es va desplaçar un equip de la policia catalana i l'espanyola. Quatre d'aquests arrestats ja es troben en presó preventiva.;Successos
"Hichem Aboud:""Només el govern algerià té interès per segrestar-me""";https://www.ara.cat/societat/successos/nomes-govern-algeria-interes-segrestar_128_5410912.html;17/06/2025;"BarcelonaHichem Aboud (Algèria, 1955) porta tota una vida denunciant des dels seus llibres i articles el règim algerià. Això fa que visqui vigilant, i admeti que ""pot rebre un tret en qualsevol moment"". Explica que l'han intentat segrestar quatre vegades, il'última va ser a Barcelona l'octubrepassat. Uns encaputxats el van posar a dins d'un cotxe i el van conduir fins a Andalusia. Just quan l'anaven a introduir a una barca al Guadalquivir per portar-lo presumptament a la costa africana, la Guàrdia Civil va intervenir. L'ARA ha avançat aquest dimarts que els Mossos d'Esquadra i la Guàrdia Civil han detingut cinc persones com a presumptes autors materials del seu segrest. La investigació, però, encara no ha arribat al cervell de l'operació. Qui creu que va ordenar el seu segrest?";Successos
Un 20% menys de robatoris: balanç de nou mesos de reforç policial a l'aeroport del Prat;https://www.ara.cat/societat/successos/20-menys-robatoris-balanc-nou-mesos-reforc-policial-l-aeroport-prat_1_5409610.html;12/06/2025;"El Prat de Llobregat""Juanito, què passa a l'aeroport?"". Joan Alfred Vives, sotsinspector dels Mossos d'Esquadra i cap de l'Àrea Regional de Seguretat Aeroportuària, va rebre una trucada un diumenge de setembre. A l'altra banda del telèfon hi havia el director de la policia, Josep Lluís Trapero. Aquell dia,l'ARA havia publicat un reportatgesobre la situació delinqüencial a l'aeroport, on els delictes contra el patrimoni, sobretot furts, s'havien multiplicat per deu en una dècada. A la conselleria d'Interior la notícia va córrer ràpidament i els seus dirigents es qüestionaven el mateix que minuts després faria Trapero al màxim responsable policial de l'aeroport: ""Què passa al Prat?"" En roda de premsa, Vives ha admès aquest dijous que les xifres eren ""molt complicades"". La resposta a la pregunta de Trapero va ser: ""Tenim molt poc múscul i l'exigència és molt gran"". Aquest va ser el punt de partida d'un pla d'acció policial per ""rebaixar la corba delictiva"", en paraules de la consellera d'Interior, Núria Parlon.Primer va arribar un reforç d'agentsi amb els mesos es van començar a notar els seus efectes, amb una baixada dels robatoris,tal com va explicar aquest diari. Tot plegat ha conduït fins a una trobada de la plana major dels Mossos amb el cos consular a Catalunya –que es van mostrar molt preocupats per les dades– per explicar-los aquesta baixada.";Successos
A presó el principal autor de l'agressió greu a quatre mossos a la Mariola de Lleida;https://www.ara.cat/societat/successos/detenen-principal-autor-lesions-greus-patir-quatre-mossos-mariola-lleida_1_5407983.html;11/06/2025;BarcelonaEls Mossos d'Esquadra han detingut aquest dimecres l'home considerat el principal autor de les lesions greus que van patir quatre agents la nit del 27 al 28 d'abril al barri de la Mariola de Lleida, on diverses personeses van enfrontar a la policia després d'una baralla multitudinària entre veïns. El detingut, al qual s'acusa d’homicidi dolós en grau de temptativa, desordres públics i atemptat contra els agents de l’autoritat, hauria ferit els mossos colpejant-los amb una barra de ferro al cap, segons expliquen a l'ARA des del cos. La detenció ha tingut lloc de matinada amb la participació d'efectius del Grup Especial d'Intervenció (GEI) dels Mossos, que han fet l'assalt inicial al domicili de l'arrestat, al carrer Júpiter. També hi han intervingut equips de l'ARRO i de la Brimo, així com de la unitat de drons, la canina i agents de seguretat ciutadana. La investigació continua oberta, de manera que no es descarten més detencions, i s'ha decretat el secret d'actuacions. De fet, la policia estaria buscant alguns familiars seus.;Successos
Comprar pistoles a París per portar-les a Cubelles: cau una de les primeres bandes de tràfic d'armes de Catalunya;https://www.ara.cat/societat/successos/paris-garraf-cau-primeres-bandes-traficaven-armes-catalunya_1_5403669.html;06/06/2025;"BarcelonaNormalment, en una investigació policial les drogues acaben portant a les armes. És a dir, primer se sol detectar una plantació de marihuana, o un desembarcament d'haixix, i després la policia acaba descobrint que els traficants van armats, no tant per atacar la policia, que és molt poc freqüent, sinó per defensar-se dels robatoris (coneguts com a narcoassalts ovuelcos) que pateixen per part d'altres grups criminals. Una investigació dels Mossos d'Esquadra ha canviat aquest ordre de factors i s'ha convertit en un dels primers operatius de la policia catalana contra el tràfic d'armes a Catalunya. Tal com admeten fonts del cos: les armes van acabar portant a les drogues. Tot va començar el 7 de desembre del 2023 amb una coincidència. Dos agents van aturar un vehicle i a dins hi havia alguna cosa poc habitual. Portava vuit armes semiautomàtiques amb el número de sèrie esborrat per eliminar d'on provenen. Després d'un estudi dels especialistes de balística, van descobrir que eren armes de fogueig que havien sigut manipulades per disparar bales reals. ""I no eren armes fabricades a Catalunya, venien de França"", ha explicat aquest dijous en roda de premsa l'inspector Isard Hidalgo, cap de l'Àrea d'Investigació Criminal (AIC) dels Mossos a Barcelona.";Successos
Fins a 51 detinguts en una ofensiva policial contra la droga a tot Catalunya;https://www.ara.cat/societat/mes-400-mossos-desplegats-dues-operacions-trafic-drogues-armes_1_5399846.html;03/06/2025;BarcelonaOfensiva policial contra el tràfic de marihuana. Els Mossos d'Esquadra han desplegat a les cinc del matí d'aquest dimarts més de 400 agents en dos dispositius contrael crim organitzat establert a Catalunya i vinculat al tràfic de droguesi armes. El doble operatiu ha arribat a nombrosos punts del territori català (una vintena de poblacions diferents) i, segons confirmen fonts del cos consultades per l'ARA, s'han practicat 29 detencions. Alhora, la Guàrdia Civil també ha engegat un operatiu contra el narcotràfic a Barcelona i a Girona, amb 19 escorcolls i fins a 22 arrestos. En total, aquest matí s'han efectuat fins a 51 detencions entre els dos cossos policials per tràfic de droga. Els dos dispositius dels Mossos són dues investigacions diferenciades, una que porta la Divisió d'Investigació Criminal (DIC) de Barcelona i que ha durat dos anys i una altra que dirigeix la DIC de Girona i que va començar fa un any. En tots dos casos, l'ofensiva intenta desarticular sengles bandes criminals dedicades al tràfic de marihuana, amb plantacions repartides per tot el territori. Fonts policials afirmen que han efectuat un cop important contra el tràfic de marihuana, desmantellant tres bandes molt actives, algunes d'elles vinculades a la màfia albanesa de la droga.;Macrooperatiu
"""Els Mossos em culparan a mi"": a presó per matar la parella i conviure amb el cadàver vuit mesos";https://www.ara.cat/societat/violencia-masclista/mossos-em-culparan-preso-matar-parella-conviure-cadaver-vuit-mesos_1_5394362.html;28/05/2025;"BarcelonaEl jutjat de violència sobre la dona 3 de Barcelona ha enviat a presó provisional R.N., l'home de 55 anysque els Mossos d'Esquadra van detenir diumenge passatper la mort de la seva parella en un pis de Ciutat Meridiana, al districte de Nou Barris de Barcelona. Tal com va explicar l'ARA, el cos de la dona va aparèixer en una habitació del pis i estava embolicat amb plàstics i cinta americana. Fonts consultades per aquest diari apuntaven dilluns que, segons les primeres aproximacions, la víctima feia més de mig any que estava morta. Ara, en la resolució per enviar R.N. a la presó, la magistrada concreta que presumptament l'home va matar la parella i després va ocultar el cadàver en una habitació segellada durant vuit mesos. El cadàver estava en un estat avançat de descomposició i això ha dificultat les tasques d'investigació, així com la identificació de la causa de la mort. Finalment, l'autòpsia preliminar conclou que es tractava d'una mort criminal, causada per un traumatisme cranioencefàlic. Aquests fets se situen el setembre del 2024, i no van sortir a la llum fins a aquest diumenge. Concretament, segons la resolució de la jutgessa, R.N. va alertar el seu germà amb diversos àudios dient que la seva parella feia diversos mesos que estava morta a casa. Deia que per això ell podria acabar ""ingressat"" en algun lloc. ""Els Mossos em culparan a mi"", també afirmava, i la jutgessa conclou que això demostra que era conscient que havia fet alguna cosa malament. En aquell moment, parla de confessar i de col·laborar amb la policia. Davant d'això, el germà va acudir al domicili i, en veure que el que deia el seu germà era veritat, va trucar la policia.";Violència masclista
Detingut per matar una dona i conviure amb el seu cadàver mig any a Barcelona;https://www.ara.cat/societat/successos/detingut-home-troballa-d-cadaver-descomposicio-pis-ciutat-meridiana_1_5391833.html;26/05/2025;BarcelonaEls Mossos d'Esquadra han detingut un home de 55 anys per la troballa d'un cadàver d'una dona al seu pis de Ciutat Meridiana, al districte de Nou Barris de Barcelona. Segons fonts consultades per l'ARA, la policia va trobar aquest diumenge a la tarda el cos de la dona embolicat entre plàstics en una habitació del domicili. Els veïns s'havien queixat de fortes pudors i, segons les primeres aproximacions, feia mig any que era morta. El cadàver estava en un avançat estat de descomposició, una situació que està complicant les tasques d'identificació. La principal hipòtesi policial és que es tracta de la parella del detingut, ja que les característiques físiques del cos quadren amb aquesta teoria, segons ha pogut saber l'ARA. Després de practicar-li l'autòpsia, els forenses han determinat que es tracta d'una mort criminal i els Mossos d'Esquadra ja ho investiguen com un homicidi. Si s'acaba confirmant aquest extrem, es tractaria del tercer feminicidi del 2025.;Successos
Mor una dona de 54 anys en un incendi al districte de Sant Andreu de Barcelona;https://www.ara.cat/societat/successos/mor-dona-54-anys-incendi-districte-sant-andreu-barcelona_1_5388871.html;23/05/2025;"BarcelonaUna dona de 54 anys ha mort aquest matí en un incendi al seu habitatge al districte de Sant Andreu de Barcelona, segons ha informat l'Ajuntamenten una nota de premsa. Els Bombers de Barcelona han rebut l'avís a les 7.07 hores i han desplaçat cinc dotacions fins al lloc del foc, al número 4 del carrer Torrent de Perera. ""Tot i les maniobres de reanimació, no hem pogut salvar la vida d'una persona que hi residia"", ha informat des del cos.";Successos
Busquen a la Costa Brava un jove britànic desaparegut fa tres setmanes al Regne Unit;https://www.ara.cat/societat/successos/busquen-costa-brava-jove-britanic-desaparegut-tres-setmanes-regne-unit_1_5388130.html;22/05/2025;BarcelonaEls Mossos d'Esquadra i els Bombers de la Generalitat estan buscant a la zona de Tossa de Mar, a la Selva, un jove britànic de 24 anys que va desaparèixer al Regne Unit el 30 d'abril, ara fa 22 dies. Segons fonts policials, la policia catalana va rebre una sol·licitud de la Interpol en què s'informava que aquest jove es podria trobar a la Costa Brava, concretament entre Tossa de Mar i Sant Feliu de Guíxols. Van ser els seus pares qui van detectar que el seu mòbil l'ubicava en aquesta àrea. La recerca va començar aquest dimecres al vespre, i hi van participar diverses unitats dels Bombers i els Mossos d'Esquadra, a més dels gossos de les unitats canines. El rastreig va permetre localitzar una furgoneta de matrícula anglesa que estava a nom del desaparegut. Es tracta d'un vehicle d'una empresa amb seu a Doncaster, al nord d'Anglaterra. La furgoneta estava ben estacionada, tancada i amb signes d'estar abandonada en un mirador de Tossa de Mar. Tot i això, no van trobar cap rastre del jove.;Successos
Maten a trets un expolític ucraïnès, Andrí Portnov, a prop d'una escola a Madrid;https://www.ara.cat/internacional/maten-trets-expolitic-ucraines-prop-d-escola-madrid_1_5386459.html;21/05/2025;BarcelonaL'advocat i expolític ucraïnès Andrí Portnov, de 52 anys, ha mort tirotejat aquest dimecres a les portes del col·legi americà de Pozuelo de Alarcón, on havia anat a portar els seus fills. La identitat de Portnov, que va ser assessor del president d'Ucraïna Víktor Ianukóvitx, ha estat confirmada per fonts del ministeri de l'Interior espanyol. Les primeres informacions apuntaven que el crim podria estar relacionat amb una venjança. El cos sense vida de la víctima ha estat localitzat cap a un quart de deu del matí al costat del seu cotxe, un vehicle negre d'alta gamma aparcat als voltants del centre educatiu, segons informa l'agència Efe. Fonts oficials confirmen que l'home es disposava a entrar al cotxe quan diverses persones l'han tirotejat per l'esquena i al cap i posteriorment han fugit del lloc cap a una zona boscosa.;Successos
Un accident de trànsit a Lloret acaba a cops de pala i destral;https://www.ara.cat/societat/successos/accident-transit-lloret-acaba-cops-pala-destral_1_5384502.html;19/05/2025;BarcelonaUn accident de trànsit que acaba a cops de pala i destral. Això és el que va passar dissabte al passeig marítim de Lloret de Mar, a la comarca de la Selva. Quan encara era de dia, a dos quarts de vuit del vespre, dos vehicles van xocar. Tot i que encara no queda clar, perquè la investigació està oberta, segons fonts consultades per l'ARA tot apunta que el xoc no hauria sigut fortuït. Va ser un xoc lateral i un cotxe va rascar l'altre. Sigui com sigui, en un vehicle hi havia tres ocupants i en l'altre, quatre. Eren persones que es coneixien i que, segons les primeres hipòtesis, tindrien algun assumpte pendent. Després del xoc, els ocupants dels dos vehicles es van enganxar en una discussió que es va complicar quan d'un dels cotxes (el que duia tres ocupants) van treure una pala i una destral. Poc després van agredir al cap d'un dels ocupants de l'altre vehicle, que no era el conductor. L'home va resultar ferit, tot i que no perilla la seva vida.;Successos
Mor una dona catalana en un accident d'autobús a La Gomera;https://www.ara.cat/societat/successos/mor-dona-catalana-accident-d-autobus-gomera_1_5378108.html;13/05/2025;BarcelonaUna dona catalana de 73 anys ha mort i deu persones més han quedat ferides aquest matí en un accident d'autobús a La Gomera, segons informen les autoritats canàries. El vehicle, unaguaguade transport públic, ha sortit de la via i ha bolcat poc després de les nou del matí, quan cobria el trajecte entre la capital de l'illa i Alajeró, el municipi on estava empadronava la víctima i hi passava temporades. Els ferits, de diversa consideració, han estat traslladats en ambulància a l'Hospital Virgen de Guadalupe. El marit de la dona que ha perdut la vida també viatjava a l'autobús, però ha resultat il·lès. Tot i això, ha rebut atenció psicològica al lloc dels fets, segons ha explicat el president del Cabildo de La Gomera, Casimiro Curbelo.;Successos
Una PlayStation resol el crim de l'empresari de la ferralla de Martorell;https://www.ara.cat/societat/successos/playstation-resol-crim-l-empresari-ferralla-martorell_1_5372040.html;09/05/2025;BarcelonaEls veïns feia estona que veien el cotxe de Magí O.F., conegut empresari de setanta anys dedicat al món de la ferralla, mal aparcat a l'entrada de la seva torre, al Camí Fondo de Martorell. Finalment, van decidir avisar la seva filla, que no viu gaire lluny. Quan va entrar a la casa, va descobrir el cos del seu pare, lligat i emmordassat, a l'aparcament. Era mort. La casa estava regirada, com si algú hagués entrat a robar, i ràpidament es va omplir d'agents dels Mossos d'Esquadra, que des del principi van investigar la seva mort com un crim. Era el 21 de novembre de 2024 i la principal hipòtesi policial va ser que Magi O.F. havia patit un robatori amb el pitjor dels finals,una informació avançada per aquest diari. Aquesta hipòtesi es va mantenir amb els mesos, i el febrer del 2025 els Mossosvan fer públic que havien detingut quatre homes, d'entre 27 i 29 anys, com a presumptes autors de la mort de Magí O.F. Segons ha pogut saber l'ARA, hi va haver un element clau que va conduir la investigació dels especialistes d'homicidis dels Mossos fins a aquests quatre homes: una PlayStation.;Successos
Dos detinguts per l'assassinat a trets en un bar del Poble-sec el desembre del 2023;https://www.ara.cat/societat/successos/detinguts-l-assassinat-trets-bar-poble-sec-desembre-2023_1_5371375.html;07/05/2025;BarcelonaEls Mossos d'Esquadra han detingut dos homes per la seva presumpta relació amb l'assassinat a trets d'un altre homepassada la mitjanit del 24 de desembre del 2023. Els dos arrestats presumptament serien sicaris que van ser contractats en el marc d'una guerra de narcotraficants dominicans, tal com ha avançatEl Periódicoi ha pogut confirmar l'ARA. Concretament, cap a la una de la matinada un home va entrar en un bar del Poble-sec i va obrir foc contra un altre home. El conductor d'una moto l'estava esperant i van fugir. El mètode (una execució) i els implicats (suposadament vinculats al tràfic de drogues de bandes dominicanes) van portar ràpidament els Mossos a pensar en una venjança per drogues. Les càmeres de seguretat han sigut claus per a la investigació, ja que fins i tot una càmera del bar va gravar nítidament l'execució.;Successos
Els venedors d'objectes robats que sobreviuen als operatius policials;https://www.ara.cat/societat/successos/venedors-d-objectes-robats-sobreviuen-als-operatius-policials_1_5370456.html;06/05/2025;BarcelonaAra fa dos anys, l'abril del 2023, els Mossos d'Esquadra van aturar una furgoneta en un control ordinari emmarcat en la lluita contra la multireincidència al districte d'Horta-Guinardó de Barcelona. A dins del vehicle hi havia diversos objectes, alguns de valor, i el conductor, dubitatiu, no va poder precisar d'on provenien. Aquesta simple coincidència va portar la policia fins a un dels grups de receptació d'objectes robats (i que després revenen) més actius de la ciutat. La receptació, segons fonts policials,és una figura clau per entendre la multireincidència: si els lladres no tenen a qui col·locar els objectes sostrets, difícilment seguiran robant. Per això, els cossos policials hi estan posant el focus, tot i que, com sovint passa en el món de la multireincidència, detenir-los no és sempre suficient perquè parin de delinquir. La història que va començar el 2023 va continuar fins al febrer del 2024. Llavors, després d'un any d'investigació, els Mossos i la Policia Nacional van explotar el cas: van detenir nou persones que havien aconseguit crear un entramat sofisticat i eficient. Havien guanyat més de quatre milions d'euros revenent mòbils, joies i tota mena d'objectes, sobretot al Marroc. Enviaven el material sostret per paqueteria, o fins i tot el portaven ells mateixos fins al nord d'Àfrica. Amb els guanys obtinguts, es van comprar un pis de 150.000 euros.;Successos
Catalunya busca més de 10.000 experts en ciberseguretat per frenar els hackers;https://www.ara.cat/societat/catalunya-busca-mes-10-000-experts-ciberseguretat-frenar-hackers_1_5369015.html;05/05/2025;"BarcelonaActualment, a Catalunya hi ha uns 27.000 professionals que es dediquenal món de la ciberseguretat. Es tracta d'un sector a l'alça, que l'any passat va facturar fins a 1.473 milions d'euros, gairebé un 20% més que el 2023. Des de l'Agència de Ciberseguretat de Catalunya, però, adverteixen d'una bretxa de talent que frena aquest creixement: hi ha 13.500 llocs de treball qualificats i ben pagats que estan desocupats. A tot Espanya n'hi ha gairebé 400.000 i 4,76 milions a tot el món. En un any, aquesta bretxa ha augmentat un 12% a Catalunya. Durant la presentació de l'estudiLa ciberseguretat a Catalunya, elaborat per Acció i l'Agència de Ciberseguretat de Catalunya, la directora de l'Agència, Laura Caballero, ha destacat que ""és important fer créixer el sector"". Malgrat estar ""lluny"" del lideratge mundial, Caballero ha remarcat que el progrés del sector a Catalunya ha estat ""notable"" els últims anys i ha insistit en la necessitat de destinar-hi esforços.";Ciberseguretat
Més ciberatacs, però menys greus: aquests són els llocs més exposats;https://www.ara.cat/societat/successos/mes-ciberatacs-menys-greus-aquests-son-llocs-mes-exposats_1_5363940.html;01/05/2025;"BarcelonaHi ha més ciberatacs, però ara són menys greus. Aquest és el balanç que fa del 2024 l'Agència de Ciberseguretat de Catalunya, l'organisme que protegeix els sistemes informàtics de la Generalitat. L'any passat aquesta entitat va haver de gestionar un total de 3.372 atacs que van tenir alguna mena d'impacte en la xarxa. La majoria han estat lleus, com ara fuites de credencials (phishing) o accessos il·legítims al correu electrònic. Aquestes intromissions tecnològiques que posen en risc la seguretat del sistema tecnològic de Catalunya han augmentat un 26% respecte al 2023, quan se'n van registrar 2.665. ""De ciberatacs en rebem milions i milions, tants com fins a 6.900 milions el 2024, un 38% més que el 2023. Però un ciberincident és allò que un ciberatac fa efectiu"", resumeix la directora de l’Agència de Ciberseguretat de Catalunya, Laura Caballero. És a dir, que té unes conseqüències per als usuaris. Tot i aquesta tendència a l'alça, Caballero puntualitza que els incidents que es qualifiquen de “molt greus” han disminuït fins al 30%. ""Les mesures de protecció, de detecció, de prevenció, de conscienciació són efectives"", afegeix la directora de l'Agència.";Ciberseguretat
Obre foc contra un camió i els Mossos el detenen després d'un dispositiu gàbia a l'AP-7;https://www.ara.cat/societat/successos/obre-foc-camio-mossos-detenen-despres-d-dispositiu-gabia-l-ap-7_1_5357090.html;24/04/2025;BarcelonaEls Mossos d'Esquadra han detingut un home de mitjana edat per obrir foc des d'un cotxe contra un camió a Montblanc i escapolir-se per l'autopista AP-7 fins a Molins de Rei, quan l'ha interceptat la policia, segons ha pogut saber l'ARA. Segons fonts policials, un agent dels Mossos fora de servei ha vist com a la sortida del túnel de Lilla, a la carretera A-27 a l'altura de Montblanc, disparaven des d'un cotxe a un camió. El vehicle pesant tindria almenys dos impactes de bala. L'agent ha avisat ràpidament i ha donat la descripció del cotxe del qual havien sortit els trets, un Volkswagen Golf, i d'un altre vehicle que podria estar implicat en els fets, un Audi Q5. Tot ha passat quan faltaven vint minuts per a les dues del migdia d'aquest dijous. A hores d'ara, encara no està clara la motivació dels trets. Podria tractar-se d'un intent de robatori, però totes les hipòtesis estan obertes. Amb tot, els Mossos han activat un operatiu Gàbia a Tarragona, que s'ha ampliat a la Regió Metropolitada Sud, ja que els dos cotxes anaven en direcció Barcelona. S'ha activat també l'helicòpter, que ha aconseguit identificar els vehicles i s'ha començat a fer un seguiment amb seguretat, ja que les persones implicades podien anar armades.;Successos
Cocaïna amagada a la cadira de rodes: la nova forma d'entrar droga per aire;https://www.ara.cat/societat/successos/cocaina-amagada-cadira-rodes-nova-forma-d-entrar-droga-aire_1_5356029.html;23/04/2025;BarcelonaSobre el paper, era a Barcelona per fer turisme. Venia d'un vol procedent del Brasil, i viatjava tot sol, tot i tenir greus problemes de mobilitat: anava amb una cadira de rodes elèctrica. A l'aeroport del Prat, quan els agents de la Policia Nacional li van preguntar per què havia triat Barcelona, va dubtar. Es va posar nerviós i es va mostrar dubitatiu, i va evadir el tema traient-ne un de nou encara més sospitós: la seva cadira de rodes elèctrica no anava, s'havia de moure manualment, perquè havia tingut problemes durant el vol. La cadira de rodes no anava perquè no tenia bateria: a dins de les caixetes on hi haurien d'anar engranatges i cables, en realitat hi havia cocaïna. Els agents de la Policia Nacional l'havien aturat perquè saben que aquesta tècnica, la de fer servir persones amb discapacitat física per moure la droga, està a l'alça. Els grups criminals, normalment originaris de Sud-amèrica, busquen les anomenadesmulesentre persones vulnerables d'aquests països. Ara, es fixen especialment en aquelles que tenen problemes de mobilitat per tal d'evadir controls als aeroports. A principis de mes, la policia va detectar aquest home amb una cadira de rodes elèctrica i, repassant la seva fitxa, van veure que complia el perfil demula.Era jove i vulnerable. Tot això, sumat als seus dubtes, va acabar amb un registre a fons i la detecció a l'espai de la bateria de 10 paquets envasats amb més de set quilos de cocaïna. L'home va acabar detingut.;Successos
Crítiques als Mossos per l'actuació contra el kamikaze de l'accident mortal de l'AP-7;https://www.ara.cat/societat/successos/critiques-als-mossos-actuacio-kamikaze-accident-mortal-ap-7_1_5355084.html;22/04/2025;"BarcelonaEra Diumenge de Pasqua, un dels dies amb més mobilitat de l'any, cap a les 7 hores. De cop, un cotxe que circulava a una gran velocitat, per sobre els 200 quilòmetres per hores,va colpejar per darrere un grup de vehicles que estaven aturats a l'AP-7, a l'altura de Vilablareix (Gironès). En el sinistre va perdre la vida un home i van resultar ferides set persones, entre elles el conductor kamikaze i el seu acompanyant. Els Mossos d'Esquadra havien detectat amb anterioritat aquest vehicle que gairebé duplicava la velocitat permesa i van decidir implementar una tècnica coneguda com a ""saturació dinàmica"", segons fonts policials. Consisteix a alentir el trànsit de l'autopista per forçar el conductor temerari a sortir-ne i aconseguir-lo aturar. Fonts consultades per l'ARA apunten que es fa servir sovint i que també es fa servir en altres països. Ara bé, el moviment no va sortir bé: el cotxe no es va desviar i va acabar xocant contra altres vehicles. Això ha aixecat crítiques entre les famílies que estaven en aquell moment a l'autopista i es van sentir exposades. En declaracions a l'ACN, Jaume Moro, un dels conductors que fa de portaveu de dues famílies, assegura que la policia els va ""posar en perill"". ""Volien alentir la marxa, però hi ha prou cotxes de policia [per fer-ho] i no haver de posar en perill els de la ciutadania"", retreu.";Successos
Cocaïna amagada en material sanitari: cau una banda que enviava droga a Austràlia en avió;https://www.ara.cat/societat/successos/cocaina-amagada-material-sanitari-cau-banda-enviava-droga-australia-avio_1_5347583.html;14/04/2025;BarcelonaAparentment, els paquets que es carregaven als avions comercials contenien llençols tèrmics i guants de làtex, material sanitari que s'havia d'enviar amb urgència a Austràlia. Però tot era una estratègia per evitar escales i controls. A dins dels paquets, en realitat, hi havia quilograms i quilograms de cocaïna en pols. Si arribaven a Austràlia, el negoci estava fet: allà el preu d'aquesta droga es revalora un 1.000%. Però els han enxampat abans que enviessin l'últim carregament. La Policia Nacional ha requisat fins a 378 quilograms de cocaïna en una empresa de transports situada a la Zona Franca de Barcelona i en una nau industrial al Prat de Llobregat. Segons ha fet públic aquest dilluns el cos policial espanyol, els seus agents han detingut un home per formar part d'aquesta organització criminal, que continuen investigant per arrestar-ne més membres. Les indagacions van començar ara fa un any, quan la Brigada Provincial de Policia Judicial de Barcelona va tenir coneixement de la possible existència d'aquesta companyia.;Successos
"La companyia de l'helicòpter accidentat al Hudson deixarà d'operar de manera ""immediata""";https://www.ara.cat/societat/successos/l-helicopter-estavellat-nova-york-no-portava-instruments-registre-d-incidencies_1_5346842.html;14/04/2025;"BarcelonaNovetats en el cas de l'helicòpter que es va estavellar dijous al riu Hudson de Nova York amb cinc catalans a bord. L'Administració Federal d'Aviació estatunidenca (FAA) ha anunciat que New York Helicopter, l'empresa encarregada del vol turístic, deixarà d'operar de manera ""immediata"". El comunicat de l'organisme, a més, també indica que s'iniciarà ""una revisió immeditada de la llicència i l'historial de seguretat de l'operador turístic"". L'anunci de la suspensió de la llicència arriba poques hores després que la líder demòcrata al Senat, Chuck Schumer, demanés la retirada del certificat. A banda, la investigació de l'accident ha explicat que la nau no disposava d'instruments de registre d'incidències, ni gravadores de vídeo, ni càmeres a bord ni cap sistema d'aviònica capaç de registrar informació per a la investigació de la Junta Nacional de Seguretat en el Transport (NTSB) dels Estats Units. Unes absències que dificulten els treballs per descobrir la causa que hi ha darrere del tràgic sinistre.";Successos
Mor un home apunyalat en una baralla a Roda de Berà;https://www.ara.cat/societat/successos/mor-home-apunyalat-baralla-port-roda-bera_1_5346178.html;12/04/2025;"BarcelonaNou mort per arma blanca a Catalunya. En aquest cas ha sigut un home qui ha mort apunyalat la matinada d'aquest dissabte després d'una baralla al passeig Marítim de Roda de Berà (Tarragonès). Segons explica l'ACN, l'home tindria uns 50 anys. Els Mossos investiguen els fets i busquen ""l'autor o autors"" del crim, segons ha informat la policia catalana en un comunicat. Pels voltants de les 02.00 hores de la matinada, la Policia Local de Roda de Berà ha rebut l'avís que hi havia una persona ferida de molta gravetat a la zona del passeig marítim. Els Mossos d'Esquadra s'han desplaçat al lloc dels fets i han pogut comprovar que hi havia un home mort per un atac amb arma blanca.";Successos
El menor ferit per arma de foc a Figueres, víctima d'un joc;https://www.ara.cat/societat/menor-ferit-arma-foc-figueres-victima-d-joc_1_5340181.html;06/04/2025;BarcelonaPrimer es va dir que li van disparar en un robatori. Després, que va ser el mateix menor qui va ferir-se manipulant una arma. Ara és la família del noi, de 17 anys, qui ha explicat a l’ACN que el jove va rebre una bala al pit després que un conegut jugués a la ruleta russa amb ell i el grup d’amics amb qui estava. Els fets van passar divendres a la nit a Figueres i el menor va acabar a l’Hospital Doctor Josep Trueta de Girona després de rebre l’impacte d’una bala. El noi segueix a l’UCI tot i que està estable i, d'acord amb fonts del consistori figuerenc, evoluciona favorablement. Segons el relat dels familiars, el jove estava sopant amb tres amics, quan de sobte va aparèixer un altre grup que coneixien amb un revòlver. Segons la seva versió, la víctima mai va manipular l’arma ni tampoc els seus amics, sinó que va ser un dels joves que van arribar qui va posar-se a disparar a tothom, com si es tractés d’una ruleta russa, sense que en un principi sortís cap bala perquè es pensaven que l’arma estava descarregada. En dues ocasions va apuntar i prémer el gallet en direcció a la víctima, i en el segon intent va sortir el projectil.;Successos
Els Mossos detenen una parella pel crim de Nou Barris;https://www.ara.cat/societat/successos/mossos-detenen-parella-pel-crim-nou-barris_1_5339753.html;06/04/2025;BarcelonaEls Mossos d'Esquadra han detingut un home de 29 anys i una dona de 25, que són parella, com a presumptes autors de l'últim homicidi a Barcelona, segons ha pogut saber l'ARA.Els fets es remunten al 21 de març, quan la policia va descobrir el cadàver d'un home de 58 anys en un pis del districte de Nou Barris. La víctima presentava diverses punyalades i feia dies que estava morta. La Divisió d'Investigació Criminal (DIC) dels Mossos ho va començar a valorar immediatament com un homicidi. Després de descartar una primera línia d'investigació que no va arribar enlloc, la policia va posar el focus en els companys de pis de l'home, al carrer Valldemossa de la capital catalana. Eren una parella i, després de fer diverses gestions, han pogut recollir prou proves contra ells per detenir-los. Segons fonts consultades per aquest diari, les detencions es van produir dijous i els arrestats han passat aquest diumenge al matí a disposició judicial.;Successos
Tres detinguts en una operació contra l'estructura logística de Hezbollah a l'Eixample de Barcelona;https://www.ara.cat/societat/operacio-antiterrorista-guardia-civil-l-eixample_1_5334143.html;01/04/2025;"BarcelonaÉs una família ""normal i corrent"". Segons els veïns, es van comprar aquest pis a l'Eixample, al carrer València, fa uns quants anys. És un matrimoni d'origen àrab, i la seva filla ha començat a anar a l'escola aquest any. Al pati interior del seu pis hi ha ondejat en algun moment una bandera de Palestina. Tots els veïns van quedar estupefactes quan aquest mes de juliol la Guàrdia Civil va irrompre el bloc i va detenir el pare de la família. El motiu? Aconseguia peces per fabricar drons i enviar-les al Líban, concretament al grup terrorista Hezbollah. Després de passar per la presó, l'home va tornar al pis al cap d'uns mesos. Aquest dimarts, de matinada, s'ha repetit la mateixa escena: agents encaputxats i armats de la Guàrdia Civil han tirat la porta del tercer pis a terra i han tornat a detenir l'home. El motiu és el mateix i forma part d'una segona fase de la investigació policial. Segons ha pogut saber l'ARA, l'home torna a estar acusat de formar part de l'estructura logística de Hezbollah a Europa. Parlem d'Europa i no de Catalunya perquè, tal com informa Efe, en l'operatiu hi ha hagut dos detinguts més, al Regne Unit i a França.";Successos
Moren una dona i un home en precipitar-se des d'un edifici a Màlaga;https://www.ara.cat/societat/successos/moren-dona-home-precipitar-des-d-edifici-malaga_1_5334128.html;01/04/2025;BarcelonaUna dona i un home d'uns seixanta anys han mort a Màlaga després de precipitar-se aquest dimarts al buit des d'un edifici, ubicat al carrer María Teresa de Calcuta, a l'oest de la ciutat. La Policia Nacional s'ha fet càrrec de les investigacions per aclarir les circumstàncies del succés, que s'hauria produït després d'una explosió, segonsEl País. Fins al lloc dels fets s'han desplaçat cap a les 07.50 hores agents de la Policia Nacional, la policia local i efectius sanitaris, que no han pogut fer res per les vides de l'home i la dona. Cap a les 9.45 hores s'ha produït l'aixecament judicial dels cadàvers i s'ha retirat l'acordonament de la zona, segons ha comprovat l'agència Efe.;Successos
Trenta anys de pispa professional: “No he robat mai a un català”;https://www.ara.cat/societat/successos/trenta-anys-pispa-professional-no-he-robat-mai-catala_1_5331039.html;29/03/2025;"BarcelonaLa conversa té lloc en una rambla, la del Raval de Barcelona, on admet que ha robat molts cops. És conegut al barri per ser un dels experts més professionals en l'art delRonaldinho. No és per fer tocs ni malabarismes amb una pilota, sinó per acostar-se a la cama d'una persona i anar fent moviments estranys per generar estupefacció i, sobretot, distracció. En el moment que la víctima bada, ell aprofita per pispar-li el mòbil. ""Faig furts? Sí. Està malament? Sí. Però no soc violent ni faig mal a ningú"", repeteix en més d'una ocasió durant la conversa. L'han detingut tants cops que no pot recordar amb exactitud quants. En realitat, actualment té 61 antecedents. Sí que recorda quan ho va començar a fer, i va ser en una edat molt prematura. Va néixer l'any 1977 i des dels tretze que es guanya la vida pispant. Sobretot, roba telèfons i després els col·loca en pisos que li compren per 50 o 100 euros. Va darrere de turistes, perquè diu que després marxen i no denuncien, i també perquè tenen mòbils més bons. ""Se'ls gasten més"", comenta. Fa trenta anys que viu furtant, i s'atreveix a dir-ho: ""Mai he robat a cap català ni a cap espanyol"". També admet, al mateix temps, que no pregunta d'on és una persona abans d'intentar-li robar.";Successos
Així funcionen els lladres de carrer: un furt cada tres minuts;https://www.ara.cat/societat/successos/aixi-funcionen-lladres-carrer-furt-tres-minuts_130_5330524.html;29/03/2025;"BarcelonaLa jornada laboral comença d'hora, tant que falten tres hores perquè surti el sol i els turistes encara estan entrant a les discoteques del Port Olímpic. Són les tres de la matinada d'aquest dijous quan es registra un dels primers robatoris del dia a Barcelona. A la sortida d'un local d'oci nocturn, roben un IWC Portofino Chronograph, un rellotge valorat en 6.000 euros. Les dades de delictes contra el patrimoni estan baixant —des del 2017 que no s'havien registrat tan pocs furts al país— però el ritme continua sent frenètic, de 23 furts cada hora a Catalunya, i gairebé la meitat, 10, a Barcelona. La gent s'acostuma a moure calculant els costos i els beneficis d'una acció. Com la d'escollir una feina de nits (més son, menys trobades amb amics, però més diners) o de comprar-se un cotxe elèctric (més car, però menys emissions i menys diners en gasolina). Els lladres no viuen en un món a part, i el que ha començat la jornada laboral tan d'hora ha calculat que el cost que el detinguessin era molt més baix que el benefici que ha aconseguit en dos minuts de feina. ""Els surt a compte robar"", explica un comandament dels Mossos d'Esquadra, que apunta que aquesta és una de les claus per entendre la multireincidència, protagonitzada per lladres que fan del robatori la seva forma de ser al món. Es dediquen a guanyar-se la vida pispant encara que els arrestin i els jutgin, i els tornin a detenir l'endemà de sortir dels calabossos. Ho fan perquè, segons la mateixa font, saben que tenen un càstig ""assumible i bastant improbable"". Encara que baixin els furts, cada any les detencions de la policia pugen. Però, ""que la policia els detingui no és un càstig prou alt perquè sigui dissuasiu"", reflexiona el mateix comandament. Això és el que explica que a Barcelona hi hagi 452 multireincidents que han comès 9.114 delictes l'any 2024. Els cinc més actius acumulen 189 detencions en un any, fins a 37 cadascun.";Successos
L'assassí de pagesos detingut a França va ser condemnat per jihadisme i duia polsera telemàtica;https://www.ara.cat/societat/successos/detingut-franca-condemnat-jihadisme-l-assassinat-tres-agricultors-catalunya_1_5327770.html;26/03/2025;BarcelonaLa policia francesa ha detingut a Besiers, a la regió d'Occitània, un home com a presumpte autor de l'assassinat de tres pagesos,un d'ells català, que van tenir lloc entre el novembre del 2023 i el gener del 2024, segons han avançat diversos mitjans francesos i ha pogut confirmar l'ARA. El detingut havia sigut condemnat amb anterioritat per un delicte de terrorisme, segons fonts policials. Es diu Allal El Mourabit Ahmmar, estava en llibertat vigilada i portava una polsera telemàtica. A finals del 2023, però, se'n va desfer i va començar la seva fugida, que es va saldar amb els tres crims. Els fets es remunten al final del 2023, quan es va registrar l'assassinat de tres pagesos en poc temps: dos a Navarra i un a Lleida. La motivació encara no està del tot clara, tot i que fonts policials no emmarquen els crims en atemptats terroristes, sinó més aviat per la voluntat de l'arrestat de continuar la seva fugida. Concretament, el 22 de novembre va atacar un agricultor a Tudela, a Navarra. Un mes després, un altre pagès va aparèixer mort a pocs quilòmetres, a Ribaforada. La darrera víctima va ser catalana: tenia 84 anys i el 5 de gener del 2024 estava treballant als seus terrenys de Vilanova de la Barca, a Lleida, quan presumptament l'arrestat el va colpejar fins a la mort amb un objecte contundent i va robar el seu cotxe per fugir.;Successos
Dos casos de 'rip deal' a Barcelona en poc temps, l'estafa en què l'aparença ho és tot;https://www.ara.cat/societat/successos/casos-rip-deal-barcelona-poc-temps-l-estafa-l-aparenca-ho_1_5325103.html;24/03/2025;BarcelonaL'escenari és luxós i ostentós, però només per aparentar. L'objectiu és semblar un empresari d'èxit, o un col·leccionista reputat, i per això trien les plantes baixes d'hotels de luxe o lloguen una oficina amb vistes panoràmiques a la ciutat per a un únic moment: el d'estafar la víctima. Aquesta acostuma a ser la tàctica utilitzada pels estafadors especialitzatsen el mètode delrip deal. Tot i que solen ser poques estafes –a Catalunya se'n registren de forma estable una trentena a l'any–, el botí aconseguit és elevat. El subinspector José Angel Merino, cap de l'Àrea Central de Delictes Econòmics dels Mossos, explica que els estafadors sempre se solen interessar per la compra d'un actiu. Des d'accions d'una empresa fins a diamants i rellotges de luxe. Recentment, segons ha pogut saber l'ARA, s'han registrat dues estafes d'aquesta tipologia a la ciutat de Barcelona, amb un botí que podria haver arribat gairebé al milió d'euros –en un dels casos elrip dealva ser frustrat.;Successos
Els clans de la marihuana busquen testaferros sense antecedents per llogar naus;https://www.ara.cat/societat/successos/clans-marihuana-busquen-testaferros-antecedents-llogar-naus_1_5322975.html;21/03/2025;BarcelonaFins ara, els clans de la marihuana a Catalunya havien optat perles plantacions exteriors, aprofitant els boscos extensos i frondosos que hi ha. Els últims anys, però, aquesta dinàmica ha anat canviant, sobretot pel fet que el país s'ha convertit en un dels principals productors d'aquesta droga. Aquests grups, la majoria provinents dels països de l'Est, van començar a exportar les plantacions interiors, molt presents en territoris com Holanda, les han anat ubicant en naus buides o cases abandonades, i la tecnologia que fan servir, des de la llum fins a la ventilació, s'ha anat sofisticant. I, ara, la modernització també està arribant en la forma d'ocupar aquestes naus i cases. De fet, era habitual que els clans ocupessin directament les naus o les cases, però un operatiu recent que els Mossos d'Esquadra han fet públic aquest divendres demostra que les bandes han fet un pas endavant: ara busquen testaferros sense antecedents (així no criden l'atenció de la policia) per llogar aquests espais, on fan veure que hi instal·len empreses legals. En un dels casos destapats per la policia, l'empresa era d'energies renovables. El testaferro i un agent immobiliari que els buscava els espais on seguir cultivant han quedat detinguts, segons ha pogut saber l'ARA.;Successos
La pressió policial a l'aeroport desplaça els robatoris a les carreteres;https://www.ara.cat/societat/successos/pressio-policial-aeroport-desplaca-robatoris-carreteres_1_5321019.html;20/03/2025;BarcelonaLa relació entre la policia i els lladres sovint s'acaba convertint en el joc del gat i la rata: quan els primers augmenten la pressió en un focus de robatoris, els segons es traslladen a nous espais i, fins i tot, poden canviar d'estratègia per continuar delinquint. Això està passant aquests dies a l'aeroport del Prat, un dels punts amb més robatoris del país.Tal com va avançar aquest diari, el ritme incessant de furts (s'han multiplicat per deu en una dècada) va fer que els Mossos d'Esquadra posessin molts més efectius a la infraestructura, un reforç que està començant a donar resultats ique ha aconseguit aturar la sagnia de robatoris. En el moment més crític hi havia un furt cada hora, i ara n'hi ha quatre o cinc al dia. Han augmentat les patrulles, les detencions, les identificacions... Però algunshabitualsa les instal·lacions no han desaparegut: han canviat d'escenari. Segons fonts consultades per aquest diari, la pressió policial ha fet que alguns lladres identifiquin les víctimes a la infraestructura, però les acabin robant a la carretera, a les sortides de l'aeroport. Les tàctiques són semblants a la dels lladres de les autopistes: aturen el vehicle amb alguna excusa, com que ha punxat la roda, i després distreuen el conductor mentre li roben l'equipatge. Un robatori molt recent, del passat 6 de març, exemplifica a la perfecció aquesta nova tàctica. Els Mossos van tenir constància d'un furt a dins d'un vehicle que estava aturat al voral d'una de les carreteres de sortida de l'aeroport. De fet, fins i tot van accedir a un vídeo gravat per un testimoni, al qual també ha tingut accés l'ARA, on es veuen dues persones distraient el conductor fora del vehicle i dues més agafant una motxilla de la part posterior del cotxe.;Successos
Onze detinguts i nou armes amagades: cop dels Mossos als clans implicats en el tiroteig de la Mina;https://www.ara.cat/societat/successos/macrodispositiu-350-mossos-mina-vinculat-tiroteig-gener_1_5318023.html;17/03/2025;Sant Adrià del Besòs / BarcelonaUn forat enmig d'una porta enreixada o un parell d'orificis en un aire condicionat una mica alçat són algunes de les cicatrius que encara recorden al barri de la Mina de Sant Adrià de Besòs què va passar fa 70 dies.Era el 7 de gener a la nit quan es va sentir un terrabastall de trets: més de 150 detonacions en cinc minuts. Algunes bales van impactar en cotxes, unes altres a les façanes i una de rebotada va entrar per una finestra i va ferir lleument una senyora gran que estava tranquil·lament a casa seva. En el món de les drogues i els clans, les demostracions de força per marcar territori són importants. Exhibir armes per provar que en tens i disparar a l'aire per demostrar que tens la valentia per prémer el gallet. El tiroteig de la Mina va ser una demostració de força i aquest dilluns els Mossos d'Esquadra hi han respost de la mateixa manera. A primera hora del matí, quan el sol encara no havia sortit, fins a 350 agents han envaït la zona zero de la Mina, la plaça que queda entre els edificis Venus i Saturn. Agents armats s'han col·locat als terrats per observar des de l'aire que tot seguís el guió previst amb el suport de drons i d'un helicòpter. Al carrer s'han desplegat efectius del Grup Especial d'Intervenció (GEI), la unitat militaritzada de la policia. Feia dos mesos que la policia investigava el tiroteig i avui ha estat el dia escollit per practicar les detencions dels implicats.;Successos
Alerta ciberestafa: neix un nou canal de WhatsApp per estar al dia de possibles enganys;https://www.ara.cat/societat/alerta-ciberestafa-neix-nou-canal-whatsapp-dia-possibles-enganys_1_5314167.html;15/03/2025;"Barcelona""El 2025, les ciberestafes s'incrementaran"", vaticina categòricament la directora de l’Agència de Ciberseguretat de Catalunya, Laura Caballero. Les fuites massives de dades d'empreses de l'any passat i l'ús de la intel·ligència artificial fan augurar a l'organisme de la Generalitat una tendència a l'alça de les estafes digitals. I és en aquest context en què l'Agència ha posat en marxa una doble iniciativa:un canal d'alertes de ciberseguretat a través de WhatsAppiuna bústia onlineen la qual els ciutadans que detectin ciberestafes poden deixar-ne constància. ""Són dues mesures que busquen millorar la protecció de les persones i també construir una societat digital més empoderada"", subratlla Caballero. El canal de WhatsApp, que funcionarà com a prova pilot, facilita informació de servei i sobre ""estafes i problemes de seguretat a internet que tenen una afectació massiva"". ""Servirà per estar al dia de les estafes"", resumeix Caballero. Pel que fa a la bústia, serà una eina ""a la qual tothom podrà accedir"", tot i que de moment serà unidireccional i no permetrà formalitzar denúncies.";Ciberseguretat
Troben el cos de l'excursionista català mort en una allau a Armènia;https://www.ara.cat/societat/successos/troben-cos-l-excursionista-catala-mort-allau-armenia_1_5313351.html;12/03/2025;"BarcelonaEls equips de rescat han trobat aquest dimecres el cos sense vida de l'excursionista català desapareguta causa de l'allau de neu que es va produir aquest dilluns a la muntanya més alta d'Armènia, l'Aragats, que supera els 4.000 metres d'altura. La víctima es deia David Sala, tenia cinquanta anys i era veí de Sant Joan de les Abadesses, al Ripollès. Era un excursionista expert, segons expliquen fonts del seu entorn, i va sortir acompanyat de vuit persones més, també expertes, en aquesta expedició per fer esquí de muntanya que ha acabat sent tràgica. Els altres alpinistes, tots catalans, van poder sortir de l'allau i van ser rescatats a temps. Sala era una persona molt coneguda en aquest poble del Ripollès d'una mica més de 3.000 habitants. ""Un bon home"", ""amant de la muntanya"" que coneixia a tothom perquè era llauner autònom, i era habitual que passés per les cases, els negocis i les fàbriques de la zona. Originari de la Pobla de Lillet, Sala feia anys que vivia al Ripollès i també va córrer durant anys la cursa Taga 2.040, que ascendeix al pic català.";Successos
Els Mossos sospiten que l'incendi amb tres ferits crítics en una casa de Lleida va ser provocat;https://www.ara.cat/societat/successos/mossos-sospiten-l-incendi-tres-ferits-critics-casa-lleida-provocat_1_5311549.html;11/03/2025;BarcelonaEren quarts de nou del vespre quan els Bombers de la Generalitat van rebre l'avísd'un incendi en una casa del carrer Maria Montessori de Lleida.Tres persones van ser evacuades en estat crític, i una tercera té un pronòstic menys greu després d'aconseguir sortir pel seu propi peu. Segons fonts policials, es tracta d'una casa ocupada i que sovint era conflictiva, i l'últim dels conflictes es va viure poques hores abans del foc, amb una baralla a la mateixa ubicació. Això ha començat a fer sospitar els Mossos d'Esquadra, que encara han sospitat més quan han trobat possibles traces de líquid inflamable entre el foc. Ara mateix, la principal hipòtesi és que l'incendi, que podria haver tingut un final tràgic, va ser provocat. Concretament, s'investiga si una persona que ha sortit recentment de la presó —la majoria de les persones que freqüentaven aquella casa, segons fonts policials, tenen antecedents— va provocar el foc motivat per la baralla inicial. Sigui com sigui, la investigació encara es troba en un punt inicial, i els investigadors dels Mossos han d'analitzar a fons l'escenari de l'incendi i trobar el punt concret on es va originar el foc. De moment, tampoc s'ha practicat cap detenció. I tampoc seria el primer incendi que s'hauria registrat en aquesta casa ocupada.;Successos
Una guerra oberta entre narcos, la principal hipòtesi del doble tiroteig de Terrassa;https://www.ara.cat/societat/successos/guerra-oberta-narcos-principal-hipotesi-doble-tiroteig-terrassa_1_5310938.html;11/03/2025;BarcelonaLa metodologia del crim, amb un cotxe frenant, sense preguntar i disparant contra un objectiu, ja apuntava a una venjança. Una execució tradicionalment vinculada al narcotràfic i sovint protagonitzada per un sicari.Això és el que va passar diumenge a la matinada a la sortida de la discoteca Chicago Latino, en un polígon industrial de Terrassa. Van ser cinc els trets que van abatre l'home, a qui els serveis d'emergència no van poder fer res per reanimar. El vehicle, de matrícula estrangera, va fugir. Els Mossos d'Esquadra tindrien identificat el pistoler, però encara no hi ha detencions. La policia també tindria clar qui va obrir foc unes hores després, ja al migdia, a la mateixa ciutat vallesana. Davant d'una perruqueria, un home va disparar un tret al peu d'un altre home. Segons ha pogut saber l'ARA, tot apunta a una guerra oberta entre bandes dominicanes de narcotraficants de la marihuana. Un conflicte per drogues hauria estat el detonant de la primera execució. I el segon tiroteig hauria estat una venjança del primer: seria el germà de la víctima qui hauria obert foc a la perruqueria. De fet, els Mossos van fer fa poc una operació en aquest comerç, on sospiten que es trafica amb drogues, i aquest podria ser un dels detonants del conflicte.;Successos
Detenen tres menors per la mort violenta d'una educadora en un pis tutelat a Badajoz;https://www.ara.cat/societat/successos/detenen-tres-menors-mort-violenta-d-educadora-pis-tutelat-badajoz_1_5310463.html;10/03/2025;BarcelonaLa Policia Nacional ha detingut tres menors per la mort violenta aquest diumenge d'una educadora de 35 anys en un pis tutelat a la ciutat extremenya de Badajoz. Els joves, dos nois de 14 i 15 anys i una noia de 17, han estat detinguts a Mèrida, segons fonts de la Policia Nacional citades per l'agència Efe. Tots tres tenen nacionalitat espanyola. La mateixa agència informa que, segons les primeres indagacions, l'educadora podria haver estat asfixiada amb un cinturó. La investigació està a càrrec de la brigada provincial de la Policia Judicial de Badajoz, que haurà de donar compte del succés a l'autoritat judicial competent, a la Fiscalia i a la Fiscalia de Menors. Presumptament, després de l'homicidi, els detinguts van agafar el vehicle de la víctima i van conduir amb direcció a Mèrida però van tenir un accident a l'altura del municipi de Lobón, a uns 29 quilòmetres de la capital extremenya, segons ha informat el delegat del govern espanyol a Extremadura, José Luis Quintana.;Successos
Dos tirotejos en menys de 12 hores a Terrassa;https://www.ara.cat/societat/successos/maten-home-trets-sortida-d-discoteca-terrassa_1_5309539.html;09/03/2025;BarcelonaDos tirotejos en menys de 12 hores han sacsejat la tranquil·litat de Terrassa aquest diumenge. Al matí, un home ha mort a trets a la sortida d'una discoteca, segons ha avançatEl Casoi ha pogut confirmar l'ARA amb fonts policials. L'avís s'ha rebut pels voltants de dos quarts de set a l'exterior de la discoteca Chicago Latino, situada al carrer Tàrrega del polígon industrial de Can Petit. Segons ha pogut saber aquest diari, els ocupants d'un cotxe han obert foc contra la víctima i han fugit del polígon. Haurien disparat almenys cinc trets. Per la tipologia d'assassinat, tot apunta a una execució per venjança. Els Mossos d'Esquadra de la Divisió d'Investigació Criminal de la Regió Metropolitana Nord s'han fet càrrec de la investigació, que està sota secret de sumari, i intenten localitzar el vehicle i els autors d'aquest tiroteig mortal a la cocapital vallesana. El d'aquest diumenge a Terrassa és el tretzè homicidi de l'any.;Successos
Quatre detinguts pel crim de l'empresari de la ferralla de Martorell;https://www.ara.cat/societat/successos/quatre-detinguts-pel-cruel-assassinat-l-empresari-ferralla-martorell_1_5304837.html;05/03/2025;BarcelonaEls Mossos d'Esquadra han detingut aquest dimecres al matí quatre persones per la seva presumpta relació amb l'homicidi de Magí O.F., l'empresari de la ferralla de Martorell que va aparèixer mort a casa seva el novembre passat, quan tenia 70 anys. Després de quatre mesos d'investigació, la policia catalana ha aconseguit identificar i arrestar quatre homes d'entre 27 i 29 anys. La nit del 21 de novembre la filla va trobar el cadàver del pare, després que els veïns l'haguessin avisat perquè el seu cotxe estava mal aparcat als accessos de la torre on vivia al barri de Camí Fondo. El va trobar lligat i amordaçat, i amb alguns cops. Tot estava regirat i s'havien emportat objectes de valor. Així doncs, la principal hipòtesi és que havia patit un robatori violent amb el pitjor dels finals. Segons ha pogut saber l'ARA, aquesta encara continua sent la principal hipòtesi: els quatre homes haurien entrat a robar a la casa i durant l'atracament Magí O.F. hauria mort.;Successos
La policia investiga si un vianant està implicat en el xoc entre els dos busos de la Diagonal;https://www.ara.cat/societat/successos/policia-investiga-vianant-implicat-xoc-busos-diagonal_1_5304150.html;04/03/2025;BarcelonaEren les tres del migdia quan, en plena Diagonal de Barcelona,dos autobusos van xocar, deixant al seu pas una escena tràgica: més de 50 persones van resultar ferides, i quatre d'elles continuen hospitalitzades en estat crític. El primer bus, de l'empresa Julià, estava carregant i descarregant uns creueristes en un punt habilitat, mentre que el segon, de l'empresa Canals i que portava uns estudiants italians de viatge de final de curs, va encalçar-lo per darrere. La Guàrdia Urbana encara n'està investigant les causes, i té diverses hipòtesis sobre la taula. Una d'elles, segons fonts consultades, és que un vianant que creuava en aquell moment per la via tindria algun rol en el xoc. De fet, una de les persones ferides crítiques va quedar just entre els dos autobusos, i això reforça la hipòtesi que fos el vianant que creuava en aquell moment i que podria haver obligat el segon autocar a canviar de trajectòria. Sigui com sigui, encara no hi ha una hipòtesi definitiva i queda molta feina per fer, com l'anàlisi dels tacògrafs (la caixa negra dels autocars, que indicaria si hi va haver algun error mecànic) o la revisió de les càmeres de seguretat. Segons fonts policials, hi ha moltes càmeres de negocis propers que van enregistrar l'accident. L'ARA va poder veure una d'aquestes gravacions, que ja està en mans de la Guàrdia Urbana i que mostra com el segon autocar encalça el primer, que està aturat, sense causa aparent.;Successos
Tres detinguts per la mort d'un home durant un narcoassalt a Olesa de Montserrat;https://www.ara.cat/societat/successos/detinguts-tres-sospitosos-mort-d-home-olesa-montserrat_1_5300202.html;28/02/2025;BarcelonaEls Mossos d'Esquadra han detingut tres homes sospitosos de la mort violenta d'un altre aquest divendres de matinada a Olesa de Montserrat (Baix Llobregat). Segons apunten fonts al corrent de la investigació consultades per l'ARA, l'home ha mort a conseqüència d'una agressió amb una arma de foc i tot apunta que la víctima participava en un narcoassalt, és a dir, que havia entrat a la finca amb la intenció de robar la droga que hi havia emmagatzemada. Cap a les set del matí, la policia ha rebut l'avís que hi podia haver una persona ferida de gravetat en un habitatge del municipi a conseqüència d’una agressió. Quan hi han arribat, apunten els Mossos en un comunicat, els agents de la policia catalana han trobat el cos d'una persona morta, i el cadàver tenia signes de violència.;Successos
Detingut per violar ponis, rucs i ovelles a granges de Roda de Berà;https://www.ara.cat/societat/successos/detingut-agredir-sexualment-cinc-animals-granja-provocar-mort-d-ovella-roda-bera_1_5298885.html;27/02/2025;BarcelonaLa policia local de Roda de Berà, al Tarragonès, ha detingut un home de 47 anys per agredir sexualment de forma continuada cinc animals de dues granges del municipi i provocar fins i tot la mort d'una ovella. L'arrest es va produir aquest dimecres per un delicte de maltractament animal, tot i que la investigació es remunta a finals de l'any 2022. Va ser llavors que la propietària d'una de les dues granges va alertar del fet que dos dels seus animals presentaven lesions greus als genitals. Amb el temps es van registrar incidents pràcticament calcats en una altra granja del municipi, que també tenia una hípica. Elmodus operandis'assemblava molt, tant en la manera de lligar els animals per les potes com en les lesions que després patien, i això va portar la policia local a investigar els dos fets de forma conjunta. Les indagacions van concloure que l'home presumptament havia agredit sexualment de forma continuada cinc animals diferents, que eren exemplars d'ovelles, de rucs i de ponis. El fet que les agressions fossin continuades va acabar provocant la mort d'una ovella per les lesions patides. L'home intentava trobar els mateixos cinc animals i actuava sempre de nit.;Successos
Detenen un home per amenaçar diversos centres educatius valencians amb un atac massiu;https://www.ara.cat/societat/desallotgen-diversos-instituts-valencians-despres-rebre-amenaces-mort_1_5298504.html;27/02/2025;"ValènciaLa Guàrdia Civil ha detingut aquest matí un home per haver amenaçat amb un atac massiu en diversos centres educatius valencians. Segons ha pogut saber l'ARA de fonts policials, 27 escoles i instituts de Torís, Xest, Xiva, Bunyol, Iàtova i Setaigües havien rebut un correu electrònic on l'autor afirmava que havia planejat matar ""tantes persones com sigui possible"". Després de rebre l'alerta, els centres han suspès les classes i alguns s'han arribat a desallotjar. A Bunyol, la Guàrdia Civil i la Policia Local han començat l'evacuació dels tres centres escolars i de l'institut. A Iàtova també s'han desallotjat el centre de primària i l'escola d'infantil, segons ha dit l'alcalde, Miguel Tórtola, que ha assenyalat que entre les 8.30 h i les 8.45 h han rebut un avís per part de la caserna de la Guàrdia Civil de Bunyol sobre l'amenaça, i han decidit tancar els centres per preservar la integritat dels nens i el professorat. A Iàtova, s'ha avisat els familiars de l'alumnat –a través d'un missatge de WhatsApp– que havien de recollir els seus fills. Després, la Guàrdia Civil ha revisat els dos centres de la localitat acompanyada pel conserge i ha confirmat que estava ""tot en ordre"", segons Tórtola. Els ajuntaments han difós a les xarxes socials avisos de cancel·lació de les classes i han detallat que les mesures s'han adoptat per no ""posar en risc la seguretat de l'alumnat i el professorat"".";Successos
Detenen els pares i els avis del nadó que va aparèixer mort en un contenidor de Cubelles;https://www.ara.cat/societat/successos/quatre-detinguts-menor-mort-nado-apareixer-contenidor-cubelles_1_5296370.html;25/02/2025;BarcelonaHomicidi resolt. Els Mossos d'Esquadra han detingut quatre persones per la mort violenta d'un nadóque va aparèixer mort en un contenidor de Cubelles el passat 22 de desembre a la nit. El nadó no arribava al mes de vida. La policia ho va tractar com una mort criminal i ara ha detingut dues dones, un home i un menor d'edat per la seva presumpta relació amb aquests fets. Serien els pares i els avis del nadó. La Divisió d'Investigació Criminal (DIC) de la policia catalana va practicar les detencions aquest dilluns. Els arrestats tenen entre 17 i 50 anys. Els adults passaran demà dimecres a disposició judicial i el menor, de 17 anys, va passar a disposició de Fiscalia de Menors. Ara, es troba en un internament en règim tancat. El menor seria el pare del nadó.;Successos
Cinc incidents amb arma de foc en quatre dies, un d'ells amb un ferit greu a l'Hospitalet;https://www.ara.cat/societat/successos/cinc-incidents-arma-foc-quatre-dies-d-ferit-greu-l-hospitalet_1_5294922.html;24/02/2025;BarcelonaL'augment del tràfic il·legal d'armes de foc, molt vinculat al narcotràfic, és un dels problemes que més preocupen als Mossos d'Esquadra. Tot i que de moment no s'està convertint en un augment dels assassinats en tirotejos (l'any passat les víctimes gairebé es van reduir a la meitat), darrerament s'han registrat un nombre considerable de fets amb armes de foc implicades en molt poc temps: són cinc incidents en els últims quatre dies. L'últim de tots ha sigut aquest dilluns, passades les cinc de la matinada, a la frontera entre Barcelona i l'Hospitalet, i ha deixat un home ferit de gravetat. Segons fonts policials, una discussió entre dos homes ha acabat amb un d'ells obrint foc contra l'altre, que ha rebut l'impacte d'una bala en una cama i ha sigut traslladat a l'hospital. Els Mossos ja han detingut el presumpte agressor: després dels fets ha fugit en cotxe en direcció al Besòs, i ha xocat contra un altre vehicle a la C-31, a l'altura de la Gran Via de les Corts Catalanes. Allà els Mossos l'han identificat i l'han detingut com a presumpte autor dels trets. De moment el motiu de la baralla encara no està clar.;Successos
Dos morts en caure per un barranc durant una persecució policial a l'Anoia;https://www.ara.cat/societat/successos/morts-caure-barranc-durant-persecucio-policial-l-anoia_1_5291157.html;20/02/2025;BarcelonaDos homes han mort aquest dijous de matinada quan, suposadament, han caigut per un barranc a l'Anoia després d'una persecució policial. Segons fonts dels Mossos d'Esquadra, els agents han perdut de vista el vehicle durant la fugida fins que han trobat el cotxe accidentat en una carretera secundària entre Vallbona d'Anoia i el Castell de Cabrera (Anoia), a tocar d'una zona boscosa. Els cossos dels dos homes, a qui encara no s'ha identificat, eren en un gorg a la part baixa d'un barranc que hi ha a la zona i per on presumptament haurien caigut quan intentaven fugir a peu després d'abandonar el vehicle accidentat. Tot ha començat quan una patrulla de seguretat ciutadana perseguia un altre cotxe que al voltant de la una de la matinada s'havia saltat un control a la carretera C-15 a l'altura de Sant Pere de Riudebitlles (Alt Penedès). Els agents han perdut de vista el vehicle, que a priori no està relacionat amb l'accident mortal.;Successos
Investiguen l'assassinat de l'exalcalde de Gandia Arturo Torró;https://www.ara.cat/societat/successos/troben-mort-d-tret-l-exalcalde-gandia-arturo-torro_1_5290861.html;20/02/2025;BarcelonaEl jutjat d'instrucció número 1 de Gandia investiga la mort violenta d'Arturo Torró, empresari i exalcalde de la localitat valenciana pel PP entre el 2011 i el 2015. El cadàver ha estat trobat per la Guàrdia Civil aquesta nit a prop d'un cotxe aturat a l'autovia, amb una ferida al pit compatible amb un tret i signes d'un possible estrangulament, segons fonts de la investigació –que ha estat declarada secreta– citades per l'agència Efe. A l'espera dels resultats de l'autòpsia, altres fonts citades perEl Mundoapunten que la ferida també podria haver estat provocada per un objecte punxant. Els agents de l'institut armat han arribat al lloc dels fets després que la dona de l'alcalde donés l'avís, segons l'agència. Fonts citades perEl Mundo, de fet, apunten que hauria estat ella qui ha localitzat el cos després que Torró li truqués demanant-li ajuda perquè li havien punxat les rodes. El cadàver ha aparegut a diversos metres d'un Mercedes que encara tenia el motor engegat, al quilòmetre 38 de l'autovia A-38, a l'altura de Xeresa (Safor). Els investigadors treballen amb la hipòtesi que el crim hagi estat comès per assassins professionals i per motius econòmics.;Successos
La falsa agència de l'Ebre que ha deixat vint menors sense viatge de final de curs;https://www.ara.cat/societat/successos/falsa-agencia-l-ebre-deixat-vint-menors-viatge-final-curs_1_5288256.html;17/02/2025;"BarcelonaTot estava planejat, i també comprat. El destí escollit era Tenerife, i el preu per alumne rondava els 200 euros. Era el viatge de final de curs de la classe de 4t d'ESO de l'institut del Perelló, una població que no arriba als 3.000 habitants a la comarca del Baix Ebre. Però tot va acabar sent una estafa que va arribar als 5.000 euros. L'agència de viatges escollida per planificar el trajecte va ser Viatges Albada Tours, amb seu a l'Ametlla de Mar. El seu lema és: ""La teva agència de viatges de confiança"". El propietari de l'empresa, un home de 50 anys, va acabar detingut dijous passat pels Mossos d'Esquadra per un delicte d'estafa. Segons fonts policials, els diners estafats arribarien als 93.000 euros, cosa que vol dir que l'estafa als alumnes de 4t d'ESO del Perelló va ser només una minsa part de tot el que, presumptament, es va aconseguir emportar. L'estafa no es va identificar a temps: quan tocava viatjar, segons fonts policials, l'institut es va adonar que no hi havia res contractat. Entre els estafats també hi ha una empresa d'autobusos i altres empreses que l'agència subcontractava falsament. En total, a hores d'ara constarien una cinquantena de víctimes. Quan arribava l'hora de fer realitat el viatge, l'home sempre desapareixia.";Successos
Quatre detinguts per una agressió sexual a la platja de la Barceloneta;https://www.ara.cat/societat/successos/quatre-detinguts-agressio-sexual-platja-barceloneta_1_5285896.html;15/02/2025;BarcelonaQuatre homes han sigut detinguts la matinada d'aquest dissabte per una presumpta agressió sexual a una dona la platja de la Barceloneta. Segons ha avançatEl Casoi ha confirmat l'ARA, agents de la Unitat de Reforç per a Emergències i Proximitat (UREP) de la Guàrdia Urbana s'han desplaçat al lloc dels fets poc abans de les tres de la matinada després que un ciutadà els alertés del que semblava una agressió sexual a la platja. A l'arribar, els agents s'han trobat tres homes que intentaven fugir i un que encara estava sobre la dona. Fonts de la Guàrdia Urbana expliquen que la víctima mostrava símptomes d'estar sota els efectes d'alguna substància inhibidora. Els quatre homes han sigut detinguts al moment, i la víctima traslladada a un centre hospitalari on se li estan fent proves. Els detinguts tenen entre 21 i 34 anys, mentre que la víctima en té 51.;Successos
La Guàrdia Civil dispara les confiscacions de cocaïna al port de Barcelona;https://www.ara.cat/societat/successos/alarma-l-entrada-droga-port-barcelona-guardia-civil-dispara-confiscacions-cocaina_1_5284749.html;14/02/2025;"BarcelonaD'una mica més d'una tona a 17 i amb només un any de diferència. Del 2023 al 2024, la Guàrdia Civil ha multiplicat per onze les requises de cocaïna al port de Barcelona, que s'ha consolidat com una de les principals entrades de droga d'Espanya per via marítima. A aquestes 17 tones, encara cal sumar-hi les confiscacions de l'Agència Tributària i Vigilància Duanera, que no entren dins del còmput que la Delegació del govern espanyol a Catalunya ha fet públic durant la Junta de Seguretat que s'ha fet aquest divendres a l'ajuntament de la capital. El 2023 les tres administracions van confiscar 17 tones de cocaïna entre totes. Si el 2024 la Guàrdia Civil ja va assolir tota sola aquesta xifra, s'espera que la dada global augmenti significativament. Fonts de la Delegació del govern espanyol a Catalunya apunten que aquest augment de requises és sobretot perquè ha crescut la vigilància de la Guàrdia Civil sobre els grups criminals que controlen el tràfic de drogues al port. La Fiscalia,en la memòria del 2023, publicada fa poc, avisava d'un ""creixement alarmant"" de l'entrada de drogues en contenidors de mercaderies a Barcelona, i també en d'altres ports com el de València o Algesires. ""S’està produint una supervisió insuficient de l’estiba"", deia. Una anècdota posava en evidència aquest descontrol: el 2023 van dur un camió a la zona d'inspecció de la duana, per revisar-lo, però abans de fer-ho el van treure (i això que és una zona tancada), el van buidar i quan ja estava buit el van tornar a portar a la zona d'inspecció.";Successos
Degoteig de robatoris: l'Hospital de Sant Pau ha perdut mig milió d'euros en tubs d'endoscòpia;https://www.ara.cat/societat/successos/mig-milio-d-euros-sostrets-sant-pau-ja-patir-robatori-15-tubs-endoscopics-juny_1_5281283.html;11/02/2025;BarcelonaAquest dillunsva transcendir que l'Hospital de Sant Pau de Barcelonava patir un robatori de 13 tubs d'endoscòpia de les seves instal·lacions dissabte passat. Ara bé, segons ha pogut saber l'ARA, el juny de l'any passat es van produir uns fets gairebé idèntics: al mateix hospital van robar fins a una quinzena de tubs d'aquesta tipologia, utilitzats, entre altres coses, per fer colonoscòpies. Llavors, el valor del robatori va ascendir als 400.000 euros, segons la denúncia del centre sanitari. Per tant, en gairebé sis mesos el mateix hospital ha sigut víctima de dos robatoris calcats i li han sostret material que supera el mig milió d'euros, a l'espera de quantificar exactament el cost del material robat en l'últim furt, que inicialment s'ha valorat en uns 100.000 euros. Segons fonts consultades per l'ARA, pel primer robatori l'hospital ja va presentar una denúncia als Mossos d'Esquadra i ara ja ha fet el mateix per l'última sostracció. Tot i que han passat sis mesos entre ells, s'investiga si els dos robatoris estan vinculats. En els dos casos, es van robar d'unes zones d'accés restringit, on només poden accedir els sanitaris, i tot apunta que es van forçar panys.;Successos
Fins a 200.000 euros pel cap del Bubito: així es va ordenar l'execució a trets d'un estibador a Montgat;https://www.ara.cat/societat/successos/fins-200-000-euros-pel-cap-bubito-aixi-ordenar-l-execucio-trets-d-estibador-montgat_1_5276319.html;05/02/2025;"BarcelonaJ.C., conegut amb el malnom deLucky, és a la presó. Fa mesos, que hi és, però això no li ha impedit, segons la Guàrdia Civil, seguir liderant el càrtel ""més gran"" de la droga a Catalunya, amb epicentre al Prat de Llobregat. El seu clan,desarticulat per la policia espanyola fa unes setmanes, era un dels que dominaven l'entrada de cocaïna pel port de Barcelona. També des de la presó, el Lucky suposadament hauria ordenat un assassinat. La seva causa era per narcotràfic, però ara els jutjats també l'investiguen a ell i a quatre col·laboradors més per conspiració per assassinar. David Caballero, conegut amb el malnom deBubito, va seguir el dimarts 15 de novembre la seva rutina habitual. Va deixar el seu fill petit a l'escola, a Montgat, i després va parar a esmorzar al bar del davant. Es va asseure a la terrassa. De cop,un home li va clavar un tret per l'esquena. Després, l'assassí va pujar a una moto que l'esperava i va fugir. El Bubito no havia estat mai condemnat per narcotràfic, però el seu nom apareixia sovint en les investigacions policials sobre els clans de la droga del port, on molts anys va ser estibador.";Successos
Cinquè crim en cinc dies a Catalunya: Trapero avisa que no se'n poden treure conclusions;https://www.ara.cat/societat/successos/nou-crim-catalunya-mossos-investiguen-troballa-d-cadaver-local-badalona_1_5274975.html;04/02/2025;"BadalonaCinc homicidis en cinc dies a Catalunya. Vuit crims des que va començar el 2025. L'últim ha sigut aquest dilluns a la nit, quan els Mossos d'Esquadra han trobat lligat de mans i peus, i mort a cops, un home de 49 anys en un local de Badalona. Ha sigut el segon homicidi a la ciutat en 24 hores. Que hi hagi tants assassinats en tan pocs dies no entra dins de la normalitat del país, però, tot i això, el director general de la Policia, Josep Lluís Trapero, no ha volgut generar alarmisme: ""Aquestes agrupacions no és la primera vegada que les hem tingut, i tampoc és indicador de res"". Fonts de la Comissaria General d'Investigació Criminal dels Mossos coincideixen amb aquesta anàlisi: s'han concentrat diversos crims en poc temps, però d'aquí no se'n poden treure conclusions. ""El que és indicador és el final de l'any"", ha dit Trapero en una entrevista a RAC1.L'any passat es va tancar amb 62 crims, vuit menys que el 2023 i amb una reducció important dels homicidis per arma de foc. ""No pots mesurar el que passa en 10 dies"", ha insistit Trapero. De fet, i també hi ha posat èmfasi el director de la Policia, són vuit crims que tenen poc a veure entre ells. L'únic element en comú és que sis s'han comès amb una arma blanca. I que la majoria han estat causats per ""discussions mal resoltes"", en paraules de Trapero, i no n'hi ha cap que s'emmarqui en el crim organitzat. Trapero ha destacat que l'important és mirar les tendències anuals i ha deixat clar que “en els últims 10 anys, els homicidis presenten xifres bastant estables”. Amb tot, ha valorat el fet que Catalunya tingui una de les taxes d'homicidis per cada 100.000 habitants més baixes a escala europea. Aquesta taxa, ha dit, es mou entre el 0,60 i el 0,85%, quan en països com França, Irlanda, Suècia, Hongria o Romania està per sobre de l'1%.";Successos
Quart crim en cinc dies: maten a cops de destral un home a Badalona;https://www.ara.cat/societat/successos/mossos-investiguen-mort-violenta-d-home-badalona_1_5274093.html;03/02/2025;BarcelonaHores especialment negres a Catalunya. Els Mossos d'Esquadra investiguen la mort violenta d'un home de 36 anys aquesta nit a Badalona. És el quart homicidi registrat al país en cinc dies, i el setè de l'any. De fet, almenys sis d'aquests homicidis s'han comès amb una arma blanca, i el d'aquest diumenge a Badalona entra dins d'aquest còmput. Segons fonts consultades per l'ARA, la víctima hauria mort a cops de destral en un domicili del carrer Guasch, al barri de Llefià. El crim s'hauria produït al voltant de les 23.30, hora en què els agents van rebre un avís informant d’una agressió en un domicili. La trucada hauria sigut d'un veí que ha sentit cops. Les primeres indagacions apunten a una baralla entre persones conegudes per la policia per formar part de la realitat delinqüencial de la ciutat. Darrere de l'enfrontament hi hauria un conflicte relacionat amb el tràfic de drogues, segons ha pogut saber aquest diari.;Successos
Baixen els crims amb arma de foc, la majoria vinculats al narcotràfic;https://www.ara.cat/societat/successos/baixen-crims-arma-foc-majoria-vinculats-narcotrafic_1_5271591.html;02/02/2025;"BarcelonaUn crim a la setmana. L'any passat es van cometre 62 homicidis a Catalunya, vuit menys que el 2023, que va ser un any de rècord pel que fa a assassinats. Segons les dades dels Mossos d'Esquadra a les quals ha tingut accés l'ARA, Catalunya ha tornat a registrar unes dades de crims semblants a les del 2022 i el 2019, quan se'n van cometre 61, i la baixada de casos es nota sobretot en els homicidis comesos amb arma de foc. L'any passat, 37 homes, 19 dones i 6 menors van morir assassinats. ""Ha sigut un any dolent pel que fa als menors"", admeten fonts dels equips de la Comissaria General d'Investigació Criminal dels Mossos. De fet, el darrer crim de l'any va ser el d'un nadó mort trobat en un contenidor de Cubelles. Les mateixes fonts apunten que aquesta investigació està encarrilada, tot i que encara no hi ha cap detenció. Un altre dels últims homicidis va ser el d'un pare i un fill de 15 anys morts per arma blancaal seu domicili a Arenys de Mar. La principal hipòtesi, segons ha pogut saber l'ARA, és que el pare, amb problemes de salut mental i en el marc d'una baralla, hauria matat el fill i després s'hauria suïcidat.";Successos
Apunyalen mortalment un jove de 24 anys a Santa Perpètua de Mogoda;https://www.ara.cat/societat/successos/apunyalen-mortalment-jove-24-anys-santa-perpetua-mogoda_1_5271678.html;31/01/2025;BarcelonaNou crim a Catalunya, el cinquè del 2025. Els Mossos d'Esquadra investiguen l'apunyalament mortal que ha patit un jove de 24 anys la matinada d'aquest divendres a Santa Perpètua de Mogoda, al Vallès Occidental. Segons fonts policials, els fets han passat a les 00:30 hores a la Plaça d'en Miquel Martí i Pol. Tot hauria començat amb una baralla al carrer entre diverses persones que hauria acabat amb el jove greument ferit per arma blanca. Quan els Mossos d'Esquadra i la Policia Local s'han desplaçat fins a la plaça han comprovat que hi havia una persona estesa a terra amb ferides d'arma blanca. Els efectius del Sistema d'Emergències Mèdiques (SEM) han traslladat el ferit a l'hospital, però ha acabat morint hores després. Al lloc dels fets ja no quedava cap agressor i els Mossos han iniciat una investigació, que pilota la DIC, per esclarir els fets i detenir els responsables.;Successos
Un mort electrocutat i un ferit greu al saltar a sobre d'un tren d'alta velocitat a Lleida;https://www.ara.cat/societat/successos/mort-electrocutat-ferit-greu-saltar-d-tren-d-alta-velocitat-lleida_1_5269395.html;28/01/2025;BarcelonaUn jove ha mort electrocutat i un altre ha quedat ferit greu per cremades aquest dimarts al vespre en un incident al sostre d'un tren d'alta velocitat a l'estació Lleida-Pirineus. Segons informen fonts policials a l'ARA, els fets haurien tingut lloc a les 20.30 hores a zones no autoritzades de l'estació. Les vies del tren passen per sota d'una passarel·la per a vianants i, segons les mateixes fonts, les víctimes haurien saltat des d'allà al tren Alvia per raons que encara es desconeixen. Un cop al sostre del vagó, un d'ells ha tocat la catenària i ha mort. L'altre ha caigut, ha quedat ferit greu i ha hagut de ser traslladat a l'Hospital Arnau de Vilanova. Segons ha explicat l'alcalde de Lleida, Fèlix Larrosa, el ferit és un noi de 23 anys que “no té danys físics, més aviat emocionals”, mentre que la víctima mortal tenia 25 anys. Per l'estat del cos, encara no ha pogut ser identificada. Les primeres informacions assenyalaven que els dos joves haurien estat causant problemes durant la tarda a l'estació. Larrosa ha explicat que, segons Adif, dos joves han intentat “dues vegades” accedir a trens d’alta velocitat que anaven a Barcelona, i les autoritats suposen que són les mateixes persones.;Successos
El conflicte pel tiroteig a la Font de la Pólvora continua: apunyalen tres familiars de les víctimes a Granada;https://www.ara.cat/societat/successos/conflicte-pel-tiroteig-font-polvora-continua-apunyalen-tres-familiars-victimes-granada_1_5264935.html;24/01/2025;BarcelonaS'enquista el conflicte entre clanspel tiroteig mortal del Sant Joan passat al barri de la Fonts de la Pólvora de Girona. Al setembre els Mossos d'Esquadra van detenir a Granada un home (Guillermo) –a més de la seva dona i dos membres més de la família– acusat d'haver obert foc amb un kalàixnikov durant la revetlla i haver matat un altre home de 44 anys i una dona de 42 anys, tots dos membres de la família Heredia. Ara Granada ha viscut un nou capítol d'aquest enfrontament que va començar al barri gironí. Segons ha avançat la periodista Anna Punsí i ha pogut confirmar l'ARA, aquest dijous un grup d'homes encaputxats van atacar amb armes blanques tres membres de la família Heredia que eren a la ciutat andalusa perquè havien de declarar en un judici (que no té res a veure amb el tiroteig) com a testimonis. Els fets van passar prop dels jutjats. Un home va resultar ferit de gravetat per diverses punyalades al tronc, una dona està hospitalitzada amb talls al cap i també en va patir les conseqüències un menor d'edat que no té ferides de gravetat.;Successos
"Llet, joguines i ketamina: cau un grup que feia ""regals"" per a nadons des de Barcelona fins a Austràlia";https://www.ara.cat/societat/successos/traficants-barcelonins-enviaven-droga-australia-llet-joguines-nadons_1_5263814.html;23/01/2025;"Barcelona""Regal de Nadal per a un nadó"". Era l'11 de desembre quan es va interceptar un paquet amb aquest missatge a la terminal de càrrega de l'aeroport del Prat. A dins hi havia paquets de llet en pols, roba de nadó i també joguines. Però encara més endins, ben ocults, la policia hi va trobar 2,3 quilograms de ketamina. Tal com va explicar l'ARA,aquell mateix dia, els Mossos d'Esquadra, la Guàrdia Civil i la Policia Federal Australiana estaven duent a terme un operatiu conjuntcontra un grup criminal molt actiu que es dedicava a enviar drogues, sobretot sintètiques, a tot el món. No va ser una simple coincidència temporal: la investigació feia vuit mesos que durava i el dia abans de detenir-los la policia va saber que havien enviat un paquet. Era aquell regal de Nadal per a un nadó. L'operatiu va acabar amb onze detinguts, la majoria a Barcelona i Eivissa, i aquest dijous la policia n'ha donat més detalls. Fonts de la investigació apunten que era una banda assentada al país que enviava per paqueteria droga a diversos punts del món, si bé la seva activitat estava centralitzada a Austràlia. Comercialitzaven amb cocaïna, ketamina i MDMA. L'amagaven entre joguines, roba per a menors i també productes adreçats a les criatures, com la llet en pols. Fonts de la investigació indiquen que també l'ocultaven a dins de llibres. La droga la treien d'altres proveïdors de la zona, i l'enviaven a l'exterior perquè es paga més cara. Les mateixes fonts apunten que l'MDMA sí que la cuinaven a Catalunya: en un pis tenien maquinària farmacèutica per convertir l'èxtasi (que arriba en pols) en pastilles de diversos colors.";Successos
Detenen un home per matar la mare del seu padrastre, que tenia més de 90 anys;https://www.ara.cat/societat/successos/detenen-home-mort-d-dona-garrotxa_1_5262673.html;22/01/2025;BarcelonaEls Mossos d'Esquadra han detingut un home per la mort d'una dona a Sant Joan les Fonts, a la Garrotxa, segons ha avançat l'ACN i ha pogut confirmar l'ARA. La mateixa agència informa que la víctima era una dona gran, de més de 90 anys, mare del padrastre del detingut. Tot s'ha sabut, però, arran d'un incident que el detingut hauria provocat després de cometre el crim. Segons fonts policials, l'home ha sortit al carrer mig despullat i ha agredit una conductora a la ronda Font Blanca. Aquest incident és el que ha motivat l'avís a emergències, que ha arribat passades les 11 del matí d'aquest dimecres. La dona ha hagut de ser atesa pels serveis mèdics i derivada a l'hospital d'Olot, però sense lesions de gravetat. Arran d'aquest incident la policia ha descobert el cadàver de la víctima a la casa d'on havia sortit l'arrestat.;Successos
Detingut un home per matar el seu germà a Cervelló;https://www.ara.cat/societat/successos/detingut-home-matar-germa-cervello_1_5261820.html;21/01/2025;CervellóHavien viscut pràcticament tota la vida junts. L'Alberto i l'Alfonso, segons els veïns, eren dos germans solters que van viure amb la mare fins que va morir i es van quedar ells dos, sols, en una casa als quatre vents d'una urbanització aïllada i alçada amb vistes a Cervelló, al Baix Llobregat. És una casa blanca, que pot tenir aparença d'abandonada i que encapçala un taronger. És la número 18 del carrer de Josep Maria de Segarra, un carrer amb poques cases en què tothom es coneix. Des de dijous de la setmana passada, a la porta de la casa hi ha un adhesiu dels Mossos d'Esquadra que indica que està precintada. S'hi va cometre un crim. Feia dies que els veïns del costat, encara visiblement afectats pel tràgic succés, no veien el germà gran, de 73 anys, seguint la seva rutina habitual, com ara anar a esmorzar cada dia a un forn. El germà petit, de 60 anys, tampoc havia tornat de Barcelona, on, sempre segons els veïns, tenien una altra casa. Finalment van trucar a la Policia Local, que dins de la casa va trobar el cos sense vida del germà gran. Segons fonts policials, feia dies que estava mort i tenia signes de violència. Això va ser dijous passat. Tot apuntava que es tractava d'un homicidi, i els Mossos d'Esquadra es van quedar el cas.;Successos
Dos ferits greus després de caure un telecadira a l'estació aragonesa d'Astún;https://www.ara.cat/societat/successos/almenys-nou-ferits-greus-despres-caure-telecadira-l-estacio-aragonesa-d-astun_1_5258677.html;18/01/2025;BarcelonaUn accident en un telecadira a l'estació d'esquí d'Astún, a l'Aragó, ha deixat múltiples afectats. El balanç definitiu del govern aragonès és de dos ferits greus, que han sigut traslladats a l'hospital. La persona que es troba en una situació més crítica és una dona a qui ara estan traslladant en helicòpter a l'Hospital Miguel Servet, a Saragossa. Segons les primeres informacions, el telecadira ha caigut i en l'accident s'hi han vist involucrades una trentena de persones. El primer balanç del govern aragonès era de nou ferits molt greus i vuit de greus. Tot i això, poc després l'executiu ha rectificat i ha tancat el balanç amb dos ferits greus. Fonts de l'executiu asseguren que s'han precipitat amb el primer balanç En total, doncs, s'han comptabilitzat també dos ferits lleus i una vintena de persones han rebut l'alta in situ. El succés és recent, ja que el 112 ha rebut l'avís de l'accident al migdia. Fins a la zona s'hi han desplaçat dos helicòpters sanitaris del govern d'Aragó i dos mitjans aeris més de la Comunitat Foral de Navarra. També s'han desplegat els equips de rescat de la Guàrdia Civil, els Bombers, una quinzena d'ambulàncies i un grup de psicòlegs.;Successos
Mor un nen de 3 anys al caure-li al damunt una porteria de futbol a Subirats;https://www.ara.cat/societat/successos/mor-nen-3-anys-caure-li-porteria-pavello-subirats_1_5255536.html;15/01/2025;BarcelonaUn nen de tres anys va morir dimarts al caure-li al damunt una porteria de futbol en una pista poliesportiva municipal de Subirats (Alt Penedès), al nucli d'Ordal. El succés, que els Mossos d'Esquadra investiguen com un accident, es va produir cap a les 18 hores per causes que s'estan investigant, quan el menor era a l'interior de les instal·lacions esportives jugant amb altres nens a la sortida de l'escola. Efectius del Sistema d'Emergències Mèdiques (SEM) desplaçats fins al lloc de l'incident no van poder fer res per salvar la vida del menor. La policia catalana ha obert una investigació per determinar les causes de la caiguda de la porteria i si estava ben fixada. L'alcalde del municipi, Jaume Domènech (ERC), ha assegurat a Catalunya Ràdio que la pista, oberta al públic cada tarda, havia passat totes les revisions. La porteria que va caure era d'entrenament, estava fora de la pista i lligada en un fanal en un pas molt estret, segons ha l'alcalde a l'ARA i també apunten fonts policials a l'ARA. La resta, per contra, estan fixades a la pista. Altres nens estaven jugant al voltant de la porteria i, en aquest context, va caure, segons fonts policials. Aquesta porteria es trobava en un racó de la pista, fora del terreny de joc.;Successos
Esclaus de la marihuana, vigilants armats i galls amputats: la narcourbanització de Castellbisbal;https://www.ara.cat/societat/successos/esclaus-marihuana-vigilants-armats-galls-amputats-narcourbanitzacio-castellbisbal_1_5236376.html;20/12/2024;"BarcelonaQuan els Mossos d'Esquadra i la Policia Nacionalvan entrar fa un mes a la urbanització Can Nicolau de Dalt, a Castellbisbal, en un operatiu contra el tràfic de marihuana, hi van anar acompanyats d'un autocar de la policia catalana. Era una indirecta al clan familiar de la droga que anaven a desarticular: aquell dia hi hauria molts detinguts. I en van acabar sent 34. La policia també va activar el Grup Especial d'Intervenció (GEI), la unitat militaritzada dels Mossos, perquè aquell paratge s'havia convertit en una perillosa narcourbanització. Només s'hi podia accedir per dos camins que estaven vigilats les 24 hores del dia per membres del clan armats. Tenien càmeres i també tècniques de comunicació que es fan servir a les faveles brasileres. Per exemple, llançar pirotècnia si s'acostava algú. Dels 34 registres que la policia va fer aquell dia, un dels quals va ser a Castelló, la meitat van ser en aquesta urbanització i la investigació continua oberta. L'inspector Israel Garcia, cap de l'Àrea d'Investigació Criminal de la Regió Metropolitana Nord, explica que en aquests terrenys hi havia alguna casa disseminada, però el clan ha anat construint edificacions il·legals destinades al cultiu de marihuana. ""Pensem que porten molts anys dedicant-se al mateix"", afirma l'inspector. El nucli de la xarxa criminal eren tres germans que fa anys que els Mossos investiguen. De fet, ja van ocupar alguns d'aquests terrenys fa temps. A finals de l'any passat, però, la policia catalana va detectar un frau elèctric a la zona ""molt superior al normal"". La marihuana ho va acabar explicant tot: es van desmantellar15 plantacions de cànnabis que generaven un consum elèctric equivalent al consum d’una població de 1.200 habitatges. El frau ascendeix a més d'un milió d'euros.";Successos
Dos tirotejos en cinc hores a Catalunya: tot apunta que estan relacionats amb la droga;https://www.ara.cat/societat/successos/tirotejos-cinc-hores-catalunya-apunta-relacionats-droga_1_5236271.html;20/12/2024;BarcelonaA Catalunya s'han registrat dos tirotejos en menys de cinc hores i, d'entrada, tot apunta que estarien relacionats amb el tràfic de drogues. El primer va ser dijous a les 22.30 hores al carrer d’Amador Torner de l’Hospitalet de Llobregat. Algú va disparar uns quants trets a l'aire des d'un cotxe i ja hi ha un detingut. El segon va tenir lloc cap a les 3.30 hores a la urbanització Can Fornaca de Riudarenes, a la Selva. Fonts consultades per l'ARA apunten que hi ha hagut un incident per arma de foc amb un ferit traslladat en estat molt greu a l'Hospital Universitari Dr. Josep Trueta. Fonts hospitalàries, en canvi, asseguren que la ferida és per arma blanca. El tiroteig de l'Hospitalet, segons fonts policials, va consistir en diversos trets a l'aire des d'un cotxe enmig d'una baralla entre dos grups. Concretament, tres homes sortien d'un club cannàbic quan es van encarar amb cinc homes que hi havien arribat amb cotxe. Després dels trets, la baralla es va dispersar. Els Mossos van aconseguir detenir moments després un dels implicats, que té antecedents i que seria un dels que anaven amb cotxe. Encara estan buscant set persones més. Per l'indret on va tenir lloc (a la sortida d'un club cannàbic) i per les persones implicades s'investiga de manera preliminar com un conflicte relacionat amb el tràfic de drogues.;Successos
La maquinista del tren que va atropellar mortalment una menor a Montcada i Reixac dona negatiu en drogues;https://www.ara.cat/societat/successos/maquinista-tren-atropellar-mortalment-menor-montcada-reixac-dona-negatiu-drogues_1_5235469.html;19/12/2024;BarcelonaLa conductora del tren de Rodalies queva atropellar mortalment una menor de 16 anys el 10 de setembrea Montcada i Reixac ha donat negatiu en drogues en una segona prova efectuada per un laboratori. La conductora va donar positiu en amfetamines en un primer test que va fer la Policia Local de la localitat vallesana el dia de l'accident. Ara bé, tant els Mossos d'Esquadra com Renfe van advertir que els resultats no eren ni concloents ni definitius. Tal com va explicar l'ARA, fonts policials avisaven que amb el test de la Policia Local no es podia concloure que conduís sota els efectes de substàncies estupefaents, un extrem que ara s'ha confirmat: tal com ha avançat la periodista Anna Punsí i ha confirmat l'ARA, l'anàlisi de tòxics feta per un laboratori extern determina que no va consumir cap droga. Segons el relat policial, la menor va morir atropellada quan, juntament amb la seva germana, va travessar les vies del tren del centre de Montcada quan la barrera estava baixada. Haurien esperat que passés un primer tren per creuar, però no preveien que en passés un altre, segons fonts policials. Era un tren semidirecte, amb origen a Portbou i destinació Barcelona (no s’aturava a l’estació de Montcada), que va envestir una de les noies. L'altra germana va resultar il·lesa.;Successos
Un milió blanquejat cada setmana a les rebotigues de basars i bars xinesos: cau el banc ocult de la droga;https://www.ara.cat/societat/successos/milio-blanquejat-setmana-basars-bars-xinesos-cau-banc-ocult-droga-rebotigues_1_5228963.html;12/12/2024;BarcelonaDarrere de les botigues de roba, de productes de la casa i fins i tot de bars i restaurants s'hi amagaven bancs ocults sense caixers ni cues. S'hi guardaven centenars de milers d'euros en efectiu. Però només uns quants sabien que darrere d'aquesta xarxa d'empreses, sobretot a Badalona, i on atenien sempre persones d'origen xinès, hi havia una banca clandestina al servei del narcotràfic. I la majoria dels que ho sabien es dedicaven al tràfic de marihuana. El ritme era frenètic, i no només guardaven diners: feien transferències internacionals sense passar pels bancs convencionals i podien blanquejar un milió d'euros per setmana. Mentrestant, davant del taulell els clients que no sospitaven res: compraven ossets de peluix, una nova tauleta de nit o unes patates braves. El 26 de novembre, més de 500 agents dels Mossos d'Esquadraes van llevar de matinada per fer una operació contra un grup criminal xinès que blanquejava diners del narcotràfic. Van fer 25 detinguts. Però tal com han explicat aquest dijous l'inspector Jonatan Herrera, subcap de la Divisió d’Investigació Criminal Central dels Mossos, i el subinspector José Angel Merino, cap de l’Àrea Central de Delictes Econòmics, aquell operatiu només va ser la culminació de gairebé tres anys de feina. A principis de l'any 2022 els Mossos van començar a lligar caps. Seguint el rastre de diners a Itàlia, els Països Baixos i Alemanya van anar a parar al mateix lloc: la banca clandestina de Badalona.;Successos
Troben el cadàver d'un nadó de dues setmanes en una planta de reciclatge a Madrid;https://www.ara.cat/societat/successos/troben-cadaver-d-nado-dues-setmanes-planta-reciclatge-madrid_1_5228778.html;12/12/2024;BarcelonaLa Guàrdia Civil investiga la troballa aquesta matinada de les restes humanes d'un nadó d'unes dues setmanes en una planta de reciclatge a la localitat madrilenya de Loeches. L'avís l'han donat a les 1.46 hores treballadors del centre, el complex mediambiental de tractament de residus La Campiña, que en un primer moment han confós el cos del petit amb un nino de joguina. Arran de l'avís, guàrdies civils i policies judicials s'han traslladat fins al lloc dels fets. El cos del nadó ha estat traslladat a l'Institut de Medicina Legal per fer-li l'autòpsia. Tot i que encara no s'ha determinat les causes de la mort de l'infant, fonts properes a la investigació han explicat a EFE que, segons el primer examen forense, el nadó presentava signes d'asfíxia.;Successos
Nou detinguts en un macrooperatiu contra uns traficants que venien cocaïna i drogues sintètiques a escala mundial;https://www.ara.cat/societat/successos/macrooperatiu-traficants-venien-cocaina-drogues-sintetiques-escala-mundial_1_5227593.html;11/12/2024;BarcelonaEl cas va començar amb un dispositiu a Austràlia que va desmembrar una part d'un grup criminal que es dedicava al tràfic internacional de drogues. Va ser en aquell moment que la policia australiana va detectar que aquells traficants tenien ramificacions amb Catalunya i que, fins i tot, hi hauria persones australianes, del mateix grup, vivint i movent droga a Barcelona. Entre altres vincles, van trobar enviaments de droga que havien arribat a Austràlia provinents de Catalunya. Aquests indicis s'han acabat materialitzant aquest dimecres, amb un macrooperatiu dels Mossos d'Esquadra, la Guàrdia Civil i la Policia Federal d'Austràlia en diversos punts de la capital catalana. Fins a 120 agents de la policia (tres dels quals acabats d'arribar d'Austràlia) han engegat el dispositiu a primera hora del matí que s'ha saldat amb nou detinguts. L'objectiu ha sigut desarticular aquesta facció del grup criminal, que presumptament traficava amb estupefaents, sobretot cocaïna i drogues sintètiques, com la ketamina. Segons fonts consultades per l'ARA, de moment no s'ha trobat cap laboratori i tot apunta que rebien la droga d'alguna forma que encara està per concretar i després l'enviaven. No només la comercialitzaven a Catalunya, sinó també a escala mundial, i prioritzaven les zones d'oci. Solien enviar la droga pel servei de paqueteria, i se n'ha aconseguit intervenir algun, segons fonts de la investigació.;Successos
L'autocar accidentat a la Cerdanya tenia la ITV caducada des de feia més d'un any;https://www.ara.cat/societat/successos/l-autocar-accidentat-cerdanya-tenia-l-itv-caducada-des-any-mesos_1_5220085.html;03/12/2024;BarcelonaL'autocar que diumenge a la tarda es va accidentar a l'N-320 a la Cerdanya no tenia la ITV en vigor des de l'octubre del 2023, segons confirmen fonts governamentals a l'ARA. El vehicle estava obligat a passar aquesta inspecció cada sis mesos, per tant, se n'havia saltat dos procediments. El sinistre va deixar dues víctimes mortals, tots dos veïns de l'Hospitalet de Llobregat, i una quarantena de ferits, dels quals almenys tres continuen hospitalitzats. La Gendarmeria francesa investiga les circumstàncies de l'accident i, d'entrada, la principal hipòtesi és que l’autocar va quedar-se sense frens i el conductor va intentar aturar el vehicle fregant-lo contra una paret que delimitava la via i que feia forma de penya-segat. A l'autocar hi anaven 47 passatgers i feia una ruta organitzada entre l'Hospitalet de Llobregat i Andorra, un viatge llampec que era una oferta pel cap de setmana de Black Friday. Dilluns ja va transcendir que la companyia que va organitzar el desplaçament, Chavi Tours, s'havia declarat en concurs de creditors fa uns mesos pels deutes que acumulava, si bé això no li impedia continuar operant de forma legal.;Successos
Detingut un ciberassetjador que va enganyar 150 adolescents amb identitats falses a internet;https://www.ara.cat/societat/successos/investiguen-compte-d-instagram-publicava-rumors-sexuals-menors-sant-cugat_1_5219752.html;03/12/2024;BarcelonaEls Mossos d'Esquadra han fet pública aquest dimarts la detenció a Mollet del Vallès d'un home de 38 anys que presumptament gestionava diferents perfils falsos a les xarxes socials amb què va enganyar més de 150 menors perquè li enviessin gravacions sexuals. L'investigaven des d'aquest estiu arran de la denúncia d'una dona que va alertar que, entre juliol i agost, la seva filla de 13 anys havia contactat amb un suposat noi a través d’internet. El jove es feia dir Dani, assegurava tenir 15 anys i havia començat una relació sentimental online amb la seva filla, a qui fins i tot li havia presentat tota la seva família a través d’altres perfils virtuals per guanyar-se la seva confiança. Un cop ho va aconseguir, va convèncer la menor perquè li enviés fotos i vídeos de contingut sexual. L’home, arrestat el 19 de novembre, va aconseguir aïllar la menor del seu entorn familiar i de les seves amistats, i va fer que ella cregués fermament que la relació sentimental era real i recíproca.;Successos
D'amagar-se al bosc al Montseny fins a Marbella: la fugida del traficant marsellès de l'haixix;https://www.ara.cat/societat/successos/tres-detinguts-850-kg-d-haixix-fugida-traficant-escapolir-viladrau-trets_1_5218642.html;02/12/2024;BarcelonaEn 24 hores va aconseguir fugar-se a peu dels agents de la Policia Nacional enmig d'un tiroteig a Viladrau i va viatjar fins a Marbella, on té una casa. Finalment, però, la policia ha detingut el traficant d'haixix marsellèsque el 19 de novembre va aconseguir escapolir-sequan els agents van entrar a la casa on ocultava la droga. Primer es va fugar amb un cotxe i gairebé envesteix dos agents, que van obrir foc contra ell. Pocs metres més enllà va xocar contra un fanal. La fugida va passar a ser a peu i es va endinsar als boscos del Montseny. Encara no se sap ben bé com, però va viatjar 1.000 quilòmetres fins a Marbella, on la policia, finalment, el va detenir l'endemà, quan intentava accedir a una casa de la seva propietat. De fet, es va intentar tornar a escapar, però aquest cop no ho va aconseguir. D'aquesta manera, la policia espanyola tanca un operatiu que s'ha saldat amb tres detinguts, tots membres de la màfia marsellesa, i 855 quilograms d'haixix confiscats. El fugit a Marbella era el líder de la banda. Ara, doncs, es considera desarticulat un grup molt actiu de la màfia marsellesa per transportar la droga. El 19 de novembre, el dia de la fuga, va ser el moment escollit per la policia per entrar en una casa una mica aïllada de Viladrau que feia sis mesos que vigilaven: tenien la certesa que era unaguarderiad'haixix, els magatzems que solen utilitzar els traficants per guardar la droga entre transport i transport.;Successos
Detingut per assassinar el fill de la parella, un nen de dos anys, a Linares;https://www.ara.cat/societat/successos/detingut-assassinar-fill-parella-nen-anys-linares_1_5215497.html;28/11/2024;BarcelonaLa Policia Nacional ha detingut un home de trenta anys com a presumpte autor de l'assassinat d'un nen de dos anys a la localitat de Linares, a Jaén. La víctima és el fill de la parella de l'arrestat i els fets, segons la delegació del govern contra la violència de gènere, s'estan investigant com un suposat cas de violència vicària. Segons informa l'agència Efe, la criatura ha mort per un traumatisme cranioencefàlic després de rebre una pallissa. A més, també ha patit una agressió el seu germà bessó, que ha resultat ferit de gravetat i ha estat traslladat a l'hospital San Agustín de Linares amb ferides de diversa consideració, tot i que fonts sanitàries consultades per Efe han indicat que està fora de perill. Els fets s'han produït a les tres de la tarda en un domicili del carrer Áurea Galindo del municipi. Segons informa Efe citant fonts de la investigació, l'home hauria aprofitat l'absència de la seva parella al domicili per colpejar violentament els dos nens bessons de dos anys. El detingut compta amb nombrosos antecedents i feia quatre mesos que havia sortit de la presó.;Successos
Segon cop contra la marihuana en 24 hores: detenen una trentena de membres d'un clan de Castellbisbal;https://www.ara.cat/societat/successos/nou-macrooperatiu-policial-mes-700-policies-despleguen-trafic-persones-catalunya_1_5213411.html;27/11/2024;BarcelonaSegon macrodispositiu policial contra la marihuana a Catalunya en només 24 hores. Més de 700 efectius dels Mossos d'Esquadra i la policia espanyola han iniciat a primera hora d'aquest dimecres un ampli dispositiu contra un grup criminal implicat en el tràfic d'éssers humans, el tràfic de drogues i el blanqueig de capital. Segons fonts consultades per l'ARA, l'objectiu de la policia ha sigut desarticular un clan familiar, jeràrquic i organitzat, que es dedicava al tràfic de marihuana, amb plantacions repartides per tot el territori. Tenia l'epicentre en una urbanització aïllada de Castellbisbal, Can Nicolau de Dalt, on els Mossos han fet diverses detencions, entre les quals la d'alguns líders del clan. En total, el balanç de l'operatiu ha ascendit a una trentena de detinguts, segons ha pogut contrastar aquest diari. De fet, a Can Nicolau de Dalt hi havia aparcat el bus que els Mossos porten als operatius en els quals preveuen molts detinguts. En aquesta urbanització de Castellbisbal, amagada i de difícil accés, hi ha cases disseminades i barraques on la policia ha trobat plantes de marihuana. Si l'objectiu dels Mossosdimarts en el primer operatiu contra la màfia xinesa era atacar la seva estructura econòmica, aquest dimecres l'objectiu, segons fonts policials, era trobar les plantacions de marihuana.;Successos
Marihuana i una banca oculta amb el mètode 'fei chien': 24 detinguts en un macrooperatiu antidroga;https://www.ara.cat/societat/successos/macrooperacio-500-mossos-trafic-drogues-barcelona-tarragona_1_5212401.html;26/11/2024;Sant Joan DespíMés de 500 agents dels Mossos d'Esquadra han iniciat a les sis del matí d'aquest dimarts un dispositiu contra una organització criminal relacionada amb delictes de blanqueig de capitals, tràfic de drogues i tinença d'armes. Segons fonts consultades per l'ARA, l'objectiu dels Mossos és desmantellar un grup que traficava amb droga i els seus socis, vinculats a la màfia xinesa, que es dedicaven a blanquejar aquests diners. Fonts policials apunten que l'operatiu està focalitzat més en l'estructura econòmica del grup que en la mateixa droga. De fet, en els escorcolls, sobretot, s'estan trobant diners. El balanç ha sigut de 24 persones detingudes: 17 homes i set dones d'edats compreses entre els 25 i els 40 anys. La policia està fent una trentena d'escorcolls a Barcelona, la seva àrea metropolitana, en ciutats com Sabadell, Esplugues de Llobregat o Sant Joan Despí, i a Tarragona. L'operatiu també s'ha desenvolupat amb dues entrades a Màlaga i tres a Castelló. Hi participen agents de diverses àrees policials com ordre públic, el GEI, la unitat canina i la de drons, entre d'altres. Que hi participi el GEI, la unitat militaritzada dels Mossos, és precisament pel risc que els membres de la banda vagin armats. De fet, durant l'operatiu s'han trobat armes, droga i diners en efectiu. A Sant Joan Despí, segons ha pogut saber l'ARA, hi viuria un dels principals investigats i cap de la banda. Allà, els Mossos han fet tres detencions: un matrimoni i un tercer home que era al pis. En aquest pis han trobat diners en efectiu. Tots els detinguts eren persones de l'est d'Europa que, segons fonts policials, dominaven la branca de la banda que es dedicava al tràfic de marihuana.;Successos
Els Mossos descarten que la mort d'un pare i els seus dos fills a Horta fos un crim;https://www.ara.cat/societat/justicia/mossos-descarten-mort-d-pare-fills-horta-fos-crim_1_5209203.html;22/11/2024;BarcelonaCas tancat. El gener del 2024 els Mossos d'Esquadra van descobrir en un domicili del barri d'Horta, a Barcelona,els cossos sense vida d'un pare i els seus dos fills, el Xavi i la Noa, de 10 i 7 anys. Era el 9 de gener i la mare (estaven divorciats amb el pare) va avisar la policia perquè l'home no havia tornat els fills després de Reis. A dins del pis hi havia un braser encès i totes les finestres i portes estaven segellades amb tovalloles i peces de roba. Amb aquest escenari, la principal hipòtesi dels Mossos va ser clara: el pare s'hauria suïcidat, i també s'hauria emportat la vida dels seus fills intoxicant-los amb monòxid de carboni provinent del braser. Això també va portar l'ARA a informar d'aquesta hipòtesi. Però la investigació policial no ha pogut comprovar aquest extrem i s'ha conclòs que podria haver sigut un accident. El Tribunal Superior de Justícia de Catalunya (TSJC) ha informat aquest divendres que la jutgessa que investigava les morts va arxivar la causa al juliol perquè la instrucció no va trobar cap indici de delicte. Abans de tancar el cas, s'havia fet una inspecció durant l’aixecament del cadàver i es van practicar les autòpsies. Ni les autòpsies ni la resta de proves complementàries efectuades pels Mossos d'Esquadra van aportar cap indici que es tractés d'un crim. Tot i les portes segellades i el braser, els Mossos també van considerar probable que l'home hagués fet tot això perquè aquella era una de les nits més fredes de l'any a Barcelona. Després el desenllaç va ser fatal.;Successos
Tiroteig i persecució a Viladrau: la policia busca un traficant marsellès que s'ha escapat;https://www.ara.cat/societat/successos/tiroteig-persecucio-viladrau-policia-busca-traficant-marselles-s-escapat_1_5204620.html;18/11/2024;BarcelonaLa Policia Nacional està buscant un home originari de Marsella (França) que s’ha escapolit enmig d’un operatiu contra el tràfic de drogues a la localitat de Viladrau, que amb prou feines supera els 1.000 habitants. Segons fonts policials, els efectius de la Unitat de Droga i Crim Organitzat (UDYCO per les sigles en castellà) s’han presentat a primera hora del matí en una casa de Viladrau on sospitaven que hi havia droga. No era una casa gaire apartada del nucli urbà. Ràpidament, la sospita s’ha confirmat: aquell local era una guarderia –així es coneixen els llocs on els traficants amaguen la droga abans de transportar-la– i hi havia fins a 800 quilograms d’haixix. Els agents han aconseguit detenir una primera persona. És un home d’origen marsellès. Un altre home també d’origen marsellès, però, ha pujat a un Nissan de color gris i ha arrencat a tota velocitat, intentant envestir els policies. Els agents s’han pogut apartar i el cotxe no els ha arribat a tocar. La resposta dels efectius policials desplegats a la zona ha estat obrir foc amb les armes reglamentàries contra el vehicle, que ha acabat xocant uns metres més enllà.;Successos
Els Mossos investiguen com una possible venjança l'execució a trets d'un home a Montgat;https://www.ara.cat/societat/successos/maten-home-trets-plena-llum-dia-montgat_1_5201969.html;15/11/2024;BarcelonaTiroteig mortal a plena llum del dia a Montgat, al Maresme. Segons ha pogut saber l'ARA, una persona ha obert foc al carrer i ha posat fi a la vida d'un home. Els Mossos d'Esquadra ja han obert una investigació per esclarir els fets, que han passat cap a un quart de deu del matí. La víctima, David Caballero, és un home amb antecedents que en un passat havia treballat al Port de Barcelona i havia estat relacionat amb el tràfic de drogues. Ara, aquesta és una de les principals hipòtesis: es tractaria d'una venjança per drogues. La investigació, però, encara és incipient i hi ha altres hipòtesis obertes. L'home acabava de deixar el seu fill a l'escola, un centre privat. Passaven uns minuts de les nou i estava assegut a la terrassa del bar Trastevere, ubicat a la ronda 8 de març de la ciutat. De cop, un altre individu s'hi ha apropat i ha obert foc contra ell apuntant-li al cap. L'home ha quedat assegut, cobert de sang, a la mateixa taula de la terrassa. Després, hi ha hagut moments de pànic entre els veïns i els clients del bar. Per la tipologia de crim, els Mossos ràpidament han parlat d'una execució. Després l'autor dels trets ha pujat a una moto i ha marxat, passant una altra vegada pel costat de l'escola. Segons diverses fonts, hi hauria una altra persona involucrada, que l'estava esperant amb la moto per ajudar-lo a fugir.;Successos
A la presó per drogar fins a la mort la filla de sis anys a Coll de Nargó;https://www.ara.cat/societat/successos/preso-drogar-fins-mort-filla-sis-anys-coll-nargo_1_5199442.html;12/11/2024;BarcelonaEl jutjat de guàrdia de la Seu d'Urgell ha acordat presó provisional sense fiança per a la dona que el dissabte passat va ser detinguda per lamort de la seva filla de sis anys a Coll de Nargó. La causa encara està pendent de qualificar-se entre un homicidi o un assassinat, segons ha informat aquest dimarts el Tribunal Superior de Justícia de Catalunya (TSJC). La dona, de 46 anys, va ser detinguda el 10 de novembre a Coll de Nargó per la mort de la seva filla. Els Mossos buscaven la mare i la filla després que uns familiars presentessin una denúncia a la policia andorrana, ja que eren originàries de Sant Julià de Lòria, segons confirmen fonts policials. Aquesta denúncia es va presentar dijous i es va començar a tenir la sospita que podrien haver travessat la frontera fins a territori català. Des d'un inici es va qualificar la desaparició de crítica, perquè es considerava que la mare podria tenir algun problema de salut mental.;Successos
Detenen una dona a Coll de Nargó acusada de matar la seva filla;https://www.ara.cat/societat/successos/detenen-dona-coll-nargo-acusada-matar-seva-filla_1_5196678.html;09/11/2024;BarcelonaUna dona de 46 anys ha estat detinguda aquest dissabte a Coll de Nargó (Lleida) per la mort d'una menor que, tot i que encara està pendent d'identificar, segons les primeres investigacions seria la seva pròpia filla, ha avançat aquesta nit el diariSegrei ha confirmat l'ARA. Mare i filla van ser denunciades com a desaparegudes aquest divendres a la comissaria de la Seu d'Urgell, cosa que va activar un dispositiu de recerca que ha culminat amb l'arrest de la dona i amb la troballa del cos de la menor. Segons ha pogut saber l'ARA, durant el dispositiu de cerca els Mossos van trobar la mare en una zona boscosa, i no gaire lluny d'allà van trobar el cadàver de la filla.;Successos
Nou ferits en un atropellament múltiple a Nou Barris;https://www.ara.cat/societat/barcelona/conductor-perd-control-atropella-set-persones-nou-barris_1_5196293.html;09/11/2024;BarcelonaEnsurt al districte de Nou Barris. Aquest dissabte a la tarda, el conductor d'un cotxe ha perdut el control del vehicle i ha atropellat set persones. A conseqüència dels fets hi ha hagut nou ferits, un d'ells crític. Fonts municipals han explicat a l'ARA que els fets han passat cap a les 18.19 h a prop del número 184 del passeig de Fabra i Puig. Segons les mateixes fonts, l'home hauria perdut el control del vehicle per un problema de salut, s'hauria enfilat a la vorera i hauria atropellat set persones. Un dels ferits es troba en estat crític, mentre que quatre persones més han resultat ferides greus, tres menys greus i una ha patit ferides lleus.;Successos
Quatre monjos ferits per un atacant en un convent de València;https://www.ara.cat/societat/successos/frare-mort-tres-ferits-despres-l-atac-d-home-valencia_1_5196159.html;11/11/2024;BarcelonaUn frare del convent de Sant Esperit de la Muntanya, ubicat a la localitat valenciana de Gilet, ha resultat ferit crític aquest dissabte després que un home hagi atacat diversos religiosos. Segons la Guàrdia Civil, després de saltar la tanca del monestir, l’home hauria agredit set dels religiosos que hi havia dins, un dels quals primer ha estat donat per mort i posteriorment s'ha informat que estava crític. A hores d'ara l'institut armat continua buscant l'agressor, que podria estar amagat a la muntanya propera al convent. Segons ha relatat a Efe un dels frares ferits, l'agressor és un home blanc, d'entre 30 i 40 anys i robust que podria patir alguna mena de malaltia mental. Abans de fugir en direcció a la muntanya, l'home va utilitzar diversos pals i una ampolla per cometre l'assassinat i ferir els altres religiosos mentre cridava que ell era Jesucrist i els mataria. El mateix frare ha explicat que no saben com va poder entrar al convent, ja que aquest dissabte el petit hostatge que hi ha estava tancat.;Successos
Detingut un home a Barcelona per apunyalar el seu fill menor d'edat;https://www.ara.cat/societat/successos/detingut-home-barcelona-apunyalar-fill-menor-d-edat_1_5196013.html;09/11/2024;BarcelonaEls Mossos d'Esquadra han detingut aquest dissabte a la matinada un home per presumptament haver apunyalat el seu fill menor d'edat a Barcelona. La policia catalana ha rebut un avís al voltant d'un quart de quatre de la matinada perquè se sentien crits en un domicili, al barri de la Font d'en Fargues, al districte d'Horta-Guinardó. Quan els agents han arribat al lloc dels fets han trobat el menor –que té 11 anys– ferit greu i han detingut el pare, que s'hauria intentat suïcidar saltant pel balcó, però que no hauria patit ferides greus. El menor ha estat traslladat a l'Hospital Vall d'Hebron, mentre que el pare està detingut.;Successos
Mor una nena de dos anys oblidada pel seu pare a l'interior d'un cotxe a Castelló;https://www.ara.cat/societat/successos/mor-nena-anys-oblidada-pel-pare-l-interior-d-cotxe-castello_1_5193152.html;06/11/2024;BarcelonaUna menor de dos anys ha mort aquest dimarts després que el seu pare la deixés oblidada durant cinc hores al cotxe aparcat a la ciutat de Castelló, segons ha avançat el diariMediterráneo.La Policia Nacional investiga l'home, de 43 anys, per un presumpte homicidi involuntari. Segons el relat del mateix progenitor, aquest dimarts tots dos van sortir de casa a bord del cotxe per dirigir-se primer a l'escola bressol de la petita i després cap a la seva feina. Però en lloc d'això, l'home es va adreçar directament al seu lloc de treball, va aparcar i va deixar la filla asseguda en una cadireta infantil al seient del darrere.;Successos
Què hi ha darrere el sorprenent augment de delictes al Montsià i als Pallars?;https://www.ara.cat/societat/successos/hi-darrere-sorprenent-augment-delictes-montsia-als-pallars_1_5181246.html;26/10/2024;"BarcelonaHi ha dos territoris separats per més de 200 quilòmetres en dos extrems de Catalunya que comparteixen una característica que pot sorprendre: el Montsià i els Pallars lideren el rànquing les Àrees Bàsiques Policials (ABP) dels Mossos d'Esquadra on creixen més els delictes. Concretament, al Montsià és on va pujar més la delinqüència el 2023, amb un augment del 28,1%, i al Pallars van augmentar un 20,4%. ""Crec que la gent s'ha despertat tard de la pandèmia"", explica el sotsinspector Guillem Roig, cap de l'ABP del Montsià, que vigila un territori on viuen unes 70.000 persones. És a dir, que l'augment de delictes previst després de la covid no va arribar el 2022, sinó el 2023. ""L'any passat va ser complicat"", admet el policia. Detecten que sobretot han pujat els delictes contra el patrimoni i contra les persones. De 792 furts, s'ha passat a 953; de 609 estafes, a 1.086; de 286 delictes de lesions, a 330. En total, de 3.500 delictes a 4.500.";Successos
Els lladres (i traficants) que van reproduir l'última escena de 'La Casa de Papel';https://www.ara.cat/societat/successos/lladres-traficants-reproduir-l-ultima-escena-casa-papel_1_5182007.html;26/10/2024;BarcelonaGorra, granota de treball i a repartir. Aquesta va ser la disfressa que va escollir el Professor,deLa Casa de Papel, la mundialment coneguda sèrie sobre robatoris, per fugir del magatzem on s'amagava amb tot el botí. Uns minuts abans havien sortit tots els membres de la banda, també disfressats: un de patinador, uns altres de matrimoni benestant amb un fill nounat, una altra dexonique anava a fer la compra... i va funcionar a la perfecció. Segurament de manera inconscient, una banda de lladres assentada a Catalunya aplicava la mateixa tècnica: entraven a domicilis i empreses i marxaven, cadascú pel seu compte, disfressats. Gorra, granota de treball i a escapolir-se de la policia. Aquest dimarts, els Mossos d'Esquadra van fer un operatiu per acabar amb una banda de lladres i traficants de marihuana molt activa al país. Se'ls imputen fins a 27 robatoris. La policia va practicar sis detencions, sis homes d'entre 25 i 39 anys que ja han ingressat a presó provisional. Fonts policials comenten amb estupefacció la gran quantitat de mesures de seguretat que prenien, una de les quals era amagar-se als boscos per acabar-ne sortint al més pur estil deLa Casa de Papel.;Successos
L'home raptat a Barcelona per encaputxats és l'opositor algerià Hichem Aboud i l'han alliberat a Sevilla;https://www.ara.cat/societat/successos/l-home-raptat-barcelona-encaputxats-l-opositor-argelia-hichem-aboud-l-han-alliberat-sevilla_1_5176440.html;21/10/2024;BarcelonaLa Guàrdia Civil ha alliberat a Andalusia l'home quedijous a la nit va ser raptat per la força a la zona alta de Barcelona, segons ha pogut saber l'ARA. La víctima és Hichem Aboud, un popular escriptor i periodista algerià que ha exercit al llarg de la seva trajectòria d'opositor del règim d'aquest país. Els fets van passar al carrer de Raset, al barri de la Bonanova, cap a les 23.30 hores, quan tres encaputxats van assaltar-lo i se'l van emportar en un Range Rover negre de grans dimensions. La darrera pista que els Mossos tenien del vehicle és que anava en direcció a Tarragona i van activar els mecanismes de coordinació policial amb la descripció del cotxe. Segons ha pogut saber l'ARA, divendres la Guàrdia Civil va localitzar Aboud a Lebrija, una petita ciutat de la província de Sevilla. La policia va aconseguir alliberar la víctima i detenir dues persones. Segons fonts de la Guàrdia Civil, els agents van aconseguir alliberar Aboud quan l'estaven a punt de fer pujar a una llanxa al riu Guadalquivir, molt a prop de Lebrija. La Guàrdia Civil pensava que era un desembarcament de droga, però era una detenció il·legal. El van trobar lligat, però en bon estat de salut. Els agents van detenir dues persones. Aboud va publicar un llibre molt crític amb les autoritats algerianes que s'ha convertit en un clàssic,La mafia des généraux(La màfia dels generals, en francès), on denuncia el funcionament de l'estructura de poder en aquest país nord-africà. De 69 anys, des del 1997 viu exiliat a França.;Successos
Tiren un còctel Molotov a un restaurant ubicat als baixos de l'Ateneu Barcelonès;https://www.ara.cat/societat/successos/llancen-coctel-molotov-restaurant-ubicat-l-ateneu-barcelones_1_5172306.html;16/10/2024;"BarcelonaEls Mossos d'Esquadra investiguen un acte vandàlic que ha tingut lloc aquesta nit a Barcelona. Segons ha pogut saber l'ARA, cap a les tres de la matinada algú ha trencat el vidre del restaurant ubicat als baixos de l'Ateneu Barcelonès, que es gestiona de manera externa a l'entitat, i ha tirat un còctel Molotov a dins. L'artefacte incendiari anava dins d'una ampolla de vidre d'aigua amb gas. Tot i que no hi ha hagut danys considerables, sí que s'ha socarrimat part d'una taula i de la barra. Segons el director del local, també s'han cremat algunes pissarres. El conserge i també alguns veïns han avisat la policia i els Bombers, si bé el foc s'ha acabat autoconsumint. Segons fonts consultades per l'ARA, aquest incident s'emmarcaria en un conflicte laboral del restaurant. El restaurant ja ha denunciat els fets i l'Ateneu també ho ha fet, ja que l'edifici és propietat seva. Segons fonts de l'entitat, no és la primera vegada que aquest restaurant pateix un acte vandàlic d'aquesta mena. ""Des que hi ha els nous propietaris hi passen coses estranyes"", admeten fonts de l'entitat, i situen aquest canvi un parell d'anys enrere.";Successos
“Cinquanta anys després encara puc sentir l’olor de la pell cremada dels miners”;https://www.ara.cat/societat/successos/cinquanta-anys-despres-encara-sentir-l-olor-pell-cremada-dels-miners_130_5166524.html;12/10/2024;"BarcelonaEl 3 de novembre de 1975 és una data que ha quedat marcada per sempre en la memòria de les famílies mineres del Berguedà i que ha traspassat generacions. Una ferida oberta que aquesta setmana el documentalGrisú, la tragèdia de Fígols, de Manuel Pérez i emès pelSense ficcióde 3Cat, ha fet tornar a sagnar. Poc després de l'inici del torn de matí a la mina de la Consolació de Fígols una explosió de grisú, un gas que es desprèn del carbó, va posar fi a la vida de trenta miners de la comarca. Aquell dia Pere Andrés Díaz s'havia llevat a les cinc del matí, com sempre que li tocava el torn de matí, i havia agafat un dels quatre autobusos que sortien de Berga carregats de miners per portar-los fins a Sant Corneli, des d'on entraven a la mina. ""Vam pujar com sempre xerrant i fent broma –explica–, no ens podíem imaginar que alguns companys no els tornaríem a veure mai més"".";Successos
El cap de personal d'Autocars Plana va entregar una suspensió de sou i feina al xòfer abans de l'agressió mortal;https://www.ara.cat/societat/successos/preso-xofer-d-autocars-plana-mort-cap-personal-discussio_1_5165710.html;10/10/2024;BarcelonaUn home de 47 anys ha mort aquest dimecres a l'hospital després de ser agredit divendres passat per un altre home de 46 anys, que ja es troba en presó preventiva al Catllar, a Tarragona. Segons fonts consultades per l'ARA, la víctima exercia funcions de responsable de personal de l'empresa Autocars Plana i el presumpte agressor era un xòfer de la mateixa companyia. Segons fonts properes a la víctima, aquell dia li havia d'entregar al conductor una suspensió de 15 dies de sou i feina per una agressió que havia tingut lloc uns mesos abans a un altre treballador de l'empresa. Les mateixes fonts relaten que hi ha un vídeo i també testimonis que descriuen el que va passar: el conductor va arribar amb l'autocar i va aparcar-lo a la seu de l'empresa. La víctima va baixar a entregar-li la suspensió i el xòfer va respondre, sense intercanviar paraula, amb un fort cop amb la mà oberta contra la cara del cap de personal. Després la víctima va caure a terra i es va donar un altre cop al cap. Tot i que estava conscient, els Mossos d'Esquadra li van recomanar anar a l'hospital. El mateix divendres la policia va detenir el conductor per l'agressió. Segons fonts de l'entorn de la víctima, el presumpte autor va passar per davant de la víctima quan estava a terra, sent atesa pels serveis mèdics, i no es va immutar.;Successos
Roba rosa i un tatuatge hindú: crida de la Interpol per identificar quatre dones mortes a Catalunya;https://www.ara.cat/societat/successos/roba-rosa-tatuatge-hindu-crida-interpol-identificar-quatre-dones-mortes-catalunya_1_5164021.html;08/10/2024;BarcelonaIdentify meés la campanya impulsada per l'Organització Internacional de Policia Criminal (Interpol) per identificar dones que van aparèixer mortes en circumstàncies sospitoses els darrers anys a tot Europa. Són 46 cadàvers que encara no tenen noms ni cognoms, i quatre d'aquests van aparèixer a Catalunya, que per primer cop entra dins d'aquesta campanya. L'any passat la iniciativa ja va donar resultats: es va resoldre un cas de l'any 1992. El juny d'aquell any van descobrir un cadàver amb signes de violència a Anvers. Ningú sabia qui era. La incògnita es va resoldre el maig del 2023 gràcies aIdentify me, que crea reconstruccions facials de les víctimes. Aleshores, algú va trucar dient que la víctima era familiar seva. Es deia Rita Roberts, tenia 31 anys i era de Cardiff. Totes les víctimes es poden localitzaren aquest enllaç. La Interpol també intenta posar nom a quatre víctimes que van aparèixer a Catalunya. El primer cas es remunta a l'any 1999. A l'habitació d'un hotel de Premià de Mar, al Maresme, van trobar una dona d'entre 23 i 25 anys morta. Estava despullada, tenia les mans lligades i diversos signes de violència pel cos. Ningú sabia ni com es deia ni d'on era. Feia 1,70 metres d'alçada i tenia els ulls blaus. Sí que se sap que s'allotjava a l'hotel amb un home blanc, d'entre 25 i 30 anys i d'1,65 a 1,70 cm d'alçada. Tenia els cabells ondulats i pentinats cap enrere. Segons diversos testimonis, parlava francès i anglès i la parella podria haver vingut de Ginebra o d'una ciutat a uns 10 km amb la paraulavilleal seu nom. És tot el que se sap d'aquest cas i la Interpol demana la col·laboració ciutadana per identificar la víctima i trobar l'assassí.;Successos
Els Mossos reforçaran l’aeroport del Prat amb un centenar més d’agents;https://www.ara.cat/societat/successos/mossos-reforcaran-l-aeroport-prat-centenar-mes-d-agents_1_5160123.html;04/10/2024;BarcelonaLa dada publicada fa un mes per aquest diari parlava per si sola: en una dècada els robatoris a l'aeroport del Prat s'han multiplicat per deu. I en només sis mesos del 2024 (del gener al juny) ja s'havien registrat més delictes contra el patrimoni que en tot el 2013, el 2014 i el 2015 junts. Detectada la complicada situació en una de les principals infraestructures del país, els Mossos d'Esquadra s'estan posant les piles a l'aeroport i en les pròximes setmanes, si res no es torça, hi haurà un augment del 50% dels efectius destinats a l'aeròdrom, segons ha pogut saber l'ARA. A hores d'ara hi ha uns 200 efectius de la policia catalana adscrits a l'aeroport, tot i que aquesta dada no té en compte els agents d'altres especialitats que també tenen seu al Prat. És el cas de les unitats d'ordre públic, que sempre hi són presents però no es comptabilitzen com a efectius destinats permanentment a l'aeroport. Si comptéssim totes les unitats, la xifra d'efectius ascendiria a 300, segons fonts dels Mossos. L'objectiu, doncs, és que en les pròximes setmanes acabin arribant un centenar d'agents més a l'aeroport. És la intenció de la direcció dels Mossos i, si res no canvia, serà una realitat a mitjan novembre. Una data clau serà la finalització de la Copa Amèrica de vela, ja que destensarà el cos policial i permetrà que una gran part d'aquesta bossa d'agents arribin al Prat, fins a la meitat de tots els agents previstos. Es preveu que abans que comenci el desembre tots els nous efectius ja estiguin al Prat.;Successos
"""Revisa les portes"": els lladres que provaven sort a tots els pisos d'un bloc amb marcadors";https://www.ara.cat/societat/successos/revisa-portes-lladres-provaven-sort-tots-pisos-d-bloc-marcadors_1_5156549.html;01/10/2024;"BarcelonaUn marcador sol ser un fil prim de cola o un trosset de plàstic, gairebé imperceptible a simple vista, que els lladres col·loquen a les portes d'un domicili. Hi tornen al cap d'uns dies i l'observen. Si el marcador segueix intacte vol dir que ningú ha entrat en aquella casa. És a dir, tenen via lliure per robar-hi. Per això els Mossos insisteixen que ""cal revisar les portes"" per evitar que bandes com la que la setmana passada van desarticular entrin a casa teva. Els investigadors de la policia expliquen que només observant la tècnica amb la qual uns lladres han entrat en una casaja saben de quina banda es tracta. Els grups albanesos, per exemple, són escaladors que pugen pels patis interiors i les bandes georgianes solen utilitzar la tècnica dels marcadors per després acabar forçant la porta. L'últim operatiu dels Mossos per lluitar contra els robatoris amb força (n'hi ha una cinquantena a Catalunya cada dia) ha posat fi precisament a una banda de georgians especialitzada en marcadors. Les detencions van ser el 26 de setembre a l'Hospitalet de Llobregat i a Santa Coloma de Gramenet: la policia va arrestar cinc homes i una dona d'entre 24 i 51 anys. Entre tots, segons fonts policials, sumen 22 antecedents. Vivien a la rodalia de Barcelona, però actuaven a la capital catalana. Sobretot, a l'Eixample.";Successos
Armes requisades i un clan expulsat del barri: el tiroteig de Nou Barris acaba amb set detinguts;https://www.ara.cat/societat/successos/dispositiu-dels-mossos-detenir-presumptes-autors-d-tiroteig-nou-barris_1_5155346.html;30/09/2024;BarcelonaEls Mossos d'Esquadra han engegat aquest dilluns a la matinada un dispositiu per detenir els presumptes responsables d'untiroteig de principis d'abril al districte de Nou Barrisde Barcelona. L'operació s'ha tancat amb set detinguts i s'han requisat diverses armes, segons ha pogut saber l'ARA. Aquell dia es van disparar una desena de bales a plena llum del dia al carrer Góngora, al barri de Verdum, a tocar d'una escola. Una d'aquestes bales va impactar contra un home, que va resultar ferit greu, mentre que altres van anar contra el vidre d'un taxi i un bar. Amb el temps, la policia ha comprovat que el ferit estava implicat en el tiroteig i no era un vianant que passava per allà. Les indagacions de la Divisió d'Investigació Criminal (DIC) dels Mossos de Barcelona han durat cinc mesos i han permès localitzar i detenir els suposats responsables. La policia catalana ha fet sis entrades i escorcolls, cinc a la capital catalana i un a Palau-solità i Plegamans (Vallès Occidental). En total, s'han detingut set persones, sis de les quals estarien implicades directament en el tiroteig i una setena que tenia una ordre de detenció pendent. Segons fonts consultades per l'ARA, el detonant del tiroteig va ser un enfrontament entre clans d'ètnia gitana que vivien al mateix barri. La investigació policial apunta que tant el ferit com els homes que el perseguien van detonar armes de foc. L'objectiu de la policia, doncs, era trobar els implicats i les armes.;Successos
"Una nit buscant armes blanques: ""Saben que anem darrere les navalles i ara afilen forquilles""";https://www.ara.cat/societat/successos/nit-buscant-armes-blanques-anem-navalles-ara-afilen-forquilles_130_5153831.html;28/09/2024;"BarcelonaL'escena és una bona metàfora del Raval de Barcelona. Una escena fotografiada per dos agents de la Guàrdia Urbana vestits de carrer. Es fan una selfie després de detenir un lladre i requisar-li una arma blanca. Pel darrere, treu el cap un home sense llar fent ganyotes. Els policies ho veuen i somriuen. Es coneixen de tantes hores patrullant, de la mateixa manera que es coneixen un altre agent i un altre sensesostre que conversen un metre més enllà. L'home porta bosses i una roda de bicicleta. El policia li pregunta per la dona. Està bé. Un gir de guió canvia l'escena afable per una d'acció frenètica. Un home comença a córrer. Els agents esprinten darrere seu. Les llums blaves i les sirenes dels cotxes patrulla comencen a inundar els carrers de Ciutat Vella. A l'hotel de quatre estrelles Barceló Raval, el fons de la selfie inicial, les llums són de discoteca i la banda sonora és música electrònica. S'hi celebra una festa. Ha estat un debut intens per al primer dia de dispositiu a Barcelona per lluitar contra les armes blanques,anunciat la setmana passada per la conselleria d'Interiori que l'ARA ha pogut seguir des de dins. Ja és mitjanit. Una hora abans, una de les sales de la comissaria de Ciutat Vella està plena a vessar. Agents dels Mossos, de la Urbana, de la policia marítima i treballadors de seguretat privada assisteixen a un brífing que pren forma d'arenga. Com la d'un vestuari abans d'un partit. L’objectiu és ""requisar totes les armes blanques"". I fer-ho sense faltes, ""amb total respecte"". I hi ha brometes per destensar, com dir que un mosso s'assembla molt a un altre. Tothom riu. Tot per acabar emmarcant el terreny de joc: controls a les zonesamb més presència de navalles. És a dir, al front marítim, al Paral·lel, a Maria Cristina, al Raval... Una selecció vinculada a l'oci nocturn. ""Avui busquem armes, no delinqüents"", afirma l'intendent dels Mossos Rafa Tello, un dels caps de l'operatiu juntament amb la intendent de la Urbana Begoña Alday.";Successos
Neutralitzat amb un tret un home per obrir foc contra els Mossos a Reus;https://www.ara.cat/societat/successos/neutralitzat-trets-home-obrir-foc-mossos-reus_1_5149875.html;24/09/2024;BarcelonaEls Mossos d'Esquadra han neutralitzat amb un tret un home que aquesta matinada ha obert foc contra dos agents que sortien de la comissaria de Reus. L’home, de 52 anys, ha ingressat a l’hospital i està detingut per un delicte d'atemptat contra els agents de l'autoritat. Cap agent ha resultat ferit, tot i que una bala (més tard s'ha comprovat que era un balí) ha impactat contra l'armilla antibales d'un dels efectius. La policia ja ha descartat que darrere d'aquest atac hi hagi una motivació terrorista. Tot es remunta a aquest dilluns a la nit, al voltant de les 22.30 hores, quan aquest home s'ha presentat a la comissaria de Reus dient que volia autolesionar-se i que volia que el matessin. La reacció dels agents ha sigut trucar a l'ambulància, que l'ha traslladat a un centre psiquiàtric. Tres hores després, però, l'home ha tornat a la comissaria alterat i els mossos de guàrdia l'han aconseguit calmar.;Successos
Detingut el rector de Camprodon per conduir begut i fugir després de causar un accident;https://www.ara.cat/societat/successos/detenen-capella-camprodon-conduir-begut-fugir-despres-causar-accident_1_5148952.html;23/09/2024;BarcelonaEls Mossos d'Esquadra han detingut el rector de Camprodon, de 45 anys, per conduir begut i fugir després de causar un accident de trànsit. Els fets van tenir lloc divendres, 20 de setembre, al vespre a la carretera C-17 a Orís (Osona) en direcció Ripoll. Segons ha avançat el9 Noui ha pogut confirmar l'ARA, el capellà hauria envestit amb el seu cotxe un altre vehicle, que va acabar bolcant, i després va marxar del lloc. Arran de l'accident, dos joves de 22 i 25 anys del Ripollès que viatjaven a l'altre cotxe van resultar ferits lleus i van ser traslladats a l'Hospital de Vic. Pel que fa al rector, va continuar la marxa uns 9 km, però va haver d'aturar-se perquè tenia una roda malmesa per l'impacte. Va ser llavors quan un agent de la Guàrdia Urbana de Barcelona fora de servei el va interceptar i va avisar als Mossos. Els efectius de la policia catalana van veure que el capellà presentava símptomes d'anar begut. Li van fer la prova d'alcoholèmia i gairebé quadruplicava la taxa permesa: va marcar 0,94 mg/l quan el màxim són 0,25 mg/l. Segons fonts policials consultades per l'ARA, el rector té més d'un antecedent policial per donar positiu en alcoholèmies anteriors. Cap d'elles, a diferència d'aquesta, va superar el límit penal.;Successos
La meitat dels crims dels últims cinc anys a Catalunya s'han comès amb armes blanques;https://www.ara.cat/societat/successos/meitat-dels-crims-dels-ultims-cinc-anys-catalunya-s-han-comes-armes-blanques_130_5146235.html;22/09/2024;BarcelonaUna arma blanca pot ser moltes coses. Pot ser un matxet o un ganivet gran que no arriba a la mida d'una espasa. Aquesta és exactament l'arma que va matar un home a Verges el juliol del 2022, quan volia separar dues persones que discutien en un bar. També pot ser un ganivet de cuina, com el que va agafar un intern de la presó de Mas d'Enric l'abril d'aquest anyper assassinar la cuinera del centre. O pot ser una navalla, l'arma homicida d'un dels crims més tristos de l'any,quan un pare va matar el fill de cinc anys i va ferir la mare a Bellcaire d'Empordà, el 3 d'abril. Tots aquests objectes tenen en comú que són esmolats, de metall i que poden arribar a ser molt perillosos, fins al punt de causar la mort. Ho demostra una dada: en els últims cinc anys, més de 160 persones han mort a causa de les armes blanques a Catalunya. D'armes blanques n'hi ha hagut sempre, però els últims mesos s'han situat al centre de la polèmica. En aquest cas, la sensació d'inseguretat a l'alça no és simplement una sensació, ja que les dades són preocupants i demostren que es requisen més navalles que mai –un increment lligat també a una activitat policial més intensa– i previsiblement aquest any se superarà el rècord de més incidents amb una arma blanca implicada. Ara mateix el ritme és de 10 al dia. Això ha portat la conselleria d'Interior aexecutar un nou pla que preveu més controls amb detectors de metall. Els investigadors dels Mossos relacionen sovint aquest auge amb un augment generalitzat de l'agressivitat. Hi ha més homicidis (l'any passat n'hi va haver 69, una xifra rècord) i també creixen els delictes de lesions i les temptatives d'assassinat. I en aquests contextos delinqüencials les armes blanques hi són molt presents.;Successos
Un nen de 12 anys apunyala sis companys en una escola a Portugal;https://www.ara.cat/internacional/europa/nen-12-anys-apunyala-sis-companys-escola-portugal_1_5143420.html;17/09/2024;Un nen de 12 anys ha apunyalat amb un ganivet sis companys en una escola de la localitat portuguesa d'Azambuja, que forma part del districte de Lisboa. El coronel de la Guàrdia Nacional Republicana d'Azambuja (GNR) Fernando Lisboa ha explicat que les víctimes són nens d'entre 11 i 14 anys. Cinc d'ells han resultat ferits lleus, i un està greu.;Successos
Dos detinguts pel tiroteig mortal de Font de la Pólvora, però l'autor continua fugit;https://www.ara.cat/societat/successos/detinguts-pel-tiroteig-mortal-font-polvora-l-autor-continua-fugit_1_5143039.html;17/09/2024;BarcelonaEls Mossos d'Esquadra han detingut dos homes per la seva presumpta relacióamb el tiroteig mortal de Sant Joan al barri de la Font de la Pólvora de Girona, que va posar fi a la vida d'un home de 48 anys i una dona de 44. Les dues víctimes eren cunyats i estaven celebrant la revetlla plegats. Els pistolers van ser dos homes: un amb un kalàixnikov (es considera l'autor material del crim) i un altre amb una arma curta, que van fugir després d'obrir foc. El detonant de tot va ser una discussió infantil entre dues menors per un mòbil. Han passat més de 80 dies d'aquest tiroteig i no hi havia rastre dels autors. De moment, encara no n'hi ha del principal sospitós, l'home amb antecedents per tràfic d'armes que va prémer el gallet de la metralleta kalàixnikov. Aquest dimarts, dos homes de 23 i 26 anys s'han presentat a la comissaria dels Mossos de Girona i, acompanyats dels seus advocats, s'han acabat entregant. Segons fonts consultades per l'ARA, cap dels dos és el presumpte autor material del crim, que continua fugat. Els ja detinguts són els cunyats del fugitiu. Amb tot, han quedat detinguts per la seva suposada implicació en el crim. Ara els Mossos investiguen el seu rol i si, per exemple, van ajudar el fugitiu a fugar-se. Precisament per això, els Mossos no donen la investigació per tancada i no descarten noves detencions. La majoria dels implicats estan identificats, però no s'ha aconseguit arrestar-los. La discussió entre les dues menors va desembocar en una nova discussió entre les mares, que van arribar a les mans. Finalment, va entrar en joc el pistoler (el pare d'una de les nenes), que va obrir foc amb la metralleta.;Successos
Quatre presumptes traficants detinguts per matar i enterrar un home a Collserola;https://www.ara.cat/societat/successos/macrodispositiu-dels-mossos-l-area-barcelona-detenir-grup-criminal_1_5142769.html;17/09/2024;BarcelonaEls Mossos d'Esquadra han desplegat a primera hora un macrodispositiu per detenir els presumptes responsables de la mort violenta d'un home el 2023. Darrere d'aquest crim, que no havia transcendit a l'esfera pública fins ara, hi hauria un grup criminal dedicat al tràfic de drogues, sobretot a la marihuana. Segons fonts consultades per l'ARA, aquesta història comença el maig del 2023 a la comissaria de Granollers, quan es tramita la denúncia de la desaparició d'un home. Les primeres hipòtesis dels Mossos van ser que l'home no havia desaparegut de forma voluntària, ja que tenia vinculacions amb aquesta banda. Així que van començar a indagar en aquesta banda criminal, establerta a l'àrea metropolitana de Barcelona. Durant la jornada d'avui s'han practicat quatre detencions i no se'n descarten més. L'agost d'aquest any, la investigació ja estava avançada, però una troballa a Collserola ho va accelerar tot encara més. En una zona boscosa de les Planes, un home va localitzar un cadàver enterrat. Al cap d'uns dies va arribar la confirmació: era l'home desaparegut ara fa un any. Tota la investigació l'està portant la Unitat Central de Persones Desaparegudes.;Successos
Aquesta és la ciutat catalana on creixen més els delictes;https://www.ara.cat/societat/successos/aquesta-ciutat-catalana-creixen-mes-delictes_1_5136751.html;10/09/2024;BarcelonaEl Prat de Llobregat continua sent la ciutat catalana on creixen més els delictes, segons el balanç de criminalitat del ministeri de l'Interior corresponent al segon trimestre del 2024. Concretament, els delictes creixen un 55,7%: de 3.900 el primer trimestre del 2023 a gairebé 6.000 el mateix període del 2024. L'augment no és una novetat (ja lideraven el rànquing del primer trimestre i fa anys que ho fan) i des del consistori sempre assenyalen el mateix detonant: el ministeri suma els delictes comesos a l'aeroport del Prat a la totalitat dels registrats al municipi, i això fa que la xifra creixi molt. Encara més en un context d'augment sostingut de delictes a l'aeroport,ja que tal com va explicar l'ARAels robatoris s'han multiplicat per deu en una dècada. Això també explica que a la ciutat del Prat els delictes que pugen més siguin contra el patrimoni: gairebé s'han doblat les sostraccions de vehicles i creixen un 76% els furts. L'Ajuntament, que fa temps que demana al ministeri aïllar la variable de l'aeroport, calcula que si s'acabés fent els delictes a la ciutat es reduirien a la meitat. Per tant, el lideratge en negatiu del Prat d'aquest rànquing té un asterisc i la segona posició l'ocupa Ripollet, on creixen un 44,4% els delictes. De fet, el primer trimestre d'enguany aquesta ciutat de 38.000 habitants del Vallès Occidental també era la segona en què més pujaven els delictes. A Ripollet han passat de 500 delictes el segon trimestre del 2023 a 732 el mateix període del 2024. Sobretot, pugen els furts (+42%) i els robatoris amb força a domicilis (+46,9%). La tercera posició del rànquing l'ocupa Manlleu, a Osona, amb un augment del 41,8%, seguit de Palafrugell (+39%) i Salou (+22,2%). El rànquing en positiu (allà on es redueixen més els delictes) el lidera Banyoles, amb una baixada del 27%, seguit d'Esparreguera (-20,4%) i Viladecans (-12,1%). En canvi, a Barcelona ciutat els delictes es queden pràcticament igual: passen de 80.708 a 79.777.;Successos
Santa Coloma de Gramenet pateix una onada de robatoris d'ordinadors a instituts;https://www.ara.cat/societat/successos/santa-coloma-gramenet-pateix-onada-robatoris-d-ordinadors-instituts_1_5130249.html;03/09/2024;BarcelonaL'estiu és un període de risc per a les infraestructures educatives, ja que passen dies i dies tancades amb objectes de valor a dins, com ordinadors o tauletes. Per això, els Mossos fan formacions i donen consells a la majoria de centres per salvaguardar aquests objectes i protegir els accessos abans de cada període vacacional. Amb tot, però, això no sempre aconsegueix prevenir els robatoris i aquest estiu se n'ha registrat una onada a Santa Coloma de Gramenet. Concretament, segons ha avançat TV3 i ha pogut confirmar l'ARA, els Mossos estan investigant quatre robatoris que s'han produït durant els tres mesos d'estiu en quatre instituts diferents de Santa Coloma. L'últim va tenir lloc aquest dilluns a la matinada, just abans que l'Institut Les Vinyes obrís les portes (de moment només als docents). Els lladres s'han aconseguit emportar el botí més gran de tots: uns 400 ordinadors. Tot i això, a hores d'ara, d'aquest últim cas encara no hi ha una denúncia presentada.;Successos
Fins a 200 patinets elèctrics trucats estan retinguts a la comissaria de Santa Coloma de Gramenet;https://www.ara.cat/societat/successos/mor-home-caure-d-patinet-electric-trucat-santa-coloma-gramenet_1_5129133.html;02/09/2024;BarcelonaUn home d'uns 30 anys encara sense identificar ha mort aquest dilluns a la matinada després de caure del seu patinet elèctric, que estava trucat, a Santa Coloma de Gramenet. Els fets han tingut lloc a les 02.41 hores a l'avinguda dels Banús i fonts del consistori confirmen que el patinet estava fora de la normativa. Concretament, estava manipulat perquè arribés a més velocitat. Segons testimonis citats per l'Ajuntament, el conductor estava circulant per sobre dels 25 km/h (la velocitat màxima permesa, segons la direcció general de Trànsit) per la vorera. Al cap de pocs segons, ha perdut el control del patinet i ha caigut a terra. La caiguda li ha causat lesions greus i els serveis d'emergència no han pogut fer res per reanimar-lo. En el moment dels fets, l'home no portava a sobre la documentació i, de moment, no se sap qui és. La Policia Local de la ciutat, que instrueix el cas, ha sol·licitat la realització d'una necroressenya, procediment per escanejar les empremtes del cadàver, que fa l'Institut de Medicina Legal i Ciències Forenses de Catalunya. Si l'home té antecedents policials i ja ha estat fitxat, serà molt més fàcil identificar-lo.;Successos
Llibertat vigilada pel noi de 17 anys detingut per l'atropellament d'un nen de 9 a Avià;https://www.ara.cat/societat/successos/detingut-avia-jove-17-anys-atropellar-menor-nou-anys-troba-critic_1_5128132.html;01/09/2024;BarcelonaFesta major tràgica a Avià, un municipi de 2.250 habitants a la comarca del Berguedà. Els Mossos d'Esquadra han detingut un menor de 17 anys com a presumpte autor de l'atropellament d'un altre menor, de 9 anys, a l'avinguda Pau Casals, al centre del municipi. La víctima, segons fonts policials consultades per l'ARA, es troba en estat crític i tot i que en un principi va ingressar a l'Hospital de Berga, finalment ha estat traslladada a l'Hospital de la Vall d'Hebron a Barcelona. El jove ha passat aquest diumenge a disposició de la Fiscalia de Menors i el Jutjat de Menors 4 de Barcelona ha decretat llibertat vigilada. Els fets van passar dissabte a les onze de la nit, en plena festa major. Concretament, l'avís va arribar a les 22.48 hores: s'havia produït a la via pública un atropellament d'un menor de 9 anys. El carrer on es van produir els fets, l'avinguda Pau Casals, és una de les artèries de la població. Segons la informació que els Mossos van poder recollir de testimonis, el vehicle implicat en l'atropellament, un cotxe, no es va aturar per socórrer la víctima i va fugir. En el moment dels fets, la víctima anava amb patinet.;Successos
Els Mossos detenen l'home que ha disparat dos trets contra un altre a Tarragona;https://www.ara.cat/campdetarragona/mossos-detenen-l-home-disparat-trets-tarragona_1_5124240.html;27/08/2024;TarragonaAquesta matinada s'han produït dues agressions amb armes de foc en pocs minuts de diferència a Tarragona. Els Mossos d'Esquadra investiguen els dos successos, que no estan vinculats entre si. L'agressió més greu s'ha produït a les 0.45 hores al carrer Jaume I de Tarragona, on hi ha hagut una baralla que ha acabat a trets. Un home ha resultat ferit greu i ha estat traslladat inicialment a l'Hospital de Santa Tecla, però després l'han derivat al Joan XXIII. La víctima hauria rebut dos trets de pistola. Els agents han arribat al lloc dels fets alertats pels veïns, que fa temps que denuncien la inseguretat que pateixen, i han pogut detenir l'autor dels trets per un suposat delicte de temptativa d'homicidi, segons fonts policials. El detingut té 35 anys. La investigació, però, continua. Segons sembla, els dos grups que s'han barallat aquesta matinada es coneixien entre si tot i que encara no han transcendit els motius de la disputa. Els agents de l'àrea d'investigació criminal han pogut identificar més persones que han participat en la baralla i no descarten més detencions en les pròximes hores.;Successos
La Fiscalia investiga missatges falsos contra menors migrants arran del crim d'un nen a Toledo;https://www.ara.cat/societat/successos/fiscalia-investiga-missatges-falsos-menors-migrants-arran-crim-d-nen-toledo_1_5119722.html;20/08/2024;"BarcelonaLa Fiscalia està investigant la ""transcendència juridicopenal"" de diferents missatges difosos a través de les xarxes socials contra menors migrants arran de l'assassinat d'un nen d'11 anysel cap de setmana passat a Mocejón, a Toledo. Segons ha informat la unitat de delictes d'odi del ministeri públic, aquests missatges ""criminalitzen de forma generalitzada"" persones estrangeres a través de la difusió de ""mentides"". A més, consideren que van dirigits ""especialment contra menors sense referents familiars a Espanya"" amb el ""propòsit deliberat de despertar sentiments d'odi, hostilitat i discriminació entre la població"". La delegada del govern espanyol a Castella-la Manxa, Milagros Tolón, ha carregat contra ""els sembradors d'odi"" que, a parer seu, ""s'aprofiten d'una desgràcia humana, com és la mort d'un menor, per satisfer tots els seus odis a les xarxes socials"". ""¿Es pot ser més cruel i miserable?"", s'ha preguntat aquest dimarts la representant del govern espanyol, que ha ofert una roda de premsa després de ladetenció d'un jove de 20 anyscom a presumpte autor de la mort del menor.";Successos
Detingut el presumpte autor de l'assassinat d'un nen d'11 anys a Toledo;https://www.ara.cat/societat/successos/detingut-presumpte-autor-l-apunyalament-mortal-d-nen-d-11-anys-parc-toledo_1_5119100.html;19/08/2024;BarcelonaDesprés d'una cerca de més de 24 hores, la Guàrdia Civil ha detingut aquest dilluns el presumpte autorde la punyalada que diumenge va acabar amb la vida d'un menor d'11 anys a Mocejón (Toledo) mentre jugava amb uns amics a futbol. Segons la Delegació del govern espanyol a Castella-la Manxa, l'arrestat és un home de 20 anys de nacionalitat espanyola, que ha confessat el crim davant dels agents que li han pres declaració. De moment, no ha transcendit cap altre detall de la seva identitat, més enllà que la seva família resideix al municipi toledà. Mentre el jutjat que instrueix el cas n'ha declarat el secret de les actuacions, la investigació se centra ara a esbrinar el mòbil del sospitós i també a trobar l'arma homicida. Immediatament després de l'agressió, la Guàrdia Civil havia desplegat un gran dispositiu per pentinar la zona per aconseguir trobar una pista o un indici que pogués conduir a l'agressor, que va fugir de l'escena del crim sense ser identificat, ja que duia la cara tapada i no va parlar en cap moment, segons han explicat testimonis de l'apunyalament. Així, s'han visionat totes les càmeres de trànsit que hi ha repartides per la localitat toledana, les de comerços i les que envolten el poliesportiu on es va produir la mort. A més, un veí també ha ofert les imatges enregistrades a l'exterior de casa seva, on s'apreciava el sospitós després de l'agressió mortal, segons informa la premsa local.;Successos
Mor apunyalat un nen d'11 anys en un parc a Toledo;https://www.ara.cat/societat/successos/mor-apunyalat-nen-10-anys-parc-toledo_1_5118279.html;19/08/2024;"BarcelonaUn nen d'11 anys va morir apunyalat diumenge al matí a Mocejón, a Toledo. Segons han explicat a Efe fonts de la Delegació del govern espanyol a Castella-la Manxa, el nen va ser agredit amb un objecte punxant al voltant de les 10 del matí al camp de futbol del poble. Tot i que en un primer moment es va dir que el nen tenia 10 anys, fonts de la investigació van precisar més tard que en tenia 11. En declaracions als mitjans de comunicació, un cosí de la víctima va explicar que el noi estava jugant a futbol amb els seus amics quan un encaputxat el va atacar. Segons el mateix testimoni, la família està ""en xoc"" i no sospita qui pot haver comès aquesta ""atrocitat"". La Guàrdia Civil va activar una operació d'encerclament i va desplegar un ampli dispositiu amb una desena de patrulles i un helicòpter per localitzar l'autor dels fets. De moment, l'agressor no ha estat detingut i la policia continua la seva recerca. A hores d'ara, encara es desconeix la seva motivació ni si és major d'edat. El cas el porta el jutjat d'instrucció número 3 de Toledo, que ha decretat el secret d'actuacions.";Successos
Un miler de robatoris de coure a la xarxa de tren de Catalunya en 15 anys;https://www.ara.cat/societat/successos/miler-robatoris-coure-xarxa-tren-catalunya-15-anys_1_5116719.html;16/08/2024;BarcelonaEls robatoris de coure formen part del dia a dia de Catalunya. La mobilitat arreu del país és la gran damnificada d'aquests saquejos i ara s'ha pogut conèixer que les sostraccions a les vies del tren s'eleven fins a gairebé un miler des de l'any 2010, segons dades dels Mossos d'Esquadra sol·licitades per l'ACN. Entre el gener i maig d'aquest 2024 ja s'han comptabilitzat més casos (52) que en qualsevol any sencer des del 2016 fins al 2022. L'únic any que el supera va ser el 2023, que va registrar un repunt de 92 fets delictius. Segons Adif, la majoria s'expliquen per les moltes obres que s'estan duent a terme a la xarxa catalana, ja que la major part de robatoris tenen lloc en punts que són més accessibles. A més, aquest increment de casos també s'atribueix a l'encariment del preu del cablejat, que el converteix en un material més valuós per als lladres. Aquest tipus de saquejos són una realitat a l’alça que va molt més enllà del sistema ferroviari, i afecta empreses i obres, majoritàriament. De fet, entre l'abril del 2023 i el març del 2024 hi va haver 5.511 incidents relacionats amb robatoris de coure, un 3,61% més que el mateix període de l'any passat,segons dades dels Mossos d'Esquadra que va poder obtenir l'ARAdesprés del robatori de cable durant les eleccions catalanes que va paralitzar Catalunya. Si bé és cert que només el 3% dels robatoris d'aquest període s'han comès a les vies d'un tren, el 41% dels incidents que hi ha hagut entre l'abril del 2023 i el març del 2024 a Rodalies i a Ferrocarrils de la Generalitat (FGC) han afectat directament la mobilitat.;Successos
Un home ebri exhibeix una arma en un bar de Vic perquè no el volen servir;https://www.ara.cat/societat/successos/home-ebri-exhibeix-arma-bar-vic-perque-no-volen-servir_1_5115570.html;14/08/2024;BarcelonaEnsurt a Vic a plena llum del dia. La Guàrdia Urbana de la capital d'Osona va detenir dimarts al vespre un home de 41 anys per exhibir una arma de foc que podria ser simulada perquè no el volien servir en un bar del passeig de la Generalitat. Segons fonts policials, l'home, que mostrava clars símptomes d'haver begut, va entrar en aquest local i va molestar diversos clients. També va intentar menjar-se els plats d'altres taules i va donar un cop a la propietària de l'establiment quan li va retreure la seva actitud. Amb l'ajuda d'un client va aconseguir fer-lo fora. Però l'home va tornar al bar, i hi va tornar armat. Tal com es pot veure en un vídeo que s'ha viralitzat, el detingut va mostrar una pistola a l'interior del bar i va picar diverses vegades un vidre. Tot i que en la gravació podrien semblar detonacions, fonts policials confirmen que van ser cops, ja que en cap moment va disparar l'arma. Després l'home va sortir al carrer amb la pistola alçada, fet que va provocar el caos immediatament i va fer que diversos vianants arrenquessin a córrer. Passaven pocs minuts de les vuit del vespre, i va ser en aquest moment que la policia va rebre l'avís: un home estava causant aldarulls i anava armat.;Successos
Mor un home a Badalona després de rebre un cop al cap amb un bastó quan li volien robar el mòbil;https://www.ara.cat/societat/successos/robatori-d-mobil-acaba-mort-badalona-despres-agredit-pal-cap_1_5109217.html;06/08/2024;BarcelonaEls Mossos d'Esquadra estan investigant la mort violenta d'un home a Badalona. Els fets es remunten a la tarda de diumenge passat al carrer Indústria de la ciutat, al barri del Gorg. Pels volts de les 18 hores, a plena llum del dia, un grup de tres joves va intentar robar el mòbil de la víctima, tal com apunten fonts policials. De fet, segons les mateixes fonts, diversos veïns van sentir soroll, van sortir al balcó i van ser testimonis directes d'aquesta successió de fets. L'intent de robatori va acabar en una baralla entre dos grups: els tres presumptes lladres i la víctima, que anava acompanyada de dos homes més. Durant el forceig, un dels suposats lladres va agafar un pal de grans dimensions i li va clavar un fort cop al cap a la víctima. Concretament, va agafar un dels pals que s'utilitzen per adreçar els arbres acabats de plantar. La víctima va quedar estesa a terra i sense pols. Després, tal com es pot veure en un vídeo gravat pels veïns al qual ha tingut accés l'ARA, els altres implicats es van continuar barallant a cops de puny i llençant-se ampolles de vidre.;Successos
Endesa desconnecta 16 plantacions de marihuana a la setmana a Catalunya;https://www.ara.cat/societat/successos/endesa-desconnecta-16-plantacions-marihuana-setmana-catalunya_1_5105521.html;01/08/2024;"BarcelonaFins a 425 desconnexions de la xarxa elèctrica d'instal·lacions que alimentaven una plantació de marihuana en sis mesos a Catalunya. És a dir, més de 16 desconnexions a la setmana; més de dos al dia. Aquest és el balanç rècord d'Endesa, que aporta una nova dada a un conflicte a l'alça al país: la proliferació de la marihuana és una de les principals preocupacions dels Mossos d'Esquadra, però també de les companyies elèctriques. Des de gener fins a juny, Endesa ha detectat 11.170 casos de frau elèctric associat a la producció d'aquesta droga a Catalunya, un 30% més que el mateix període de l'any passat. Aquests fraus representen gairebé la meitat (el 42%) de tots els tipus de frau. Són 94,5 quilowatts l'hora defraudats. És ni més ni menys que el consum anual de les llars de tota una ciutat com Girona. Aquest és un conflicte que afecta tot Espanya, però Catalunya lidera la llista negra: de totes les desconnexions vinculades al cànnabis de l'Estat, en territori català se n'han produït el 60%. En aquest sentit, Endesa ha alertat en una nota de premsa que els sistemes de ventilació i il·luminació utilitzats per accelerar el creixement de les plantes funcionen les 24 hores del dia mitjançant connexions il·legals ""que causen estralls"" a la xarxa. Entre d'altres, interrupcions de subministrament o incendis en línies subterrànies o centres de transformació, però també en habitatges.";Successos
"Familiars de les víctimes del tiroteig de Girona reclamen ""justícia"" al carrer";https://www.ara.cat/societat/familiars-victimes-tiroteig-girona-reclamen-justicia-carrer_1_5100548.html;26/07/2024;GironaFa tot just un mes del doble crim de la Font de la Pólvora,on van morir a trets Juan H. i Yolanda H., i els Mossos d’Esquadra encara no han pogut de capturar els responsables dels fets. Els familiars de les víctimes, que durant els primers dies es van dedicar a destrossar les pertinences del pistoler fugat, estan furiosos amb la falta de resultats policials i reclamen a les forces de seguretat que trobin d’una vegada per totes el culpable. Per expressar el seu malestar, una cinquantena de veïns del barri s’han manifestat aquest divendres pels carrers de Girona. Amb una pancarta amb les fotografies del Guillermo, presumpte autor del crim, i dels seus familiars i la paraula “assassins”, han caminat des del barri on van tenir lloc els fets fins a la comissaria dels Mossos de Vista Alegre. Allà, custodiats per furgons de la policia, els manifestants han fet consignes contra els cossos de seguretat al crit uníson de “Volem justícia!”.;Successos
Els detinguts per jihadisme a Catalunya haurien construït més de mil drons per a Hezbollah;https://www.ara.cat/societat/successos/detinguts-jihadisme-catalunya-haurien-construit-mes-mil-drons-hezbollah_1_5092681.html;18/07/2024;"BarcelonaLa Guàrdia Civil va detenir dimarts tres persones a Barcelona i Badalona en una operació contra el terrorisme jihadista dirigida per l'Audiència Nacional. Dos van quedar en llibertat amb mesures cautelars, com ara compareixences periòdiques i retirada del passaport, però un tercerva entrar a la presó. Aquest tercer home, presumptament, col·laborava amb Hezbollah comprant a Espanya “materials susceptibles de ser convertits en armes de guerra que poguessin ser utilitzats contra objectius civils i militars a Israel i a Europa"". Així ho reflecteix la interlocutòria del jutge de l'Audiència Santiago Pedraz, a què ha tingut accés Efe, i en la qual s'estima que el grup va arribar a facilitar la construcció de més de mil drons per a la milícia xiïta libanesa. L'operació liderada per la Guàrdia Civil i la policia alemanya ha desarticulat així una de les estructures logístiques de drons de Hezbollah que operen a Europa. Va començar quan la Guàrdia Civil va detectar la compra de grans quantitats de materials aptes per a la construcció de drons kamikaze, també coneguts com a UAVs (unmanned aerial vehicles, en anglès), per part d'empreses administrades per ciutadans d'origen libanès, segons la interlocutòria. Aquestes aeronaus no tripulades de tipus militar són capaces de transportar càrregues explosives de diversos quilos i per la seva mida petita i el seu perfil de vol baix són més difícils de detectar i, per tant, de neutralitzar, afegeixen fonts policials.";Successos
"La història de la Fàtima, assetjada i segrestada pel seu cosí i exmarit: ""L'únic que demano és viure""";https://www.ara.cat/societat/successos/historia-fatima-assetjada-segrestada-pel-cosi-exmarit-l-unic-demano-viure_1_5085860.html;11/07/2024;"BarcelonaLa Fàtima Asif té 22 anys i viu al barri del Raval de Barcelona. Explica a l'ARA que fa dues setmanes, mentre passejava pel passeig Colom, tres homes la van segrestar a punta de pistola i la van tenir retinguda durant gairebé 24 hores. Aquest segrest no va ser un fet aïllat, sinó que és la punta de l'iceberg d'un calvari que ha viscut des de fa gairebé sis anys. Durant tot aquest temps, la jove d'origen pakistanès ha viscut reiterats maltractaments per part del seu exmarit, que també és cosí seu. ""No vull lluitar més, l'únic que demano és viure"", afirma. Tot va començar el 2018. La Fàtima tenia 17 anys i, després d'uns mesos coneixent el seu cosí, tots dos van demanar als seus pares contraure matrimoni. Aquest no era pas un casament ""obligat"", sinó un de ""pactat"", diu. Fins llavors tot anava bé i res feia pensar que la història faria un gir de 180 graus. Els seus pares van accedir al matrimoni i la Fàtima va viatjar fins al Pakistan per casar-se l'octubre d'aquell mateix any. Ella es va quedar a viure a casa del seu marit i la seva família. L'endemà de la cerimònia tot va canviar: familiars del seu cosí que vivien a Barcelona van trucar-li i li van explicar que la Fàtima, mentre era a Catalunya, sortia de festa, bevia alcohol i havia estat amb altres nois. Ella, però, deixa clar que tot allò és mentida i que res del que li van dir al seu cosí ni tan sols s'aproxima a la realitat. Tot i això, el seu marit no va creure-la i es va enfurismar. ""El segon dia de matrimoni ja em va pegar"", relata.";Successos
El director dels Mossos defensa l'actuació policial durant la destrossa dels pisos del pistoler de Girona;https://www.ara.cat/societat/successos/director-dels-mossos-defensa-l-actuacio-policial-durant-destrosses-dels-pisos-pistoler-girona_1_5076686.html;01/07/2024;"Barcelona""A Catalunya qui la fa la paga"", ha afirmat aquest dilluns el director dels Mossos d'Esquadra, Pere Ferrer, amb relació a les destrosses a tres propietats que el presumpte autor del doble crim de Girona tenia a Figueres a mans d'amics i familiars de les víctimes. L'endemà que el sindicat majoritari d'agents SAP-FEPOLcritiqués durament l'actuació policiali denunciés que el cos ""va entrar en les lògiques de la venjança"" en comptes d'evitar els aldarulls, Ferrer ha defensat la decisió del comandament operatiu de deixar que unes tres-centes persones destrossessin els pisos. ""S'han fet identificacions i s'han obert diligències perquè els autors responguin davant la justícia"", s'ha limitat a dir en declaracions a Catalunya Ràdio. Divendres al vespre una comitiva de cotxes amb familiars deJuan H i Yolanda H, els dos assassinats a trets a Girona, va anar a Figueres per destrossar tres cases als barris de Sant Joan i Culubret. S'havien assabentat que eren propietat del presumpte assassí i del seu entorn. Davant els habitatges es van arribar a reunir centenars de persones amb bastons i destrals, unes tres-centes, segons els Mossos.";Successos
Els Mossos rescaten un familiar del pistoler de Girona, amenaçat per l'altre clan;https://www.ara.cat/societat/successos/mossos-rescaten-figueres-familiar-pistoler-girona-amenacat-l-clan_1_5075881.html;30/06/2024;BarcelonaNou episodi violent vinculat al doble crim del barri de la Font de la Pólvora de Girona. Aquest diumenge de matinada els Mossos d’Esquadra han hagut de rescatar i protegir un familiar del pistoler, encara en cerca i captura, per les amenaces que havia rebut de l’entorn de les dues víctimes mortals quan intentava accedir al seu domicili del barri. Segons ha avançatEl País, l’home s’havia desplaçat a recollir algunes pertinences de casa seva, un dels domicilis queel clan va destrossarcom a part de la seva revenja. Quan l’home hi va arribar, el van sorprendre els familiars de les víctimes, que el van arribar a retenir i amenaçar de mort. Fonts policials informen que finalment va aconseguir demanar ajuda al 112 i la policia el va dur a comissaria perquè pogués acabar de passar-hi la nit. Segons les mateixes fonts, ja se li ha buscat un espai “segur” per poder quedar-se sense que la seva vida corri perill.;Successos
Viuda i mare de dos adolescents: la víctima del tiroteig mortal de Girona;https://www.ara.cat/societat/successos/viuda-mare-adolescents-victima-tiroteig-mortal-girona_1_5073315.html;27/06/2024;Girona / BarcelonaMentre la investigació policial continua el seu curs, al barri de Font de la Pólvora es respira una situació de calma tensa i preocupació.Abans del tiroteig, les famílies de les víctimes i del presumpte assassí no eren de clans rivals. De fet, l'enfrontament va començar com una discussió infantil per un telèfon mòbil. No hi havia deutes pendents ni venjances per negocis bruts. Però, un cop perpetrat el doble crim, el conflicte ha derivat en un xoc encès entre dos bàndols. L'endemà de l'assassinat, amics i familiars de les víctimes mortals i els ferits van destrossar i saquejar els habitatges del fugit i el seu entorn com a represàlia i signe de desterrament. Aquest dimecres a la una de la matinada van aparèixer quatre motos i una llanxa socarrimades en una rotonda del barri. Eren del pistoler o la seva família? Ningú ha denunciat aquest acte vandàlic. Els Mossos d'Esquadra creuen que sí. Les dues víctimes són Juan H., de 48 anys, i la seva cunyada, Yolanda H., de 44 anys. Yolanda H. treballava des de feia molt temps a La Sopa, el centre d'acollida de persones sense sostre de l'Ajuntament gironí, i era molt estimada entre els companys de feina, que van ser presents a l'emotiu minut de silenci de dimarts al matí a la plaça del Vi. Viuda i mare de dos adolescents, de 16 i 17 anys i alumnes d'un institut de l'Eixample de Girona, mantenia molt de contacte amb els professors del centre. Sempre estava disposada a demanar ajudar a Serveis Socials, era implicada i col·laboradora, i es mostrava especialment preocupada perquè els fills aconseguissin treure's el graduat escolar de secundària.;Successos
Nit tràgica de Sant Joan: un home mor apunyalat a la Barceloneta;https://www.ara.cat/societat/successos/jove-mor-apunyalat-barceloneta-durant-nit-sant-joan_1_5070123.html;24/06/2024;"BarcelonaMentre la majoria de carrers celebraven una revetlla sense gairebé incidents, dos punts de Catalunya han viscut una nit de Sant Joan tràgica. A Barcelona, al barri de la Barceloneta, un jove colombià ha mort després de ser degollat en circumstàncies que encara s'estan investigant. El presumpte autor, segons ha informat Albert Batlle, tinent d'alcalde de Seguretat de l'Ajuntament, ha sigut detingut i identificat. A Girona,un tiroteig amb atropellamentha deixat dos morts per ferides de bala i dos ferits greus. Les víctimes són un home de 48 anys i una dona de 44 anys. Sobre l'apunyalament que s'ha produït a la Barceloneta, se sap que l'agressió ha tingut lloc poc abans de les quatre de la matinada al passeig Joan de Borbó. La víctima és un jove colombià de 26 anys que ha mort pràcticament a l'acte i la ràpida atenció del personal sanitari no ha pogut fer res per salvar-lo. El noi estava celebrant la revetlla amb un grup d'amics i la seva parella en una zona amb molta concurrència de persones per la proximitat de les festes de la platja. Sense que ara per ara es coneguin les causes, la víctima ha rebut la punyalada mortal de necessitat, segons ha detallat Albert Batlle, que ha condemnat els fets en una breu compareixença per fer balanç de la nit de Sant Joan i ha mostrat la seva ""preocupació"" per uns fets tan greus.";Successos
Dos crims en deu hores a Catalunya: un suïcidi simulat i un apunyalament en una discoteca;https://www.ara.cat/societat/successos/crims-deu-hores-catalunya-suicidi-simulat-apunyalament-discoteca_1_5067965.html;21/06/2024;BarcelonaHores especialment negres a Catalunya: en només deu hores de diferència s'han registrat dos crims al país. El primer, a Alcarràs (Segrià), va arribar dijous a la tarda, quan els Mossos d'Esquadra van detenir una dona de 62 anys per presumptament haver matat un home de 41 anys en un pis d'aquesta localitat d'uns 10.000 habitants. Ja de matinada, cap a les 4 h, els Mossos han rebut una alerta que provenia de la discoteca Oxygen, a Calella (Maresme): una baralla a l'interior de la sala de ball havia acabat amb un home de 31 anys apunyalat. En el cas de Calella, els equips d'emergència han intentat reanimar la víctima, però no han pogut fer res per salvar-li la vida. Segons fonts consultades per l'ARA, el finat és un jove turista anglès. El detonant de tot? Una discussió dins de la discoteca que va acabar amb dos grups arribant a les mans, fins que una persona va treure una arma blanca i va apunyalar dos turistes. El primer va patir ferides en zones vitals, mentre que un segon home va resultar ferit lleu. Tots dos, segons les mateixes fonts, van aconseguir sortir a peu de la discoteca, però el turista de 31 anys va perdre el coneixement quan ja estava a l'exterior del carrer.;Successos
Un desembarcament d'haixix cada 15 dies a Catalunya: cau la màfia més activa de la dècada;https://www.ara.cat/societat/successos/desembarcament-d-haixix-15-dies-cau-mafia-mes-activa-catalunya-decada_1_5065558.html;19/06/2024;"BarcelonaUn desembarcament d'haixix cada dues setmanes. Durant nou mesos, un grup va introduir una mitjana de 6.000 quilograms mensuals d'aquesta droga a Catalunya. Ho feien per platges amagades i rocoses de la Costa Brava, com la cala Culip, al final del cap de Creus, o la cala Aiguafreda, a tocar de Begur. Els Mossos d'Esquadra no dubten en afirmar que són l'entramat criminal ""més important dels últims temps"" que entrava haixix a Catalunya, en paraules de l’inspector Antoni Salleras, cap de l’Àrea Central de Crim Organitzat de la Divisió d'Investigació Criminal (DIC). Ara, amb la desarticulació del grup criminal, s'han resolt alguns successos amb més preguntes que respostes. El setembre del 2023 va aparèixer una furgoneta plena d'haixix embarrancada en una cala d'Aiguafreda, i ara ja se sap del cert que eren ells. El juny d'aquest any la policia va intervenir vuit tones d'haixix, la confiscació més grans dels últims anys, flotant a les aigües d'Arenys de Mar, itambé es confirma que els responsables, almenys d'una de les dues narcollanxes, eren ells. La misteriosa furgoneta de Begur va ser l'inici d'una investigació dels Mossos i Vigilància Duanera que ha durat nou mesos i que continua oberta. Pel camí, han intervingut 18 tones d'haixix. És a dir, ni més ni menys que gairebé 40 milions d'euros en el mercat il·lícit. Tal com va explicar l'ARA, el dia D va ser dimarts passat, quan la policia va detenir 37 homes i tres dones, sobretot a la comarca d'Osona. Manlleu, una ciutat de 20.000 habitants, era el seu centre d'operacions. Però les seves relacions il·lícites anaven molt més enllà.";Successos
Detingut un home per la mort de la seva mare a Barcelona;https://www.ara.cat/societat/successos/mossos-detenen-home-presumpte-autor-mort-violenta-seva-mare-barcelona_1_5064612.html;18/06/2024;BarcelonaEls Mossos d'Esquadra han detingut un home de 42 anys com a presumpte autor de la mort violenta de la seva mare, de 68 anys, diumenge en el seu domicili familiar al carrer del Carme, al barri del Raval de Barcelona. L'home arrestat, segons fonts consultades per l'ARA, pateix un trastorn mental greu i, després de detenir-lo, la policia el va ingressar en un centre psiquiàtric sota supervisió dels Mossos. La mare també podria patir problemes de salut mental. El detingut passarà les pròximes hores en aquest centre, a l'espera de declarar davant del jutge. Després serà la justícia la que determinarà on es quedarà l'acusat mentre la investigació avança. Els Mossos van rebre l'avís de l'incident diumenge a les 18.30 hores, i quan van acudir en aquest domicili del Raval es van trobar amb l'escenari del crim: la dona presentava diverses ferides d'arma blanca. A més, pel pis hi havia indicis que apuntaven que tots dos s'acabaven de barallar. La mateixa nit, a les 23.45 hores, els Mossos van localitzar el fill i el van detenir. La Divisió d'Investigació Criminal ja està treballant per aclarir els fets. Ho tracten com un cas de violència domèstica, tot i que la principal hipòtesi és que l'estat de salut mental de l'home seria el detonant de l'atac a la seva mare.;Successos
Un mort en un tiroteig a plena llum del dia en un polígon de Riudellots de la Selva;https://www.ara.cat/societat/successos/mort-tiroteig-plena-llum-dia-poligon-riudellots-selva_1_5060270.html;13/06/2024;BarcelonaUn home de 34 anys ha mort tirotejat aquest dijous al migdia a Riudellots de la Selva, a la comarca de la Selva. Segons fonts consultades per l'ARA, els Mossos d'Esquadra han rebut l'avís a les 13.45 hores per una baralla a l'exterior d'una nau industrial a l'avinguda Mas Vilà, el carrer que travessa un dels polígons de la població. Quan els agents hi han arribat, però, han descobert que enmig d'aquesta disputa algú havia obert foc amb una arma, ja que un home es trobava estès a terra malferit amb orificis de bala. Els serveis mèdics no han pogut fer res per reanimar-lo. No hi havia rastre dels pistolers. La policia catalana, doncs, ha iniciat una recerca per la zona per trobar els autors del tiroteig, que han fugit en dos cotxes de marca Volkswagen de matrícula francesa en direcció cap al sud. Els Mossos creuen que són cinc persones i que podrien anar armades. Els Mossos ja han activat un dispositiu gàbia amb efectius d'ordre públic per controlar els accessos a les carreteres.;Successos
Cop policial al tràfic d'haixix a Catalunya amb 30 detinguts;https://www.ara.cat/societat/successos/cop-policial-trafic-d-haixix-catalunya-30-detinguts_1_5058184.html;11/06/2024;BarcelonaEl tràfic d'haixix és una realitat a Catalunya i les narcollanxes fa temps que arriben a les costes catalanes i descarreguen fardells i fardells d'aquesta droga derivada de la marihuana que prové del Marroc. Catalunya no és el seu destí, sinó només el punt d'entrada a Europa per acabar-la transportant a altres països com França, Holanda o Alemanya, on elcostoes paga més car. Conscients d'aquesta problemàtica, els Mossos d'Esquadra han intensificat el control de les costes i també dels grups criminals que hi ha darrere el tràfic, que va a l'alça. L'operatiu que han dut a terme aquest dimarts n'és una bona demostració: han detingut 30 persones –una de les xifres més altes dels últims anys– que formaven una banda altament especialitzada en el tràfic d'haixix. De fet, segons ha pogut saber l'ARA, estan vinculades ambel desembarcament fallit de divendres passat a Arenys de Mar, quan els Mossos van recuperar vuit tones d'aquesta droga, un rècord inaudit. Hi havia ni més ni menys que 15 milions d'euros en haixix flotant al mar. Tot apunta que fa temps que la policia anava darrere d'aquests traficants i la descàrrega del Maresme, on van trobar la droga i la llanxa però no els traficants, ha estat un dels detonants de l'operatiu. Segons fonts policials, era una banda molt activa i amb molta capacitat logística, a la qual s'imputen diversos desembarcaments com el d'Arenys. En total, en l'operatiu hi han participat més de 200 agents i la policia catalana hi ha pres part en col·laboració amb Vigilància Duanera. El grup criminal estava establert sobretot a Osona. De fet, s'han fet escorcolls a domicilis de Manlleu, Torelló i Sant Hipòlit de Voltregà. A Manlleu, una de les localitats més actives en el tràfic de drogues de la comarca, s'han fet vuit de les 30 detencions, segons fonts policials. També s'han fet entrades a Roses (Alt Empordà), Tàrrega (Urgell) i Puiggròs (Garrigues), però la banda es movia sobretot pel Maresme i la Costa Brava, on rebia la droga provinent del Marroc.;Successos
"Detenen un jove per matar la mare a punyalades a Tarragona: ""Feia por""";https://www.ara.cat/societat/successos/detenen-home-matar-mare-punyalades-tarragona_1_5054106.html;07/06/2024;"Tarragona / BarcelonaEls Mossos d'Esquadra han detingut un jove d'uns 25 anys com a presumpte autor de la mort violenta de la seva mare, de mitjana edat, a Tarragona. Segons fonts consultades per l'ARA, el fill presumptament l'hauria apunyalat al domicili familiar, al barri de Sant Pere i Sant Pau de la capital tarragonina. Els Mossos d'Esquadra han rebut l'avís d'un incident en aquest pis passades les 15 hores d'aquest divendres. Al lloc dels fets hi han trobat el cos de la mare sense vida (la policia treballa per identificar-la plenament), amb diverses ganivetades. El fill estava al seu costat, ensangonat i amb l'arma blanca, que li han requisat. El noi ha sigut detingut al moment. El cas s'investiga com un matricidi. Mare i fill vivien plegats des de feia sis anys en aquest pis de Sant Pere i Sant Pau, un barri obrer als afores de Tarragona. Al migdia els veïns han sentit crits i han trucat a la policia, que s'ha presentat al pis i, segons narren testimonis, ningú els ha obert la porta. El resident d'un pis de la mateixa planta sí que ha obert la porta als Mossos d'Esquadra, que han accedit a l'habitatge de la mare i el fill pel pati interior d'aquest veí. ""No s'ha sentit res"", narra un veí. Un cop dins de l'habitatge, els Mossos han descobert l'escenari del crim al menjador i han detingut el jove.";Violència masclista
Set focs provocats en una sola nit cremen una vintena de vehicles i tres façanes a Sant Boi;https://www.ara.cat/societat/successos/set-focs-provocats-sola-nit-cremen-vintena-vehicles-tres-facanes-sant-boi_1_5053614.html;07/06/2024;BarcelonaÉs una ruta d'una mitja hora a peu, amb un total d'una mica més de dos quilòmetres, pel centre de la ciutat de Sant Boi de Llobregat. Comença al carrer de Joaquim Rubió i Ors i acaba al carrer de la Plana, a pocs metres de l'ajuntament i la parròquia del municipi. És exactament el recorregut que ha fet aquest divendres a la matinada un piròman (o diversos, encara no és clar) que ha anat provocant incendis per allà on passava. El balanç ha pujat fins a 15 motos socarrimades, dos cotxes cremats i les façanes de tres blocs de pisos ennegrides. Segons fonts policials, els Mossos d'Esquadra ja estan investigant qui hi ha darrere d'aquest acte vandàlic que ha posat en alerta Sant Boi. Ara per ara, no hi ha cap persona identificada ni detinguda, però la policia està revisant les càmeres de seguretat de la zona per identificar l'autor o els autors d'aquests fets. El primer avís que van rebre els Bombers de la Generalitat va ser a les 3.12 hores de la matinada: estava cremant un tendal al carrer Joaquim Rubió i Ors. Aquesta alerta va ser el preludi d'una mitja hora molt intensa.;Successos
"A la presó la parella de la dona que va caure d'un balcó del Guinardó: ""Patia violència de gènere""";https://www.ara.cat/societat/violencia-masclista/preso-parella-dona-precipitar-d-balco-guinardo-patia-violencia-genere_1_5052011.html;06/06/2024;"BarcelonaEl jutjat de violència sobre la dona número 4 de Barcelona ha enviat a presó provisional sense fiança la parella de la donaque dilluns es va precipitar des del balcó d'un cinquè pis del barri del Guinardó de Barcelona, una caiguda que va acabar sent fatal. Tal com va explicar l'ARA, abans d'aquests fets l'home i la dona estaven discutint, i després de la caiguda l'home va abandonar l'edifici, corrent i sense samarreta, i va anar a casa d'un familiar. Allà és on el van acabar detenint com a sospitós. En un inici els investigadors dels Mossos d'Esquadra no tenien clar si la víctima s'havia precipitat voluntàriament o l'home l'havia tirat. Ara, després d'escoltar tots els testimonis i valorar totes les proves aportades, la magistrada conclou que hi ha ""dades indiciàries que acrediten que no hi va haver una caiguda voluntària, sinó que en el curs d'una discussió l'investigat la va llançar per la terrassa"". El departament d'Igualtat i Feminismes ja ha condemnat aquest nou feminicidi a Catalunya, el tretzè de l'any, i l'Ajuntament de Barcelona ha convocat un minut de silenci aquest divendres a les 12 h davant del consistori. La víctima es deia Natia i tenia 32 anys. En la resolució judicial, la magistrada es remunta a l'inici de la relació entre la víctima i l'investigat i constata que ella ""patia violència de gènere de forma habitual"". La relació entre tots dos va començar fa any i mig i el primer incident es va registrar el 17 d'agost del 2023. Els Mossos d'Esquadra van acudir al mateix pis per una discussió i van comprovar que la dona tenia esgarrapades i diversos blaus. Ella va assegurar que s'ho havia fet a la platja i no va arribar a presentar una denúncia, un comportament molt habitual entre les víctimes de violència masclista. Tots aquests fets els ha corroborat una amiga de la víctima, que ha declarat, i ha afirmat que l'home la ""menyspreava i la insultava, era extremadament gelós, li escopia a la cara i l'havia colpejat al cap"". L'agressió del 17 d'agost del 2023 va provocar que l'home i la dona es distanciessin fins a l'abril del 2024, fa tot just dos mesos, quan van tornar i es van comprometre.";Violència masclista
Detenen a Toledo dos homes per l'assassinat del germà de Villacís;https://www.ara.cat/societat/successos/detenen-toledo-homes-l-assassinat-germa-villacis_1_5051384.html;05/06/2024;BarcelonaLa policia ha detingut dues persones més presumptament relacionades amb el tiroteig que aquest dimartsva acabar amb la vida de Borja Villacís, germà de l'exvicealcaldessa de Madrid Begoña Villacís. La detenció s'ha produït a primera hora d'aquest dimecres l'han practicat agents de la Policia Nacional i la Guàrdia Civil a la localitat de Yuncos, a la província de Toledo. Amb aquest arrest doble, ja són tres les persones detingudes per l'assassinat de Villacís: el mateix dia dels fets –aquest dimarts– es va detenir una dona de 52 anys que encara conduïa el vehicle des d'on suposadament van disparar diverses bales que van impactar al pit i al cap de la víctima. Segons fonts consultades per l'ARA, un dels detinguts aquest dimecres és el presumpte autor dels trets, que, alhora, és el fill de la primera detinguda. Feia 24 hores que els cossos policials espanyols anaven darrere d'aquestes dues persones, que finalment han pogut localitzar a 60 quilòmetres de l'escenari del crim. El segon arrestat no seria l'autor material del crim, però hi estaria relacionat, segons fonts policials. Als dos els han atrapat a Yuncos, on s'estaven amagant, però en llocs diferents: un en un bosc a tocar del cementiri i l'altre en una casa que, a priori, estava abandonada.;Successos
Localitzen un cadàver amb signes de violència en una furgoneta a Torredembarra;https://www.ara.cat/societat/successos/localitzen-cadaver-signes-violencia-furgoneta-torredembarra_1_5050926.html;05/06/2024;BarcelonaEls Mossos d'Esquadra estan investigant la mort violenta d'un home a Torredembarra. La policia catalana va localitzar aquest dimarts al vespre el cadàver a dins d'una furgoneta estacionada en una zona molt propera a la platja del municipi. Qui va donar l'alerta d'aquest vehicle, que feia dies que no es movia d'allà, va ser un veí. Segons fonts consultades per l'ARA, el cadàver presenta indicis de violència i la policia ho investiga com un homicidi. Encara no està clar, però, com va morir. El cadàver, segons les mateixes fonts, es troba en estat de descomposició i això indica que l’home fa temps, dies, que és mort. Per això, l'informe forense i l'autòpsia en determinaran exactament la causa de mort, i també permetran identificar-ne la identitat. Els Mossos estan fent gestions amb la furgoneta, que estava preparada per fer-hi vida, per saber de qui és.;Successos
Els Mossos investiguen la mort d'una dona que s'ha precipitat d'un balcó del Guinardó;https://www.ara.cat/societat/successos/mossos-investiguen-mort-d-dona-precipitar-d-balco-guinardo_1_5049093.html;03/06/2024;BarcelonaEls Mossos d'Esquadra han obert una investigació per esclarir la mort d'una dona la matinada d'aquest dilluns que s'ha precipitat des d'un balcó d'un pis del barri del Guinardó de Barcelona. Segons ha avançat SER Catalunya i ha pogut confirmar l'ARA, la policia està investigant si la víctima es va precipitar per voluntat pròpia i, per tant, apuntaria a un suïcidi o si la van llançar i es podria tractar d'una mort criminal. Ara mateix, totes les hipòtesis estan obertes. Tot i que fonts policials no aclareixen quina de les dues hipòtesis té més pes, sí que concreten que la parella de la víctima es troba detinguda en dependències policials fins que no se sàpiga millor què va passar. L'autòpsia, apunten les mateixes fonts, serà clau per determinar si es tracta d'un suïcidi o d'un homicidi. Tot ha passat al Passeig Maragall de la capital catalana durant la matinada d'aquest dilluns, quan una dona s'ha precipitat des d'un cinquè pis. Quan han arribat els serveis mèdics ja estava morta.;Successos
"La família de Pol Cugat, assassinat a Lleida, fa una crida per trobar el cos: ""No ens en podem acomiadar""";https://www.ara.cat/societat/successos/familia-pol-cugat-assassinat-lleida-crida-trobar-cos-no-acomiadar_1_5045175.html;03/06/2024;"BarcelonaLa Carme va parlar per última vegada amb el seu fill, el Pol, fa dos anys, set mesos i nou dies. Va ser un simple missatge de WhatsApp que ella continua pensant que no va escriure el Pol. Parlaven d'una rentadora i la resposta del seu fill, seca i limitant-se a un simple ""sí"", no era pròpia d'ell. ""S'enrotllava molt"", comenta. Ella sospita que llavors ja era mort, que ja l'havien matat. Quan els Mossos d'Esquadra van arribar a aquella casa apartada de tot a les Borges Blanques (les Garrigues) van trobar un bassal de sang i un matalàs ple de taques vermelles. Aquella sang era de Pol Cugat, de només 25 anys. L'havien assassinat amb unes tisores de podar que encara eren al costat de l'escenari del crim. Però no hi havia el cadàver. 955 dies després encara no ha aparegut. ""No ens en podem acomiadar, no podem tancar el cercle"", lamenta la Carme. Per això fa una crida a la memòria col·lectiva i demana que tothom de la zona miri la fotografia del Pol i intenti recordar si l'ha vist i en quines circumstàncies. ""No es pot explicar com és perdre un fill"", continua. La Carme explica que la família està unida tot i haver-se trobat ""molt sols"". S'han hagut de buscar la vida, primer organitzant ells mateixos les batudes per trobar el cos d'en Pol i, després, per trobar suport psicològic per afrontar-ho. La ferida encara està oberta, més encara pel fet que no hagin pogut fer un dol ni acomiadar-se per últim cop del seu fill. Té una última esperança en el mòbil del Pol, aquell que va enviar un missatge que no es creu que hagués escrit ell. Encara no ha sigut localitzat i estan intentant que Google en faciliti la ubicació. Les peticions judicials s'envien a Irlanda i, de moment, no hi ha hagut sort. ""Si trobem el telèfon i no el cos no sabrem per on tirar"", diu.";Successos
Els Mossos enxampen 'in fraganti' un desembarcament de 4 tones d'haixix a l'Ametlla de Mar;https://www.ara.cat/societat/successos/mossos-enxampen-in-fraganti-desembarcament-4-tones-d-haixix-l-ametlla-mar_1_5043119.html;28/05/2024;BarcelonaMacrobatuda dels Mossos d'Esquadra contra el tràfic d'haixix. La policia catalana ha intervingut 4.000 quilograms d'aquesta droga just quan una narcollanxa els intentava introduir a Catalunya per una petita cala a l'Ametlla de Mar, al Baix Ebre. Es diu cala de Port Olivet i es troba a tres quilòmetres del nucli d'aquesta població ebrenca. De fet, només s'hi arriba per camins estrets i està envoltada per boscos de pins, la qual cosa el converteix en l'escenari perfecte per a un desembarcament de droga. Però un moviment erroni d'un dels cotxes que portava elsbraceros,els encarregats de descarregar la droga de la llanxa i posar-la en vehicles, ho va capgirar tot. La batuda va acabar amb set detinguts d'entre 24 i 43 anys. Cinc d'ells acumulen, segons ha pogut saber l'ARA, 113 antecedents de diversos cossos policials. Sobretot, per delictes contra la salut pública i contra el patrimoni. Eren les cinc de la matinada de diumenge passat i una patrulla de seguretat ciutadana que vigilava una urbanització de l'Ametlla de Mar per detectar possibles robatoris va veure un cotxe conduint molt de pressa. Tant, que el van seguir i li van indicar que es parés. El vehicle, però, no els va fer cas. Finalment, la patrulla va aconseguir ubicar el vehicle fugat en un pàrquing de sorra proper a la cala de Port Olivet. El motor encara estava calent, però no hi havia ningú a dins. Sí que els va semblar veure que algú corria cap a la platja i quan s'hi van acostar ho van captar tot en directe: una narcollanxa de tretze metres d'eslora amb tres motors (acostumen a tenir 300 cavalls i cadascun costa 30.000 euros) estava descarregant fardells i fardells del que semblava haixix.;Successos
El mort en un incendi a Badalona és el principal sospitós de la decapitació de Can Ruti;https://www.ara.cat/societat/successos/investiguen-mort-incendi-badalona-sospitos-decapitacio-can-ruti_1_5042912.html;03/06/2024;BadalonaL'assassinat de Joan Pere Madurell és un crim ple de girs de guió. Va començar com una desaparició d'un home de Vic que, un matí qualsevol, es va embolicar a fer copes per bars de Badalona amb un aparent desconegut fins que ningú el va veure més. La història va continuar amb l'aparició del seu cap en una zona boscosa a tocar de l'Hospital Germans Trias i Pujol, a Badalona. El van trobar ni més ni menys que uns homes que buscaven espàrrecs. Deu dies més tard, tal com va avançar l'ARA, va aparèixer la part restant del cadàver, el cos,tapat amb bosses de plàstic al carrer Ca l'Alegre de Dalt, al barri de Gràcia de Barcelona. Cos i cap, separats per 15 quilòmetres de distància. Des de l'inici de la investigació el principal sospitós va ser aquell veí de Badalona que també es va animar a fer copes aquell matí. El nou gir de guió està relacionat amb ell: tal com ha pogut confirmar l'ARA, Oscar Arriba, principal investigat per aquest crim, ha mort aquest dimarts a la nit en un incendi al seu pis de Badalona. En paral·lel, els Mossos investiguen quina ha estat la causa de l'incendi i encara no hi ha cap hipòtesi clara. Segons fonts consultades per l'ARA, durant aquest dimarts encara no estava confirmat que el cadàver que els Bombers de la Generalitat han trobat després d'apagar les flames d'aquest àtic del carrer Granada de Badalona fos el d'Oscar Arriba, una de les últimes persones que va veure amb vida Joan Pere Madurell. Finalment, la confirmació definitiva de la identitat ha arribat 24 hores després.;Successos
Cinc detinguts per una batalla campal a Torrefarrera amb catanes, destrals i un gos perillós;https://www.ara.cat/societat/successos/cinc-detinguts-batalla-campal-torrefarrera-catanes-destrals-gos-perillos_1_5042238.html;28/05/2024;BarcelonaAmpli desplegament d'armes, fins i tot amb un gos implicat, en una baralla dissabte a la nit a Torrefarrera, al Segrià. Segons ha avançat elSegrei ha pogut confirmar l'ARA, els Mossos d'Esquadra han detingut cinc persones per protagonitzar un enfrontament en un bar d'aquesta població lleidatana en què un home va resultar ferit. Concretament, segons fonts policials, va acabar amb un braç trencat i amb diverses mossegades de gos pel cos. De moment, encara no queda clar el motiu de la disputa, però la qüestió és que una discussió entre clients del bar situat a l'avinguda de Lleida de Torrefarrera va anar pujant de to fins a arribar a les mans. Al principi, la baralla va ser sense armes ni animals: a cops de puny. Ara bé, un dels implicats va marxar i va tornar al bar al cap d'una estona, però no hi va tornar sol.;Successos
Quatre detinguts pel robatori de coure que va causar el caos a Rodalies;https://www.ara.cat/societat/successos/quatre-detinguts-pel-robatori-coure-causar-caos-rodalies_1_5039250.html;24/05/2024;"BarcelonaElls quatre van ser els primers sospitosos, i amb el pas dels dies les proves els han anat apuntant fins al punt de confirmar el que al principi només era una intuïció policial. Són tres homes i una dona que els Mossos d'Esquadra feia dues setmanes que investigaven. Primer, per la sostracció d'un cable de coure de la catenària de Rodalies a Mollet del Vallès. Nou dies després hi van tornar: el 10 de maig van robar, de nou, coure d'una catenària a Montcada i Reixac. I això va provocar un seguit d'incendis que van deixar sense servei bona part de les línies de Rodalies. Seria el preludi del caos, que arribaria només dos dies després. El 12 de maig, en plena jornada electoral, algú va robar de matinada 120 metres de cable de coure molt a prop de l'estació de Montcada Bifurcació i això va paralitzar gairebé la totalitat de les línies ferroviàries que connecten amb Barcelona. Pel lloc, pel dia i pel mètode, la policia catalana només podia mirar a una banda: la d'aquells quatre lladres que feia dies que perseguien però encara no havien enxampat. Finalment, el robatori més polèmic del que portem d'any s'ha resolt i el resultat treu força a la teoria, alimentada pel govern espanyol, que la sostracció va ser un sabotatge. ""Confirmat: no era un sabotatge"", ha dit el conseller d'Interior, Joan Ignasi Elena. Els Mossos d'Esquadra han detingut aquestes quatre persones, que formaven un grup criminal estructurat i jeràrquic, com a presumptes autors del robatori del 12-M, però també del de Mollet, l'altre de Montcada i dos més: un el 18 de maig a Olesa de Montserrat i un el 22 de maig a Esparreguera. Veient el caos que van provocar, els lladres van canviar el Vallès Oriental pel Baix Llobregat. Se'ls atribueixen sis robatoris en 22 dies, dos a la setmana. I, com sempre diu la policia, en el món de la delinqüència no existiria la figura del lladre si no tingués una persona a prop a qui poder col·locar tot el que roba. És el receptor de la mercaderia, i aquest grup criminal que ha desarticulat la policia, com no podia ser d'una altra manera, en tenia un.";Successos
Els Mossos sospiten que el 10% de les deixalleries col·laboren amb els lladres de coure;https://www.ara.cat/societat/successos/mossos-sospiten-10-deixalleries-col-laboren-lladres-coure_1_5037882.html;23/05/2024;"BarcelonaEls Mossos d'Esquadra tenen identificades unes 300 empreses, la majoria legals i amb totes les llicències en ordre, que es dediquen a la gestió dels residus vinculats al ferro i al coure. La gran majoria, en paraules del comissari de la policia Rafel Comas, són ""serioses i col·laborades"". Ara bé, hi ha un 10% d'aquestes deixalleries (una trentena) que els Mossos sospiten que estan aliades amb els lladres de coure i compren el metall que s'extreu il·legalment de les vies del tren (com va passarel diumenge d'eleccions a Montcada Bifurcació) o d'altres infraestructures i propietats. Són empreses que ""obstaculitzen"" la tasca policial, no entreguen els registres de tot el coure que compren (sobre el paper, s'han d'enviar cada setmana) o no es deixen fer inspeccions. ""Tenim un problema amb aquest 10% d'empreses"", ha reconegut el comissari Comas. De la mateixa manera que és clau enxampar les bandes que roben coure, ho és tant o més atrapar les empreses que el reben, el tracten i el col·loquen, normalment, a l'estranger. Aquest any els Mossos ja han fet 172 inspeccions (més d'una al dia) i el 17% han acabat en sancions. Unes multes, però, que són econòmiques i no passen dels 600 euros. Per això, Comas ha advocat per impulsar mesures legislatives que penalitzin més els lladres, ja que ara un robatori de coure es considera un furt, i que també castiguin més les empreses que els segueixen el joc.";Successos
Detenen l'exparella de la noia que van trobar assassinada en una carretera a Esparreguera;https://www.ara.cat/societat/successos/detenen-l-exparella-jove-trobar-assassinada-carretera-esparreguera_1_5036714.html;22/05/2024;BarcelonaEls Mossos d'Esquadra han detingut l'exparellade la dona de 29 anysel cos de la qual va aparèixer diumenge al vespre en una carretera a Esparreguera (Baix Llobregat). La policia havia obert una investigació per aclarir les circumstàncies de la mort d'aquesta noia que, inicialment, semblava que havia patit un accident de trànsit. Poc després, agents de la Divisió d’Investigació Criminal (DIC) de la Regió Policial Metropolitana Sud van descartar aquesta hipòtesi perquè el cadàver presentava ferides compatibles amb un apunyalament. El jutjat d’instrucció número 3 de Martorell es va ocupar de l’aixecament del cadàver i el cas està sota secret de sumari. Tot i que no es tenen gaires detalls de la identitat de la víctima, fonts coneixedores del cas han concretat que la dona va néixer a Òdena (Anoia), tot i que ja no hi vivia. L'ajuntament d'aquesta localitat ha expressat el condol i ha convocat un minut de silenci dijous a les 19 hores davant del consistori. També ha decretat dos dies de dol oficial (22 i 23 de maig), les banderes de l'edifici consistorial onejaran a mig pal en senyal de dol i s'han activat els serveis d'atenció a la família i entorn.;Successos
Investiguen l'apunyalament mortal d'una dona de 29 anys que han trobat en una carretera a Esparreguera;https://www.ara.cat/societat/successos/investiguen-mort-violenta-d-dona-carretera-esparreguera_1_5035121.html;20/05/2024;BarcelonaEls Mossos d'Esquadra han obert una investigació per aclarir les circumstàncies de la mort violenta d'una dona de 29 anys trobada en una carretera d'Esparreguera. Diumenge al vespre, cap a les 20.45 hores, la policia catalana va rebre l'avís que hi havia una persona ferida en el que aparentment semblava un accident de trànsit. Poc després, agents de la Divisió d’Investigació Criminal (DIC) de la Regió Policial Metropolitana Sud van descartar que es tractés d'un accident de trànsit perquè el cos presentava ferides compatibles amb una arma blanca, i ara investiguen el cas com a crim per apunyalament. S'ha decretat el secret de sumari. Segons informen fonts coneixedores a l'ARA, una persona va trobar la dona estesa a la carretera i va trucar a la policia local alertant d'un possible atropellament. El mateix testimoni va informar la policia que, instants abans de trobar la noia, va veure un cotxe marxant molt de pressa del lloc dels fets. El Sistema d'Emergències Mèdiques (SEM) va activar un equip de sanitaris que es va desplaçar per intentar reanimar la víctima, si bé no van poder fer res per salvar-la. Mentre l'atenien, es van adonar que la dona ja era morta i que presentava ferides compatibles amb una arma blanca. Tot i que no es tenen gaires detalls de la identitat de la víctima, fonts coneixedores del cas han concretat que la dona va néixer a Òdena (Anoia), tot i que no hi vivia al municipi.;Successos
Localitzen un cadàver a Osona i investiguen si és de la dona desapareguda a Vic;https://www.ara.cat/societat/successos/localitzat-cadaver-osona-investiguen-dona-desapareguda-vic_1_5033256.html;18/05/2024;BarcelonaEls Mossos d'Esquadra van localitzar aquest divendres el cadàver d'una persona al terme municipal de Sant Martí de Centelles, a la comarca d'Osona, i estan investigant si és el cos sense vida de la Rachida,la dona d'uns 50 anys que va desaparèixer fa un mes a Vic. Més que una desaparició, però, la policia catalana ho investiga com un homicidi, i el seu marit es troba en presó preventiva des de dimecres com a presumpte autor d'un crim que encara no tenia cadàver. Encara no està clar que el cos localitzat aquest divendres, una informació avançada perEl Casoi confirmada per aquest diari, sigui el de la Rachida, ja que les fonts consultades no aclareixen si és d'un home o una dona i en quin punt exacte l'han trobat. Sigui com sigui, les mateixes fonts sí que precisen que s'està investigant si és el cadàver de la desapareguda. Aquest extrem el confirmaran o el desmentiran les proves forenses i d'ADN.;Successos
Aquests són els cinc objectes més robats a Barcelona;https://www.ara.cat/societat/successos/aquest-top-5-d-elements-mes-robats-barcelona_1_5031517.html;16/05/2024;BarcelonaLa llista d'elements més robats a Barcelona l'encapçalen quatre objectes i un tipus de negoci concret, segons les dades de la Guàrdia Urbana de l'any 2023. La primera posició d'aquest top 5 no és difícil d'endevinar: els mòbils. La segona posició l'ocupen les carteres, i l'intendent de la Guàrdia Urbana Juan Guzmán, cap de la unitat d'investigació, avisa que, si bé ara l'efectiu va a la baixa, els turistes en continuen portant bastant a sobre. La tercera posició l'ocupen les bosses de mà i les motxilles, i la quarta ja no l'ocupa un objecte, sinó els comerços de roba i comestibles. Aquest rànquing el tanca un valor a l'alça: els rellotges. Aquests cinc elements són també els preferits dels lladres multireincidents i, de fet, Guzmán ha donat aquestes dades precisament en la comissió de l'Ajuntament de Barcelona que analitzael fenomen de la multireincidència. L'any passat 526 persones van cometre fins a 6.169 delictes (la majoria furts i robatoris) a Barcelona. Surt a una mitjana de gairebé 12 delictes per persones. Els Mossos d'Esquadra prefereixen anomenar-los multidetinguts abans que multireincidents, i els qualifiquen així si compleixen una sèrie de condicionants com el nombre de delictes o el temps que ha passat entre l'un i l'altre. Ara mateix, per exemple, hi ha 102 persones a Barcelona que compleixen aquests paràmetres, i el balanç del març passat va ser de 174, tal com ha explicat en la mateixa comissió la intendenta dels Mossos Sònia Rius, coordinadora d'investigació a Barcelona.;Successos
Investiguen si l'home assassinat a trets al Fòrum és un narcotraficant turc;https://www.ara.cat/societat/successos/investiguen-l-home-assassinat-trets-forum-narcotraficant-turc_1_5020557.html;06/05/2024;BarcelonaEren les cinc de la tarda de dissabte i l'encreuament entre la rambla Prim i el carrer Llull, a tocar del Fòrum de Barcelona, estava molt concorregut. Tot va passar a tocar d'una boca de metro i a pocs metres d'on s'estava celebrant la Fira d'Abril, al Parc del Fòrum. De cop, es van sentir trets i un home va quedar estès a terra, tacant de sang bona part de la vorera. Caminava pel carrer quan el van atacar i la majoria de trets, almenys cinc, li van anar al cap. L'autor (o autors)d'aquest assassinat a plena llum del dia van fugir. Pelmodus operandi, els Mossos d’Esquadra van tenir clar des d’un principi que es tractava d'una execució per algun tipus de revenja que havien d'aclarir. D'entrada, van mirar a la Mina, molt a prop de l'escenari del crim, però la identitat de la víctima els va fer allunyar de qualsevol conflicte relacionat amb aquest barri. Era un home d'origen turc amb cap antecedent a Catalunya. Segons fonts consultades per l'ARA, en les darreres hores els Mossos estan investigant si aquest conflicte va molt més enllà de les fronteres de Barcelona i de Catalunya. La víctima es deia Tekin Kartal i estava presumptament vinculat amb el tràfic de drogues a Turquia. Això suposadament, perquè els investigadors de la policia catalana encara no han pogut confirmar del tot si darrere d'aquest nom hi ha una història de drogues i màfia, tal com asseguren diversos mitjans de comunicació turcs. Els Mossos han obert contactes amb la Interpol i amb diversos actors internacionals per confirmar aquesta possibilitat, que encara no està del tot clara. Necessiten comprovar els seus antecedents fora de Catalunya i també parlar amb les autoritats turques. En paral·lel, la policia està mirant de trobar l'autor (o autors) de l'execució i intentant saber què feia la víctima a Barcelona i qui el voldria mort.;Successos
La compravenda d'uns aparells electrònics, un dels detonants d'una baralla mortal al Montsià;https://www.ara.cat/societat/successos/compravenda-d-aparells-electronics-dels-detonants-d-baralla-mortal-montsia_1_5017224.html;03/05/2024;BarcelonaEl detall més petit pot acabar provocant, a vegades, el pitjor dels finals. L'últim crim comès a Catalunya n'és el millor exemple. Aquesta història comença a la Sénia l'1 de maig, Dia del Treballador, i acaba l'endemà a l’Hospital Joan XXIII de Tarragona, on un home de 38 anys va morir després de rebre un fort cop al cap. Tant ell com el presumpte agressor, un home de 39 anys, eren veïns de la Sénia, una localitat que no arriba als 6.000 habitants del Montsià. Eren bastant coneguts al poble i també per la policia, ja que tots dos tenien un llarg historial de drogodependències i no era el primer incident que protagonitzaven. Cap a les 19 hores de dimecres, un d'ells (el presumpte agressor) va anar a casa de la víctima. Allà, es van endinsar en una llarga discussió que va començar al domicili i va acabar al carrer, on van arribar a les mans. L'agressivitat va anar augmentant fins al punt que el suposat agressor va agafar un objecte contundent –vindria a ser un cilindre de ferro, una clau anglesa o un objecte similar, segons fonts properes a la investigació– i va assestar-li un fort cop al cap a la víctima.;Successos
Avelino Palomino, el fals pediatre que va recórrer mig Catalunya i va acabar assassinat a València;https://www.ara.cat/societat/avelino-palomino-fals-pediatre-recorrer-mitja-catalunya-acabar-assassinat-valencia_130_5007798.html;13/05/2025;"Barcelona / GironaAmb 63 anys va entrar com a resident al CAP de Montilivi de Girona. La seva presència va causar estranyesa als treballadors del centre. Poques vegades, per no dir cap, es veu un metge en període de formació remunerada a punt de jubilar-se. Els metges interns residents (MIR) són joves. L'home, que havia presentat tota la documentació que se li demanava, va estar tres mesos i mig pujant cada dia en tren a Montilivi des de Barcelona, fins que d'un dia per l'altre va desaparèixer. Andrés Avelino Palomino Barrios va tenir una vida agitada. Una muntanya russa que va culminar amb el seu assassinat a València l'any 2012. Abans va ser acusat d'assassinats en sèrie a Perpinyà, d'ajudar persones en situació irregular a entrar a França i de ser un fals metge que recorria CAPs i hospitals de tot Espanya sense tenir la formació pertinent. En realitat, segons la investigació que va dur a terme un jutjat de Pozoblanco, Avelino Palomino tenia el títol de metge. En canvi, el que no tenia era el MIR aprovat, i això li impedia, per exemple, fer de pediatre en centres sanitaris, com va fer durant anys. Al llarg de la seva vida va falsificar documentació (tant la seva edat com títols) per poder exercir en diferents centres del sistema públic de salut. Palomino va estar col·legiat com a metge al Perú, el seu país d'origen –ell deia que havia fet de metge a l'exèrcit peruà–; també a França i Espanya, i com a mínim va estar col·legiat a Múrcia i Girona, després d'haver homologat a través del ministeri d'Educació el títol peruà.";Successos
"Netejar l'escenari d'un crim: ""Jo sé quina olor fa la mort""";https://www.ara.cat/societat/successos/netejar-l-escenari-d-crim-quina-olor-mort_130_5009511.html;27/04/2024;"BarcelonaNomés amb el simple gest d'obrir el pany, ja nota aquella pudor tan característica. Tant, que amb prou feines pot descriure-la i s'atreveix poc a comparar-la. Parla de la pudor de les clavegueres després d'un dia de pluja, o de carn podrida amb tocs metàl·lics. ""La gent no sap de què fa olor la mort. Jo sí"", comenta Jesús Rodríguez. Totalment protegit amb un EPI, s'endinsa a l'interior de la casa. Admet que com menys sap de la víctima, l'assassí i la família, millor; però que és inevitable mirar les fotografies o resseguir i reconstruir tot el que ha passat en aquell domicili. El bassal de sang al lavabo; el primer apunyalament. L'empremta de la mà al pany de la porta; l'intent d'escapatòria. I l'estora totalment tacada; l'última escena de l'escenari d'un crim. Ell serà l'encarregat de netejar-lo. Ho fotografia tot, cada detall. Després d'hores de neteja, tornarà a fer el mateix exercici per poder demostrar la feina feta. Tot el tèxtil, fora. Llençols, estores i cortines també. On va després? Normalment, es crema. Sempre, això sí, amb l'aval de la família. Rodríguez va repetint: ""El que paga mana"". Rubén Sánchez es dedica al mateix. I explica que la seva no és una feina estètica, de deixar-ho tot impol·lut com si no hagués passat res. La prioritat és fer desaparèixer qualsevol rastre de sang o restes biològiques per eliminar ""els gèrmens i els bacteris"". Sovint, no són visibles. Per això, si cal, aixequen parquet, o descargolen armaris encastats.";Successos
Latin Kings vs. Mara Salvatrucha: la batalla que va estar a punt d'esclatar a l'Hospitalet;https://www.ara.cat/societat/successos/latin-kings-vs-maras-batalla-punt-d-esclatar-l-hospitalet_1_5005694.html;23/04/2024;"Barcelona23 de febrer del 2024, l'Hospitalet de Llobregat. Un grup de Latin Kings i una banda de Mara Salvatrucha (MS-13), dues bandes d'origen llatinoamericà, comencen un dur enfrontament que acaba amb un membre dels primers, conegut com a Joshua, en un hospital proper per una ferida d'arma blanca. El detonant? Una lluita pel control del territori. És a dir, dominar certs carrers per poder introduir la seva droga. L'endemà, en les converses dels Latin Kings ja hi apareix una paraula:venjança. Ho escolten atentament els investigadors de la Guàrdia Civil que fa un any que els estan investigant i que els acabaran desarticulant un mes i mig després,tal com va explicar aquest divendres l'ARA. Els Supremas –així és com es coneixen els dos líders dels Latin Kings– demanen a l'encarregat de la facció del Barcelonès, conegut com el Pistolas, que organitzi la venjança. En les converses parlen d'armar-se, de posar fi a la vida dels Marai d'amputacions amb els seus matxets de mig metre. Fonts de la Guàrdia Civil parlen d'un ""pic de violència"" inaudit fins al moment, tot i que havien participat en una llarga llista de baralles que queden recollides en la investigació. ""Aquesta investigació ha evitat que hi hagi persones mortes o mutilades"", ha afirmat aquest dilluns en roda de premsa el general en cap de la Guàrdia Civil a Catalunya, Pedro Pizarro.";Successos
"Els tentacles dels Latin Kings a Catalunya: ""Moriràs pels teus germans si és necessari""";https://www.ara.cat/societat/successos/tentacles-dels-latin-kings-catalunya-moriras-pels-teus-germans-necessari_1_5003427.html;19/04/2024;"BarcelonaÉs molt difícil sortir dels Latin Kings un cop hi has entrat. Dit d'una altra manera, per sortir s'ha de patir. Ho demostra el cas d'A.C.P., conegut com a Toni, un dels membres de la banda. Per problemes de salut mental es va distanciar del grup. Elssupremas, els líders de l'organització, li van donar sis mesos de marge, però ja el van avisar: si no tornava, seria castigat. No volia tornar, però va acabar tornant per por. Els càstigs van des de rebre cops durant un mínim de 30 segons fins a la humiliació, per exemple, fent flexions fins a acabar exhaust. Tot davant dels altres membres del grup. Però sortir dels Latin Kings és molt més difícil que això i ho demostra la investigació de la Guàrdia Civil que ha desarticulat aquesta banda que tenia tentacles per tot Catalunya. La seva és una història de droga i, sobretot, d'agressions, la majoria de les quals, precisament, a exmembres de l'organització. La Guàrdia Civilva detenir la setmana passada 32 persones per formar part d'aquesta màfia. Finalment, 16 van passar a disposició judicial i tots han quedat en llibertat amb càrrecs. La resolució del jutge descriu l'estricte i jeràrquic funcionament d'aquesta banda i les diverses baralles i venjances en les quals haurien participat. Tot comença amb dos sobrenoms: Star, amb el rang de reina, i Trikimiki,el rei.Ells dos eren elssupremasde Reino Hispano, la facció catalana dels Latin Kings que començava a Rubí i acabava a Reus. A sota seu hi havia diverses faccions o ""capítols"", que també tenien els seus malnoms i els seus càrrecs. Inca, per exemple, era el rang del líder d'una facció. A Reus dominava el De la Ci al capítol de la Sagrada Família, que incloïa Barcelona i l'Hospitalet, el Pistolas. En canvi, a Granollers liderava el Hulk i a Rubí el Matatan. Tots plegats es trobaven a les ""360"", les reunions de la banda. 360 per què? Perquè s'asseien en forma de cercle i era al mig on tenien lloc les vexacions, agressions i humiliacions dels membres que volien abandonar el grup o havien comès algun error dintre de la màfia.";Successos
Un dels jutges que instrueix les causes contra l'independentisme rep un fals paquet bomba al seu despatx;https://www.ara.cat/societat/successos/dels-jutges-instrueix-causes-l-independentisme-rep-fals-paquet-bomba-despatx_1_5002333.html;18/04/2024;BarcelonaEl titular del jutjat d'instrucció número 1 de Barcelona, el jutge Joaquín Aguirre, va rebre dijous passat un fals paquet bomba que va ser detectat abans que arribés al seu despatx de la Ciutat de la Justícia, segons ha avançatEl Mundoi ha pogut confirmar l'ARA. A dins del paquet, d'una mida similar a una capsa de sabates, hi havia una estació meteorològica que simulava ser un temporitzador i just a sota hi havia un paquet més petit embolcallat, que a simple vista semblava la càrrega explosiva. La capsa estava recoberta amb un paper marró on hi havia escrita a mà la direcció de la Ciutat de la Justícia i que anava adreçat al titular del jutjat d'instrucció número 1 de Barcelona. Els Mossos d'Esquadra ja estan investigant qui hi ha darrere d'aquest enviament, que va aconseguir entrar a les dependències judicials, però va ser interceptat abans d'arribar al despatx d'Aguirre.;Successos
Alliberen una dona retinguda des de feia un mes en un pis a Santa Coloma de Farners;https://www.ara.cat/societat/successos/alliberen-dona-lligada-brides-retinguda-pis-santa-coloma-farners_1_5001617.html;18/04/2024;BarcelonaEls Mossos d'Esquadra van alliberar aquest dimecres una dona de 45 anys que estava retinguda i lligada amb brides en un pis de la Generalitat que està cedit a víctimes vulnerables amb un lloguer social baix a Santa Coloma de Farners, segons ha avançat SER Catalunya i ha confirmat a l'ARA la policia catalana. La presumpta captora, una altra dona de 34 anys a qui la víctima havia acollit feia més d'un any amb els seus quatre fills menors, va ser detinguda hores després. Un veí, que és policia local, va ser qui va donar l'alerta amb una trucada al 112 pels volts de dos quarts d'onze de la nit d'aquest dimecres, després de sentir els crits de la víctima demanant ajuda. Els primers que van entrar el pis van ser els Bombers, que es van despenjar per un celobert. Després, van esbotzar la porta i van trobar la dona estirada en un matalàs amb les mans lligades amb brides i els peus amb un mocador. Alliberada i atesa pel SEM, va explicar que portava almenys un mes lligada i que feia uns dies que no veia la dona amb qui compartia pis, que presumptament l'hauria retingut.;Successos
Una rectificació dels Mossos canvia el rumb de dues causes de víctimes de foam;https://www.ara.cat/societat/successos/rectificacio-dels-mossos-canvia-rumb-dues-causes-victimes-foam_1_4998677.html;16/04/2024;"BarcelonaSira, Roger, Olga i A.K.. Són els noms de dues noies i dos nois que durant les protestes postsentència van resultar ferits per l'impacte d'un element compatible amb una bala de foam. Cinc anys després, només l'Olga ha aconseguit ser reconeguda i indemnitzada com a víctima de foam. Són quatre casos que van passar en dues nits diferents i l'avenç d'una causa representa ara el gir de guió d'una altra. Han passat dos anys i la resposta dels Mossos d'Esquadra en el cas de la Sira ha fet un gir de 180 graus. ""Els agents que van participar en aquesta intervenció no van efectuar ni un sol tret"", assegurava la Brimo en un informe del 2021. Aquesta intervenció es remunta al 16 d'octubre de 2019 al passeig de Sant Joan de Barcelona, durant una manifestació davant de la conselleria d'Interior. La Sira estava cobrint la protesta com a fotoperiodista i assegura que va rebre (i així ho avala l'informe mèdic) l'impacte d'un projectil de foam a la cama. Aquesta resposta dels Mossos, negant la major, va servir als jutjats de Barcelona per arxivar la causa sense cridar cap testimoni. La seva defensa, pilotada per Irídia, ho va portar al Tribunal Constitucional i els va donar la raó: la investigació s'havia de reobrir. Això va requerir un nou informe dels Mossos, aquest cop de la Divisió d'Afers Interns (DAI), i la resposta és una rectificació: ""Es va haver de fer ús en diverses ocasions de projectils de foam"", conclou la DAI en un document del setembre de 2023.";Successos
Cinc menors assassinats pels seus pares en quatre mesos;https://www.ara.cat/societat/violencia-masclista/cinc-menors-assassinats-pels-pares-quatre-mesos_1_4994921.html;11/04/2024;Violències masclistesEn els últims quatre mesos, cinc menors d'edat han estat assassinats a Catalunya pels seus pares. L'últim cas ha sigut el de dosbessons de vuit anysa qui el pare va matar dimarts al vespre, juntament amb la mare, al seu domicili del Prat de Llobregat. L'home es va suïcidar després i la policia i la justícia investiguen el crim com un cas de violència masclista. De fet, els filicidis –la mort dels fills– i la violència vicària –la mort dels descendents per causar un patiment insuportable i per a tota la vida a l'altre progenitor, que acostuma a ser la mare– es consideren manifestacions extremes del masclisme, juntament amb els feminicidis. Les motivacions d'aquests homicidis són diverses i difícils de generalitzar, però l'augment de casos des de principi d'any preocupa els experts consultats per l'ARA i les institucions: enguany s'han comès un terç dels infanticidis de l'última dècada i la Generalitat ha anunciat la creació d'un gabinet d'expertes independents especialitzat en violència vicària. Des del 2015, tretze infants i adolescents han mort a mans dels seus progenitors, cinc dels quals aquest any. A més del doble crim al Prat, dimecres passat un home va ser detingut perassassinar el fill de cinc anys, l'Ayax, a Bellcaire d'Empordà i per intentar-ho amb la dona, que va sobreviure a l'atac. El gener passat dos infants van aparèixer morts a casa amb el seu pare intoxicats per monòxid de carboni, en un cas queencara no s'ha confirmatcom a violència vicària. “Estem veient un augment evident dels nivells més greus de violència vicària, que són els assassinats. Fa vint anys ja n'hi havia casos, però no se'n parlava. Ara hem posat nom a aquests crims i els hem incorporat dins la capsa de la violència masclista”, explica la psicòloga i experta en qüestions de gènere Gemma Altell.;Violència masclista
Troben una dona i el seu fill momificats en una casa de Roses sis anys després de la seva mort;https://www.ara.cat/societat/successos/troben-dona-fill-momificats-casa-roses-morir-pandemia_1_4994151.html;10/04/2024;Roses / BarcelonaEls Mossos d'Esquadra investiguen la troballa de dos cadàvers momificats en una casa a Santa Margarida, a Roses (Alt Empordà). Segons ha avançat la SER Catalunya i ha pogut confirmar l'ARA, els dos cossos encara no estan identificats, però tot apunta que són d'una mare i un fill, tots dos d'avançada edat. Pel temps que fa que ningú veia aquestes persones, haurien mort abans de la pandèmia. Tot i això, serà l'informe forense el que determini la data i la causa de la defunció. Segons les primeres exploracions, no sembla que hi hagi indicis de criminalitat. Els cadàvers es van trobar dimecres passat en un domicili que queda amagat dins d'una entrada de vianants pròxima a l'avinguda Illeta de Santa Margarida, molt a prop del pas de la carretera principal que porta al centre de Roses. És una casa als quatre vents, on hi ha poc moviment. La majoria d'edificis propers són pisos i cases unifamiliars que fan de segones residències i habitatges dormitori. Hi viuen molts turistes francesos. Fa una setmana una veïna va alertar la policia perquè semblava que la porta del domicili on s'han localitzat els cossos havia sigut forçada.;Successos
Un home mata presumptament la dona i els fills de vuit anys al Prat i se suïcida;https://www.ara.cat/societat/violencia-masclista/investiguen-mort-violenta-d-dona-fills-menors-suicidi-pare-prat-llobregat_1_4993618.html;10/04/2024;BarcelonaEls Mossos d'Esquadra investiguen l'assassinat d'una dona i els seus dos fills menors d'edat presumptament a mans del pare de les criatures al Prat de Llobregat (Baix Llobregat). La policia catalana va localitzar aquest dimarts al vespre els cadàvers d'una dona de 43 anys i els seus dos fills bessons de vuit anys, una nena i un nen, amb signes de violència al seu domicili, una casa unifamiliar al carrer Agramunt número 12 de la localitat metropolitana. El pare dels menors, de 42 anys, s'havia suïcidat hores abans a l'estació de tren del Prat, i es treballa amb la hipòtesi que es va llevar la vida després de matar la dona i els infants. Les primeres exploracions apunten que tots tres haurien mort per asfíxia, un extrem que ha de confirmar l'autòpsia. Segons fonts consultades per l'ARA, els Mossos van localitzar els tres cadàvers quan van acudir al domicili a comunicar la mort de l'home als seus familiars. Durant l'aixecament del cadàver del presumpte homicida es van trobar les claus d'un vehicle que estava a les proximitats de l'estació. A dins del cotxe hi havia una nota en què l'home demanava perdó. Encara no està clar, però, si en aquesta nota confessava el crim.;Successos
Segrestos i transports inhumans fins a Barcelona: els pakistanesos que traficaven amb els seus compatriotes;https://www.ara.cat/societat/successos/amuntegats-furgonetes-pisos-pakistanesos-traficaven-compatriotes_1_4991722.html;08/04/2024;BarcelonaSense menjar ni aigua. Tampoc tenien seients, ni cinturons ni cap finestra. Passaven gairebé 20 hores amuntegats al maleter d'una furgoneta amb la promesa de trobar una nova (i millor) vida a Catalunya. Era una furgoneta antiga i ronyosa on viatjaven una desena de persones. No tots podien estar asseguts alhora i mai podien sortir-ne, ni tan sols quan paraven a posar gasolina. I si havien d'orinar? Ho feien en ampolles de plàstic. Tots eren homes provinents de l'Índia i el Pakistan que havien pagat entre 10.000 i 12.000 euros per a un viatge inhumà. Els responsables del transport eren compatriotes seus que els havien convençut d'abandonar les seves regions i anar cap a Barcelona. Ara la Policia Nacional els ha enxampat: ha detingut set persones i ha alliberat disset víctimes d'aquesta xarxa de tràfic d'éssers humans. La banda tenia captadors en diverses regions del Pakistan que oferien el viatge fins a Espanya. La ruta era llarga i els investigadors, segons fonts consultades per l'ARA, només n'han pogut concretar una part. Saben que entraven a Europa per Turquia i després es desplaçaven fins a França o Itàlia. Allà els esperaven les furgonetes de la xarxa criminal i començava el viatge com a mínim amb dues destinacions: o Barcelona o Portugal. La xarxa gairebé mai repetia la ruta per si la policia la controlava.;Successos
A cops d'aixada i pala: l'historial d'agressions de l'assassí de la riera de Cambrils;https://www.ara.cat/societat/cops-d-aixada-pala-l-historial-d-agressions-l-assassi-riera-cambrils_1_4987697.html;07/04/2024;"BarcelonaGheorghe Joita va ser detingut el 15 de febrer a Saragossa com a presumpte assassí del seu veí i concunyat Ion Valentin.Els fets van passartres dies abans en un camí rural entre Cambrils i Vinyols i els Arcs, al Baix Camp. Joita va atropellar l’home i, quan estava estès a terra, va començar a pegar-li puntades de peu al cap. Quan els serveis d’emergència van arribar, Valentin estava viu i va apuntar a Joita com a responsable de l’atac. L'agressor, però, havia fugit. El seu concunyat va morir al cap d’uns minuts. Tot això va passar mentre Joita esperava un altre judici per agressions anteriors amb els veïns, que l'havien denunciat insistentment davant de la policia i els jutjats. ¿La mort de Valentin s'hauria pogut evitar si aquests avisos s'haguessin pres més seriosament i la justícia hagués anat més de pressa? Això es pregunten ara els veïns. El crim de Cambrils derivava d’una disputa per uns terrenys. No eren els únics problemes per aquest motiu que tenia aquest romanès de 54 anys amb els seus veïns. Joita està pendent d’un altre judici a Reus per dos delictes de lesions i un delicte lleu de lesions. El 3 d’abril del 2022 una de les famílies que viu al costat d’ell, a prop de la riera d’Alforja, estava celebrant un aniversari. Un home de 61 anys –han demanat mantenir l’anonimat per por a represàlies– estava passejant per la finca quan Joita va agredir-lo, sense ni tan sols dirigir-li cap paraula. Li va pegar un cop de puny i diverses puntades de peu fins que va poder escapar-se. Tres membres de la família van anar a recriminar-li els fets i l’agressor va pegar amb una aixada a una dona de 60 anys. Li va fer un trau a la part posterior del cap. La tercera agressió, en aquest cas amb una pala, va ser a un home de 58 anys. El cop li va impactar a la cara, li va provocar una fractura nasal i va fer que perdés la consciència durant una estona. Entre la resta de familiars van poder evitar que la cosa anés a més i van requisar l’aixada i la pala fins que van arribar els Mossos d’Esquadra. ""Va estar a punt de matar-lo"", rememora un d’ells.";Successos
Cau una xarxa que feia presentar denúncies falses de violència masclista a dones prostituïdes;https://www.ara.cat/societat/successos/cau-xarxa-feia-presentar-denuncies-falses-violencia-masclista-dones-prostituides_1_4989532.html;05/04/2024;"BarcelonaPer un cantó convencien dones prostituïdes perquè es fessin passar per víctimes de violència de gènere i per l'altre pactaven amb homes amb problemes econòmics o de drogoaddicció que fossin el cap de turc i acceptessin les conseqüències de les denúncies falses que presentaven les dones. Tot plegat per aconseguir permisos de residència i ajudes econòmiques. Segons ha avançat el diariEl Segrei han confirmat els Mossos d'Esquadra, aquest dijous a la tarda la policia catalana ha detingut a Lleida els responsables d'aquest entramat i les onze dones que haurien presentat denúncies falses per violència masclista. Els tres organitzadors eren una dona i un home de 38 i 39 anys, veïns de Lleida; i una tercera dona d'uns 60 anys era qui oferia a dones prostituïdes a Huelva la participació en l'engany. Els tres líders de la trama estan pendents de passar a disposició judicial en les pròximes hores, mentre que les onze dones acusades d'interposar denúncies falses han quedat en llibertat amb càrrecs.";Successos
Un ferit greu en un tiroteig a plena llum del dia a Barcelona;https://www.ara.cat/societat/successos/tiroteig-plena-llum-dia-barcelona_1_4988012.html;04/04/2024;BarcelonaEls testimonis no saben dir amb precisió quants trets han sentit. Alguns parlen de cinc, uns altres de vuit. Però el resultat és un jardinet del barri de Verdum de Barcelona ple de casquets i fragments de bala. El recorregut dels diferents cons grocs que han col·locat els Mossos d'Esquadra al costat de cada prova permetia resseguir gairebé a la perfecció la direcció dels trets. Un adhesiu blanc en una porta indicava que allà hi havia impactat una bala. En total, hi havia una desena de casquets repartits per l'herba. Aquest és l'escenari d'un tiroteig a plena llum del dia que ha posat en alerta el carrer Góngora, al districte de Nou Barris, i també una escola que hi ha a poquíssims metres des d'on s'han sentit les detonacions just quan era l'hora de dinar. Els Mossos investiguen qui hi ha al darrere de les bales, que han deixat un home ferit de gravetat. La víctima tenia un orifici de bala a l'espatlla i s'ha desplaçat caminant fins a un centre sanitari pròxim per rebre atenció sanitària. Des d'allà l'han traslladat a l'hospital. De moment, encara no és clar si ha tingut la mala sort de passar per allà o està implicat d'alguna manera en el tiroteig. Una bala també ha impactat a la part del darrere d'un taxi que en aquell moment passava i al vidre d'un bar. Els testimonis parlen de dues o tres persones que en perseguien una altra i que han obert foc amb armes curtes al mig del carrer. Després han marxat corrents. De fet, no hi ha cap detingut.;Successos
L'assaltant del McDonald's de Badalona es va voler venjar al veure imatges de Gaza;https://www.ara.cat/societat/successos/assaltant-mcdonald-badalona-voler-venjar-veure-imatges-gaza_1_4985864.html;02/04/2024;BarcelonaL'home que dimecres passat va atacar amb una destral un McDonald'sdel centre comercial Màgic de Badalona ha ingressat a presó provisional després que fos detingut al mateix lloc dels fets. Els jutjats de Badalona, però, han enviat la causa a l'Audiència Nacional, ja que s'investiga com un cas de terrorisme jihadista. Tot i que en un inici es va descartar la motivació terrorista, finalment aquesta hipòtesi ha agafat força. Segons fonts consultades per l'ARA, l'home, d'origen pakistanès, va dir després de l'assalt que havia vist unes imatges per televisió de la guerra de Gaza i que s'havia volgut venjar dels Estats Units atacant un McDonald's, la famosa cadena nord-americana de menjar ràpid. Aquesta afirmació motiva ara que l'home sigui investigat per un delicte de terrorisme jihadista. El detingut va trencar amb una destral els vidres i el mobiliari d'aquest local cap a les 19.30 h de dimecres passat, sense ferir cap persona. Un mosso d'esquadra fora de servei i un vigilant del centre comercial el van reduir. Arran de l'incident es va desallotjar el centre comercial i es va activar durant una hora el protocol de seguretat. Cap a les 20.30 h es va tornar a la normalitat. Segons fonts consultades per l'ARA, el detingut no tenia antecedents per delictes similars i feia poc que havia arribat a Catalunya, uns dos mesos.;Successos
Detinguts a Catalunya els narcos que compraven marihuana amb els 'millors' bitllets falsificats d'Europa;https://www.ara.cat/societat/successos/detinguts-catalunya-narcos-compraven-marihuana-millors-bitllets-falsificats-d-europa_1_4979462.html;25/03/2024;"BarcelonaEs diu operació Romina en honor al popular duet italià Al Bano i Romina Power, que l'any 1982 va llançar elhitFelicità. L'operació Romina, però, és una història de narcotraficants i marihuana. Els Mossos d'Esquadra i la Policia Nacional han batejat l'actuació com la cantant perquè la gran majoria dels membres detinguts del grup criminal són albanesos. La investigació va començar amb una persecució policial pels carrers de Salou el 23 de juny. Una patrulla dels Mossos va veure un vehicle conduint a gran velocitat i el va aturar. Els ocupants eren dos homes que portaven 6.000 euros en bitllets falsos de 500 euros. I no era la primera vegada que la policia veia aquella falsificació gairebé perfecta. Va ser el punt de partida d'una operació que ha acabat amb deu detinguts i diverses plantacions de marihuana desmantellades. Els bitllets d'aquell cotxe de Salou eren calcats als que distribuïauna banda que els Mossos ja havien desarticulat l'octubre del 2022. I no era una banda qualsevol, sinó ""la xarxa de falsificació més gran d'Europa"", segons la policia catalana. Així, per entendre l'operació Romina cal remuntar-se a l'operació Sentinel. Sense referències musicals, aquest cop els Mossos van triar el nom perquè la primera persona que van aconseguir identificar del grup criminal que falsificava els bitllets era el ""sentinella"", és a dir, el que salvaguardava els calés. Per atzar, un home va trobar una bossa en un descampat de Cervelló, al costat de Sant Vicenç dels Horts, amb 4,35 milions d'euros amb bitllets de 500. Tots eren falsos, però gairebé perfectes.";Successos
Resolt el crim de la revetlla de Sant Joan: haixix, narcos i trets a Alella;https://www.ara.cat/societat/successos/resolt-crim-revetlla-sant-joan-haixix-narcos-trets-alella_1_4976894.html;22/03/2024;BarcelonaEren les 19 h del 23 de juny passat i les cases d'Alella ja es preparaven per celebrar la revetlla de Sant Joan. Però un tiroteig va trencar la calma abans del soroll dels petards. Un grup d'assaltants va entrar en una casa d'aquesta localitat del Maresme i va obrir foc contra els residents.Dos homes van morir: un a la casa assaltada i un altre a l'interior d'un vehicle uns metres més enllà. La primera hipòtesi policial ja va ser la d'un enfrontament vinculat al tràfic de drogues. Ara s'ha confirmat. Els Mossos d'Esquadra han detingut tres homes d'entre 34 i 53 anys per la seva vinculació amb aquests fets. La investigació policial ha conclòs que el tiroteig d'Alella va ser un narcoassalt entre dos grups criminals vinculats al tràfic d'haixix enfrontats. Segons fonts consultades per l'ARA, tot apunta que aquests dos grups col·laboraven, però un dia un intercanvi va sortir malament. Tot plegat va desencadenar en una revenja en forma de narcoassalt en aquesta casa d'Alella.;Successos
Al mateix carrer i en una nit: lladres amb 126 antecedents roben en una escola, un restaurant i un pis;https://www.ara.cat/societat/successos/mateix-carrer-nit-lladres-126-antecedents-roben-escola-restaurant-pis_1_4974732.html;20/03/2024;BarcelonaNit intensa a la ronda Sant Antoni de Barcelona, on els Mossos d'Esquadra van detenir quatre lladres multireincidents in fraganti. Segons ha pogut saber l'ARA, tot ha passat durant la matinada d'aquest dimecres al mateix carrer de l'Eixample. La policia catalana ha detectat en els últims dies un augment dels robatoris amb força en aquesta zona, i aquest dimarts a la nit hi va fer un dispositiu especial en el marc del pla Tremall, encarat per acabar amb la multireincidència. Eren les 4.15 h quan uns agents van veure que el vidre d'un restaurant, a la ronda Sant Antoni, 35, estava trencat. S'hi van acostar i en la llunyania van veure un home que portava tres motxilles a l'esquena. El van aturar, el van escorcollar i entre les tres bosses portava una vintena d'ordinadors portàtils. Però tots aquests aparells electrònics no eren del restaurant. Els Mossos acabaven d'enxampar un home que presumptament havia robat en una escola que estava al mateix carrer, però uns metres més avall. Com ho van saber? Perquè s'havia emportat (no se sap si intencionadament per tornar-hi al cap d'uns dies o sense voler) un joc de claus de l'escola. Eren portàtils de l'Escola Pia de Sant Antoni, amb un alumnat especialment vulnerable. Aquest dimecres encara hi ha el vidre de l'entrada trencat. El va trencar amb la tapa d'un clavegueram, i abans havia fet malbé una reixa de protecció. Els Mossos van detenir el lladre, de 32 anys, però encara faltava resoldre una incògnita: qui havia atracat el restaurant?;Successos
Sis morts després que un camió hagi envestit un control de la Guàrdia Civil a Sevilla;https://www.ara.cat/societat/successos/sis-morts-despres-camio-envestis-control-guardia-civil-sevilla_1_4973267.html;19/03/2024;"BarcelonaSis persones han mort aquesta matinada, dues de les quals agents de la Guàrdia Civil, després que un camió hagi envestit un control de l'institut armat al terme municipal de Los Palacios y Villafranca, a Sevilla. El succés, que ha deixat tres agents més ferits de gravetat, ha passat al voltant de les 4.30 hores al quilòmetre 20 de l'AP-4 per circumstàncies que s'estan investigant, tot i que es treballa amb la hipòtesi que hagi estat un accident. El conductor del camió, que ha resultat il·lès, ha donat negatiu en drogues i alcohol. L'home ha estat detingut i el jutge ha decretat presó provisional per sis presumptes delictes d'homicidi imprudent i tres més de lesions greus. En una primera declaració davant el jutge el conductor ha assegurat que no hauria vist el control policial. Les víctimes haurien mort per l'impacte del camió contra diversos vehicles que es trobaven en un punt de control a càrrec d'agents del Grup d'Acció Ràpida (GAR) de la Guàrdia Civil. Segons la primera informació difosa pel cos policial, les causes podrien ser ""accidentals"" i els investigadors, de fet, creuen que el camioner hauria patit ""somnolència"" o ""falta d'atenció"". El conductor ha maniobrat ""bruscament"" quan ha rebut senyals dels agents, s'ha desviat cap al voral i ha col·lidit amb tres vehicles de l'institut armat i d'altres de particulars que estaven aturats al control.";Successos
Al cadàver de Gràcia li falta el cap i els Mossos investiguen si és el que es va trobar a Badalona;https://www.ara.cat/societat/successos/mort-violenta-gracia-mossos-esquadra-barcelona-investigacio_1_4970207.html;16/03/2024;BarcelonaEls Mossos d'Esquadra estan investigant si el cadàver que va aparèixer aquest dijous entre bosses de plàstic en ple carrer a Gràcia és del veí de Vic desaparegut a finals de gener a Badalona,de qui van trobar el cap la setmana passada en una zona boscosa a tocar de l'Hospital Germans Trias i Pujol. Segons ha pogut saber l'ARA, el cadàver que han trobat al carrer ca l'Alegre de Dalt, al barri barceloní de Gràcia, no està complet, li falta el cap. Això, juntament amb l'estat del cos, ha portat els investigadors a pensar que podria ser de l'home desaparegut a Badalona. Segons fonts consultades per l'ARA, el cos presenta signes de violència i des d'un inici s'ha investigat com un homicidi. Que sigui de l'home desaparegut és una hipòtesi policial i encara no està confirmat. Precisament, aquest divendres fonts policials han confirmat que el cap humà que van trobar uns homes mentre buscaven espàrrecs a Badalona és del vigatà desaparegut, segons els resultats de les proves d'ADN. Aquesta confirmació encara no ha arribat respecte al cos, que ha aparegut a 15 quilòmetres de distància del cap.;Successos
Qui desapareix a Catalunya i per què ho fa?;https://www.ara.cat/societat/successos/desapareix-catalunya-ho_1_4963060.html;09/03/2024;"BarcelonaAvui és el dia que és per la Cristina, una jove de setze anys que va desaparèixer la nit del 9 de març de 1997 a Cornellà de Llobregat. 27 anys després, el seu pare, Joan Bergua, lamenta que segueixin ""com el primer dia"". La Cristina havia quedat amb la seva parella i les seves amigues asseguren que aquella nit ella volia acabar amb la relació. Ell, però, sempre ha mantingut que la va deixar a la carretera d’Esplugues, molt a prop de casa seva. Ningú l'ha vista mai més. El 9 de març és el Dia de les Persones Desaparegudes sense Causa Aparent per la Cristina i per la lluita dels seus pares, que van crear la primera associació de desapareguts de l'Estat. L'any passat, 3.748 famílies es van trobar en la seva situació i van denunciar que no sabien res d'una persona propera, un 3% més que l'any anterior. El 2023, segons les dades dels Mossos d'Esquadra, a Catalunya van desaparèixer deu persones cada dia. ""No ens van acceptar la denúncia fins l'endemà. Ara ens diuen que les primeres 24 hores són primordials"", recorda el pare de la Cristina. I és així: la portaveu dels Mossos d'Esquadra, Montserrat Escudé, insisteix que ""no han de transcórrer 24 hores des de la desaparició, sobretot en casos de persones grans"". El 2023 es van resoldre el 98% de les desaparicions i en la majoria dels casos van aparèixer voluntàriament. De fet, en un 80% dels casos els van trobar al cap de poques hores. Només en un 10% van tardar una setmana i l'altre 10% més de set dies. De les 3.748 persones que van desaparèixer l'any passat, 75 continuen estant en parador desconegut. La gran majoria dels desapareguts (un 66%) tenien entre 18 i 64 anys. Els menors representen un 27% i els majors de 65 anys un 7%.";Successos
Sospiten que el cap humà de Badalona és d'un veí de Vic desaparegut;https://www.ara.cat/societat/successos/sospiten-cap-huma-badalona-d-vei-vic-desaparegut_1_4963156.html;08/03/2024;BarcelonaEls Mossos d'Esquadra estan investigantsi el cap humà que uns homes van trobar aquest dimecresmentre buscaven espàrrecs en una zona boscosa a tocar de l'Hospital Germans Trias i Pujol, a Badalona, és d'un home de Vic de 44 anys que va desaparèixer prop d'aquella zona el passat 29 de gener. Segons ha pogut saber l'ARA, la policia encara no ha trobat el cos de la víctima ni tampoc l'ha pogut identificar, ja que el cap estava en un avançat estat de descomposició. Segons les primeres exploracions, feia més de tres setmanes que era mort, fet que quadraria amb la data de la desaparició del veí de Vic. Sigui com sigui, aquesta només és una hipòtesi policial i els Mossos tenen en compte més opcions. Fonts de la investigació precisen que ell és un dels candidats, però no és l'única via que tenen els investigadors a sobre de la taula. La família de l'home ja s'ha ofert als investigadors per facilitar mostres d'ADN seves i contrastar-les amb el cadàver. Amb tot, fonts policials precisen que encara desconeixen com va morir la víctima i si va ser una mort criminal o accidental.;Successos
Uns homes que buscaven espàrrecs a Badalona troben un cap humà;https://www.ara.cat/societat/successos/mossos-investiguen-troballa-d-cap-huma-zona-boscosa-badalona_1_4961718.html;07/03/2024;BarcelonaDos homes que estaven buscant espàrrecs aquest dijous al matí en una zona boscosa a tocar de l'Hospital Germans Trias i Pujol, a Badalona, han trobat un cap humà entre els matolls. Els Mossos han rebut l'avís cap a les 13 hores i ja ha obert una investigació. Segons fonts consultades per l'ARA, les primeres exploracions apunten que la persona portava entre dues i tres setmanes morta i, de moment, no hi ha rastre de la resta del cos. La policia ha iniciat una cerca per la zona per trobar-lo. Ara per ara es desconeix la identitat de la víctima i tampoc ha transcendit si es tracta d'un home o d'una dona. La troballa ha sigut en una zona propera a una carretera que uneix Badalona amb Montcada i Reixac. Fonts policials encara no qualifiquen aquesta mort de violenta i els Mossos investiguen si es podria tractar d'un crim.;Successos
Tres tirotejos en quatre dies a Catalunya: tots vinculats al tràfic de drogues;https://www.ara.cat/societat/successos/tres-tirotejos-quatre-dies-catalunya-tots-vinculats-trafic-drogues_1_4959012.html;06/03/2024;BarcelonaEl Prat de Llobregat, Dosrius i Badalona. Aquestes són les ubicacions dels tres últims tirotejos amb armes de foc que s'han registrat a Catalunya. Entre ells només van passar 72 hores i el detonant va ser el mateix: un conflicte per tràfic de drogues. Pel mig encara hi va haver un altre succés, a Tarragona, on va morir un home de forma violenta: tot apunta que podria ser un altre tiroteig i que els implicats també estarien relacionats amb les drogues. L'arma homicida d'aquest últim succés, però, encara no està confirmada. Si l'autòpsia acaba avalant que va morir per ferides de bala, serien quatre incidents amb armes de foc en quatre dies, un balanç poc habitual al país. El primer de tots els tirotejos no s'ha conegut fins aquest dimecres. Va ser dissabte i va passar ni més ni menys que davant dels jutjats del Prat de Llobregat. Dos clans familiars del problemàtic barri de Sant Cosme van resoldre les seves diferències a trets. Segons fonts policials, una persona va resultar ferida (no està col·laborant amb els agents) i, de moment, no hi ha cap detingut. La principal hipòtesi dels Mossos és que el conflicte es remunta a un operatiu contra el tràfic de drogues que va fer la mateixa policia dos dies abans. Precisament, un dels clans familiars estava esperant als jutjats que sortissin alguns dels detinguts en aquest operatiu.;Successos
"La Comissió Jurídica Assessora dona la raó a una víctima del foam i titlla l'actuació dels Mossos de ""desproporcionada""";https://www.ara.cat/societat/successos/comissio-juridica-assessora-dona-rao-victima-foam-titlla-l-actuacio-dels-mossos-desproporcionada_1_4957614.html;05/03/2024;"BarcelonaLa Comissió Jurídica Assessora, òrgan consultiu de la Generalitat, ha conclòs que els Mossos d'Esquadra van actuar de manera ""desproporcionada"" el 18 d'octubre del 2019, durant les protestes postsentència, quan un dels seus agents d'ordre públic suposadament va disparar un projectil de foam que va colpejar el cap de l'Olga.Tal com va avançar l'ARA, la jove va quedar greument ferida: va patir un traumatisme cranioencefàlic i la van ingressar a l'UCI. L'endemà va ser operada d'urgència. Va estar ingressada tretze dies, però les seqüeles han anat molt més enllà. El 2020 li van acreditar una pèrdua d’audició del 85,8% a l'orella esquerra i també va patir una crisi epilèptica greu per lesions cerebrals. També li ha quedat un forat al crani d'1,8 cm i una cicatriu de 23 cm. La Comissió afirma que ""no ha quedat acreditada una realitat absoluta dels fets"", però sí que existeixen ""indicis suficients per arribar al convenciment que la lesió que va patir va ser causada per l’impacte d’un projectil de foam"". Per això, proposa que la Generalitat indemnitzi la víctima amb 69.218 euros.";Successos
Un home dispara contra un altre davant d'una escola a Badalona;https://www.ara.cat/societat/successos/home-obre-foc-davant-d-escola-badalona_1_4957675.html;05/03/2024;BadalonaUn home ha resultat ferit aquest dimarts al migdia a les portes d'una escola de Badalona després que un altre obrís foc contra ell amb una pistola. Els fets han passat a la plaça Font i Cussó, un carrer cèntric del municipi on hi ha un centre educatiu, l'Escola Cultural Badalona, i un espai per a pacients en tractament per addicció, el Centre Delta de drogodependències. Segons fonts consultades per l'ARA, el pistoler ha disparat tres trets contra la víctima, que en aquell moment sortia del centre de desintoxicació. La víctima ha rebut tres impactes en zones que, en principi, no són vitals, i ha hagut de ser traslladat a l'hospital. Les bales són del calibre 22 i, inicialment, s'havia sospitat que podien ser perdigonades. Segons fonts coneixedores, la víctima té antecedents policials per delictes de salut pública i, segons fonts del centre de drogodependents, era un usuari que feia temps que hi acudia. Pel que fa al pistoler, encara no se l'ha identificat i continua fugit. Tant els Mossos d'Esquadra com la Guàrdia Urbana han activat un dispositiu per trobar-lo. Un veí ha gravat un vídeo del pistoler fugint: anava vestit amb un jersei gris i ha amenaçat més d'una vegada amb tornar a disparar.;Successos
Els Mossos confirmen com a crim masclista l'assassinat d'una dona a Olot;https://www.ara.cat/societat/successos/mossos-investiguen-mort-violenta-d-dona-olot_1_4946496.html;23/02/2024;BarcelonaEls Mossos d'Esquadra confirmen que la mort violenta d'una dona de 37 anys aquest dijous a Olot, a la Garrotxa, ha estat un crim masclista. Els fets van passar aquest dijous a un habitatge de l'avinguda Santa Coloma, on es va trobar la víctima sense vida i amb ferides d'arma blanca. També s'hi va trobar un home ferit de 56 anys, que la policia confirma com a parella de la víctima. Va ser traslladat a l'hospital, on finalment va morir. Aquest es confirma com el cinquè feminicidi des del gener a Catalunya. Va ser un dels fills de la víctima qui va alertar de la situació cap a tres quarts de quatre de la tarda d'aquest dijous. Els Mossos van rebre una alerta a través del Servei d'Emergències Mèdiques (SEM), que els va informar que hi havia dues persones amb ferides per arma blanca en un habitatge. L'home va ser traslladat en estat crític a l’Hospital Josep Trueta de Girona, on va acabar morint.;Successos
Una dona amaga el cadàver del seu nadó acabat de néixer en un armari a València;https://www.ara.cat/societat/successos/dona-amaga-cadaver-nado-acabat-neixer-armari-valencia_1_4943669.html;21/02/2024;"BarcelonaLa Guàrdia Civil investiga a València la troballa del cadàver d'un nadó acabat de néixer a l'interior d'un armari a casa de la seva mare, una noia de 22 anys que havia amagat l'embaràs a la família. Segons ha informat la policia espanyola, la dona havia tingut un part sense assistència que s'hauria complicat i, a causa de l'hemorràgia, va haver d'anar a l'hospital i va deixar el cos del nadó amagat al moble de l’habitació. La noia vivia en un pis amb els seus pares, que desconeixien el seu embaràs i que la van acompanyar al centre mèdic. Segons les mateixes fonts, van ser ells que van localitzar el cos sense vida del nadó i van alertar la Guàrdia Civil. L'equip de policia judicial de Gandia s'ha fet càrrec de les diligències i, segons un comunicat, de moment ""no es facilitaran més dades"" del succés ""en atenció al respecte i la intimitat de la família"".";Successos
Nou crim a Catalunya: troben al Bages el cadàver d'un jove desaparegut a Tarragona;https://www.ara.cat/societat/successos/nou-crim-catalunya-localitzen-bages-cadaver-d-jove-desaparegut-tarragona_1_4938483.html;14/02/2024;BarcelonaNou crim a Catalunya. Els Mossos d'Esquadra han localitzat un cadàver amb signes de violència en una zona boscosa a prop de la llera del riu Cardener, al terme municipal de Callús, a la comarca del Bages. Segons ha pogut saber l'ARA, la víctima és un home de 28 anys que no és del municipi, sinó de les comarques de Tarragona, i que feia temps que estava desaparegut. De fet, la seva família havia presentat una denúncia per desaparició. La policia treballa amb la hipòtesi que l'autor o autors del crim van abandonar el cadàver en aquest punt ocult del Bages. De moment, no hi ha cap detingut. La policia va localitzar el cadàver dimarts a la nit, a les 23.45 h. Fonts coneixedores dels fets apunten que el cos presentava diverses lesions, sense concretar encara si eren cops o ferides d'arma blanca. Segons ha pogut saber aquest diari, han sigut els Mossos els que han localitzat directament el cos sense vida del jove. Per arribar-hi, un element ha sigut clau: el seu telèfon mòbil. La policia va poder ubicar el mòbil de la víctima a Callús i això els va portar a la llera del riu Cardener. El mòbil va aparèixer en una zona a prop d'on finalment els agents van trobar el cadàver.;Successos
Evacuen tots els veïns del bloc del costat del que es va enfonsar a Badalona a causa de diverses esquerdes;https://www.ara.cat/societat/successos/evacuen-pisos-bloc-costat-enfondrar-badalona-esquerda_1_4938351.html;14/02/2024;"BarcelonaEls Bombers de la Generalitat han desallotjat tots els veïns de l'edifici número 7 del carrer Canigó de Badalona, el que està just al costat del bloc que es va enfonsar la setmana passada i que vadeixar tres víctimes mortals, per l'aparició de diverses esquerdes als sostres. Segons fonts consultades per l'ARA, la setmana passada ja se'n van detectar algunes, en aquest immoble, però els Bombers les van inspeccionar i van concloure que no hi havia cap risc. Aquest dimecres, però, ha aparegut una nova esquerda de dimensions considerables al sostre de la porta número 4 de la quarta planta de l'edifici. Aquest habitatge limita directament amb la paret de l'edifici enfonsat. Els Bombers l'han revisat i han conclòs que sí que podia tenia afectació. Per tant, després de desallotjar primer els veïns d'aquesta planta i els de la tercera, finalment han decidit evacuar tots els residents per poder treballar amb seguretat. ""Aquestes esquerdes sembla que s'estan repetint en altres pisos del mateix bloc"", ha explicat l'alcalde de Badalona, Xavier García Albiol. Quant temps els veïns hauran de ser fora de casa seva? ""No ho sabem"", ha dit l'alcalde, que ha explicat que s'han activat els serveis socials de l'Ajuntament per oferir un allotjament provisional als veïns, però que de moment cap no ho ha requerit. Alhora, els residents dels pisos més allunyats de les parets del bloc enfonsat podran entrar un moment a casa seva a buscar algunes pertinences bàsiques. En canvi, els que viuen a tocar del bloc accidentat no ho podran fer.";Successos
Una dona gran mor per inanició després que el fill patís un accident domèstic mortal a Madrid;https://www.ara.cat/societat/successos/dona-gran-mor-inanicio-despres-fill-patis-accident-domestic-mortal_1_4937682.html;13/02/2024;BarcelonaTenia 87 anys, era dependent i feia temps que no s'aixecava del llit perquè tenia problemes de mobilitat. La cuidava el seu fill, de 54 anys, i vivien plegats en un pis al barri madrileny d'Aluche. Dissabte passat els van trobar tots dos sense vida a casa seva. Els cadàvers estaven en un avançat estat de descomposició, però no hi havia cap signe de violència. La principal hipòtesi policial és que el fill va morir de forma natural i la dona va acabar perdent la vida per inanició dies més tard. Ningú la va alimentar ni cuidar, i ella no va poder enviar senyals a l'exterior perquè l'ajudessin. Han passat setmanes fins que els han trobat. Van ser els veïns del carrer Ocaña, al sud de Madrid, els que dissabte passat van trucar als serveis d'emergència per avisar que sortia una forta pudor del pis on vivien la mare i el fill. La Policia Nacional va entrar a l'habitatge cap a les 9 del matí de dissabte i va localitzar els dos cadàvers. El de la dona era al llit i el del seu fill a la cuina.;Successos
La principal hipòtesi de l'esfondrament de Badalona: runa acumulada en un àtic en obres;https://www.ara.cat/societat/successos/principal-hipotesi-l-esfondrament-badalona-runes-acumulades-atic-obres_1_4931912.html;07/02/2024;BarcelonaEls especialistes dels Mossos d'Esquadra investiguen les causes de l'esfondrament parcial d'un edifici a Badalona,un tràgic accident que ha deixat tres víctimes mortalsque aquest matí els Bombers de la Generalitat han localitzat entre la runa. El bloc, de cinc plantes, situat al carrer Canigó, no es va enfondrar totalment: van cedir els sostres d'un costat de l'edifici, deixant intacta la façana. És a dir, van quedar ensorrats tots els menjadors, des de l'àtic fins als baixos, però es va mantenir dreta la resta dels pisos. Aquest element és clau per a la investigació dels Mossos, que, a l'espera dels resultats dels pèrits i de més informes sobre la situació del bloc, ja tenen una primera tesi: segons fonts consultades per l'ARA, la policia treballa amb la hipòtesi que els sostres van cedir per l'acumulació de runa al terra de l'àtic, que estava en obres. Tot apunta, segons fonts coneixedores del cas, que el veí de l'àtic estava fent una reforma menor (res estructural, apunten les fonts) i va acumular runa a terra, fet que va provocar que cedís i es creés un efecte dominó en els sostres dels altres pisos. En paral·lel, la policia investiga si l'edifici tenia algun defecte estructural. Durant la primera inspecció després del sinistre, segons fonts presents, els Bombers van parlar d'una possible aluminosi o l'existència de materials de mala qualitat al sostre de l'àtic, una hipòtesi que també ha apuntat aquest dimecres l’alcalde de Badalona, Xavier García Albiol. Sigui com sigui, són hipòtesis inicials i la investigació dels Mossos acaba de començar.;Successos
Els Bombers busquen tres veïns de l'edifici que s'ha ensorrat parcialment a Badalona;https://www.ara.cat/societat/s-esfondra-edifici-cinc-plantes-badalona_1_4930886.html;06/02/2024;Badalona / BarcelonaUn edifici de cinc plantes s'ha esfondrat parcialment aquest dimarts al matí a Badalona i els Bombers de la Generalitat encara busquen si hi ha algú atrapat. Hi ha tres persones no localitzades, una dona d'entre 30 i 40 anys, un home de la mateixa franja d'edat, i una dona d'uns 50 o 60 anys. Totes tres persones estaven empadronades a l’edifici, situat al número 9 del carrer del Canigó, al cèntric barri del Raval, i vivien en habitatges diferents. Segons han explicat familiars, un dels desapareguts estava fent una videotrucada des de casa en el moment del col·lapse. Els Bombers han evacuat de forma preventiva els dos edificis del costat, el número 7 i el número 11 i, a mitja tarda, els residents –de 40 habitatges en total– han pogut tornar a casa. Pel que fa als habitants evacuats de l’edifici que s’ha esfondrat, la majoria s’allotjaran en cases de familiars. Si no és possible, l’Ajuntament de Badalona els oferirà un hotel o una pensió. Segons fonts consultades per l'ARA, l'edifici es va construir el 1959, no tenia obert cap expedient per deficiències estructurals i havia estat revisat fa pocs anys. L'esfondrament ha sigut a les 10.30 hores, quan ha col·lapsat la coberta de l'àtic i han cedit els sostres d'un costat de l'edifici, deixant intacta la façana. És a dir, han quedat ensorrats tots els menjadors, des de l'àtic fins als baixos, però s'ha mantingut dreta la resta del pis. Això ha permès que diversos veïns poguessin sortir pel seu propi peu del bloc, tal com corroboren diversos testimonis i fonts dels Bombers.;Successos
Detenen un home a Barcelona per finançar grups jihadistes amb criptomonedes;https://www.ara.cat/societat/detenen-home-barcelona-financar-grups-jihadistes-criptomonedes_1_4924850.html;31/01/2024;"BarcelonaLa Guàrdia Civil ha detingut un home a Barcelona acusat de captar fons per al grup terrorista Daesh a partir de criptomonedes. L'operació s'ha dut a terme sota la supervisió del jutjat central d'instrucció número 6 i la Fiscalia de l'Audiència Nacional. El presumpte autor dels fets ha passat a disposició judicial i ha estat enviat a presó provisional. Segons ha comunicat la Guàrdia Civil, el detingut seria titular de diverses adreces de criptomonedes que formarien un entramat econòmic amb ramificacions en diversos països. La seva finalitat era captar fons per després enviar-los al Daesh,la principal organització jihadista a escala mundial juntament amb Al-Qaida. Aquesta via de finançament terrorista va començar a finals de la dècada passada, tan bon punt van aparèixer les monedes virtuals. Ara bé, segons explica el cos policial, amb els anys ha augmentat molt el seu ús. L'aparició del covid hauria estat el principal detonant: ""La situació sanitària viscuda l'any 2020 va servir com a catalitzador d'aquesta nova amenaça per a la seguretat"", assegura la Guàrdia Civil: ""La pandèmia va propiciar l'aparició de noves tendències terroristes especialitzades en l'àmbit econòmic per compensar, entre altres aspectes, la pèrdua de mobilitat personal"".";Successos
Els Mossos busquen un home que s'hauria emportat a punta de pistola el fill tutelat d'un centre de Lleida;https://www.ara.cat/societat/successos/mossos-busquen-home-hauria-emportat-punta-pistola-fill-tutelat-centre-lleida_1_4924851.html;31/01/2024;BarcelonaNou cas de sostracció de menors tutelats a Lleida,el segon en només deu dies. Els Mossos d'Esquadra estan buscant un home que diumenge s'hauria emportat el seu fill de 2 anys d’un centre de menors tutelats per la Generalitat. El pare, juntament amb altres familiars, va entrar per la força al Centre d'Acollida Torre Vicens i va amenaçar amb una pistola els treballadors perquè li donessin el fill. A hores d'ara, segons fonts policials, encara no és clar si la pistola, que no es va disparar, era real o simulada. Els fets, avançats perEl Segrei confirmats per l’ARA, van passar diumenge a la nit i la policia encara no ha pogut localitzar ni el menor ni els familiars.;Successos
Crim a Torroella de Montgrí: troben una dona morta en un cotxe amb diverses apunyalades;https://www.ara.cat/societat/mossos-investiguen-mort-violenta-d-dona-trobada-cotxe-torroella-montgri-investiguen-com-un-crim-la-troballa-d-una-dona-morta-al-seu-cotxe-a-torroella-de-montgri_1_4922837.html;29/01/2024;BarcelonaEls Mossos d'Esquadra investiguen la mort violenta d'una dona a la localitat gironina de Torroella de Montgrí, al Baix Empordà. El cadàver s'ha trobat a l'interior d'un cotxe, que era en un camí de la zona de la Gola del Ter, a tocar de l'Estartit. La policia catalana ha rebut l'avís d'un testimoni cap a les 12 del migdia que deia que a l'interior d'un vehicle estacionat en un camí de terra hi havia una persona sense signes vitals. Agents de la Divisió d'Investigació Criminal (DIC) de la Regió Policial de Girona s'han fet càrrec del cas per aclarir la mort de la dona, de 45 anys. A hores d'ara, la principal hipòtesi és que es tracta d'un crim: el cadàver presenta diverses apunyalades, segons fonts properes al cas. En la primera inspecció policial no s'han detectat elements visibles de violència extrema. Durant l'aixecament del cadàver, però, els investigadors de la policia catalana han vist indicis clars d'homicidi al cos de la víctima, que serien diverses ferides d'arma blanca. D'aquesta manera, s'ha prioritzat la hipòtesi de la mort violenta per davant d'altres possibilitats, com la d'una mort accidental o voluntària. De fet, la investigació l'ha assumit directament la DIC, que s'encarrega de les morts criminals.;Successos
Enxampen a Alemanya el Pastilla, el sicari que es va fugar de la presó camuflat entre els seus familiars;https://www.ara.cat/societat/successos/enxampen-alemanya-pastilla-sicari-fugar-preso-camuflat-familiars_1_4920355.html;25/01/2024;BarcelonaUn mes desprésd'haver-se escapat de la presó d'Alcalá-Meco de Madrid, la Policia Nacional ha detingut Yusef M. L., més conegut com el Pastilla, un jove sicari de 20 anys que estava tancat per dos assassinats. El Pastilla havia aconseguit sortir d'Espanya i la policia l'ha localitzat a Leipzig, a Alemanya, a punt d'agafar un tren per continuar amb la seva fugida. El jove sicari no es va escapar de la presó ni excavant un túnel subterrani ni escalant un mur ple de filferros: va sortir caminant per la porta principal, camuflat entre uns quants familiars que l'havien anat a veure abans de les festes de Nadal. La policia va arribar a difondre la seva imatge i a demanar la col·laboració ciutadana per localitzar-lo. Finalment, l'han trobat a més de 2.000 quilòmetres de la presó. El seu nom és força conegut a Andalusia, on en poc temps hauria comès dos crims pels quals ara estava en presó preventiva. El primer, el 6 d'octubre del 2022 a Algesires, va ser un error: el seu cap, conegut com el Tayena, suposadament li va ordenar que executés un membre d'una màfia rival, els Piolín. El Pastilla, però, l'hauria confós amb un treballador del port d'Algesires. El segon crim que se li atribueix és precisament l'assassinat del seu cap, el Tayena, l'abril d'aquest any: li van disparar a boca de canó quan sortia de casa seva, a Cadis, segonsEl Faro de Ceuta.;Successos
La traïció d'una noia enmig d'una guerra de narcos a Marsella: resolt el doble crim de Salou;https://www.ara.cat/societat/successos/traicio-d-noia-enmig-d-guerra-marsella-resolt-doble-crim-narcos-salou_130_4917544.html;23/01/2024;MarsellaOmar creia que aquella nit de dimecresseria de celebracions i retrobaments. Després de mesos ocult per la costa mediterrània espanyola, tornava a veure uns quants amics i coneguts de la Marsella que va haver d'abandonar corrents després de ser encausat per la seva vinculació amb l'assassinat d'un tatuador. Des d'aleshores havia intentat passar desapercebut. El seu passat, vinculat a la màfia marsellesa dels Yoda –en honor a la Guerra de les Galàxies– el posava en perill. I encara ho feia més el seu llinatge familiar: el seu cunyat era ni més ni menys que el líder dels Yoda, Felix Bingui, conegut comel gat, un dels narcotraficants més temuts de la costa blava. Per a Omar, Salou havia de ser l'escenari d'una nit de bars i discoteques. Però algú el va trair. Eren les 22:35 hores del 3 de maig de 2023. Omar seia a la part de darrere d'un cotxe aparcat davant d'un hotel de Salou. Al seient del conductor hi havia el Nadir, un amic seu. Al copilot, una coneguda. Miraven un partit de futbol des del mòbil. En un moment donat, la noia va baixar del cotxe i va entrar a l'hotel, on hi havia algunes amigues seves allotjades. Minuts després, d'un cotxe van baixar tres nois amb dues pistoles i un kalàixnikov i van obrir foc contra Nadir i Omar, que seguien dins del cotxe. Nadir va morir immediatament. Omar va aconseguir sortir del cotxe i va córrer uns metres, però el van acabar tocant de mort. Els atacants van disparar més de trenta bales en 90 segons.;Successos
Els Mossos busquen la mare dels quatre menors tutelats desapareguts divendres;https://www.ara.cat/societat/successos/mossos-investiguen-segrest-quatre-menors-tutelats-generalitat_1_4916426.html;22/01/2024;BarcelonaEls Mossos d'Esquadra estan intentant localitzar quatre menors d'edat tutelats per la Generalitat de Catalunya que vivien provisionalment en un centre de menors de Lleida. Tal com ha avançatEl Segrei ha pogut confirmar l'ARA, els menors són quatre germans. Segons fonts consultades per aquest diari, la policia sospita que la família biològica dels nens se'ls hauria emportat abans que fossin reubicats en una família d'acollida. Els Mossos ja han detingut el pare de dos dels quatre germans, un home de 32 anys. Tot i això, no ha quedat demostrada la seva implicació en els fets i ha quedat en llibertat com a investigat. Els Mossos busquen ara a la mare dels menors, que no estava amb el pare en el moment de la detenció, i altres membres de la família. La sostracció va ser aquest divendres 19 de gener. La hipòtesi que hagin sigut els menors els que s'hagin escapat està descartada. Segons fonts consultades per l'ARA, el segrest no va ser a dins del centre. Les mateixes fonts apunten que se'ls van endur en un vehicle aprofitant que havien fet una sortida i estaven sols amb una treballadora de la Generalitat. Aquell mateix dia, segons fonts dels Mossos, la policia ja va detenir el pare dels menors com a presumpte autor del segrest, però l'home no estava amb els menors ni va quedar demostrat que hagués participat en la sostracció. Els germans vivien provisionalment en un centre de menors de Raimat, a tocar de Lleida, i havien de ser reubicats en una família d'acollida en les setmanes vinents. Un dels temors dels Mossos, segons fonts policials, és que s'enduguin els menors al seu país d'origen i per això estan buscant a la mare.;Successos
Una estafa amorosa: la hipòtesi principal en el crim contra tres germans a Morata;https://www.ara.cat/societat/successos/troben-cadavers-tres-germans-d-avancada-edat-signes-violencia-madrid_1_4913954.html;19/01/2024;BarcelonaFeia setmanes que cap habitant de Morata de Tajuña (Madrid) sabia res dels germans Pepe, Amelia i Ángela. Era estrany en ells: tots tres participaven activament en les activitats culturals del poble. Aquest 2024, però, havien desaparegut. Fruit de la seva popularitat, quan ahir al matí la Guàrdia Civil va trobar els tres cadàvers cremats, apilats i amb restes de sang, els veïns no van dubtar en assenyalar què els havia pogut passar: es tractaria d'un deute per una estafa amorosa. Les víctimes d'aquesta estafa serien l'Amelia i l'Ángela. Segons va relatar a Efe Enrique Velilla, amic de la família, tant l'Amelia com l'Ángela van contactar fa anys amb dos militars nord-americans que asseguraven estar destinats a l'Afganistan a través de Facebook. Les germanes i ells van iniciar una relació. Un bon dia, però, un d'ells, que assegurava dir-se Edward, va informar les germanes que l'altre militar havia mort i que, per poder cobrar la seva herència, necessitava que li enviessin diners de manera periòdica.;Successos
Detingut l'home acusat de violar la mare del nadó trobat mort en una paperera;https://www.ara.cat/societat/violencia-masclista/mossos-detenen-home-violacio-mare-nounat-bisbal_1_4908304.html;12/01/2024;BarcelonaEls Mossos d'Esquadra han detingut a la Bisbal d'Empordà un home de 39 anys com a presumpte autor de la violació de la maredel nounat que el passat 2 de gener van trobar mort en una papererade la mateixa localitat. En els darrers dies, la policia havia aconseguit identificar i localitzar la mare de la criatura.La dona va declarar que es va quedar embarassada arran d'una violació i que el nen ja va néixer sense vida. En seu policial, la mare va aportar detalls clau als investigadors per poder localitzar l'autor de l'agressió sexual que va patir i va demanar mesures de protecció. Segons ha pogut saber l'ARA, l'agressor i la víctima es coneixien. Segons ha informat la policia catalana, la detenció es va practicar aquest dijous i aquest divendres al matí l'home ha quedat en llibertat amb càrrecs després de passar a disposició judicial. La dona, de poc més de vint anys, va assegurar que va amagar en tot moment aquest embaràs al seu entorn i va confessar que quan va donar a llum va deixar el nadó sense vida dins de la paperera. El nadó acabava de néixer i encara li penjava el cordó umbilical quan un treballador del servei de neteja municipal el va trobar. Va ser abandonat en una paperera metàl·lica de petites dimensions que toca a la façana exterior de la parròquia de Santa Maria de la Bisbal d'Empordà. Quan el treballador el va trobar, el nounat ja estava mort.;Violència masclista
La mare del nadó de la Bisbal al·lega que va néixer mort;https://www.ara.cat/societat/violencia-masclista/mare-nado-bisbal-lega-neixer-mort_1_4907391.html;11/01/2024;BarcelonaEls Mossos d'Esquadra han identificat i localitzatla mare del nounat trobat mort en una paperera de la Bisbal d'Empordàel 2 de gener d'aquest any. Segons informa Efe, la mare ha declarat davant de la policia que el nen ja va néixer mort i que es va quedar embarassada arran d'una violació. La noia, d'origen africà i de poc més de vint anys, assegura que va amagar en tot moment aquest embaràs al seu entorn i que quan va donar a llum va deixar el nadó sense vida dins de la paperera. El nadó acabava de néixer i encara li penjava el cordó umbilical quan un treballador del servei de neteja municipal el va trobar. Va ser abandonat en una paperera metàl·lica de petites dimensions que toca a la façana exterior de la parròquia de Santa Maria de la Bisbal d'Empordà. De fet, la troballa va ser al carrer Germans Sitja, un punt molt cèntric de la capital del Baix Empordà, situat just al darrere de l'església de la localitat i a pocs metres de l'Ajuntament. Quan el treballador el va trobar, el nounat ja estava mort.;Violència masclista
Robatori a Reus: tiren a terra un home amb cadira de rodes i li roben els diners i la morfina;https://www.ara.cat/societat/successos/robatori-reus-tiren-terra-home-cadira-rodes-li-roben-diners-morfina_1_4907309.html;11/01/2024;"BarcelonaEl van veure entrar al banc amb cadira de rodes i el van esperar. Quan en va sortir, els dos nois el van seguir uns metres i se li van tirar a sobre. L'home, de mitjana edat i amb la mobilitat reduïda, va caure a terra. Els dos nois li van buscar la cartera i li van robar els 150 euros que acabava de treure del banc. Després li van arrencar un catèter que anava connectat a una bomba que li subministrava morfina per pal·liar el dolor. Aquest catèter el tenia enganxat a l'esquena i l'home va començar a sagnar. Els dos agressors van marxar corrents amb els diners i la morfina. Era el 7 de gener a les dues del migdia, al centre de Reus, a plena llum del dia. Els Mossos d'Esquadra van aconseguir identificar i detenir els autors del robatori un dia i mig després. Són dos nois de 19 anys. ""Acumulen múltiples antecedents"", explica el subinspector Marco Jiménez, responsable de seguretat ciutadana a Reus. Un d'ells en suma sis i l'altre quatre, tots per delictes semblants. Sobretot, robatoris amb violència. ""Cometen delictes oportunistes"", afegeix el subinspector. En aquest cas, el robatori no estava planificat ni havien fet un seguiment previ de la víctima. Simplement, van veure com entrava amb la cadira de rodes al banc i van voler aprofitar-se'n.";Successos
Un accident, la principal hipòtesi de l'origen de l'incendi mortal de Calella;https://www.ara.cat/societat/successos/mossos-investiguen-hi-darrere-d-incendi-mortal-calella_1_4904775.html;08/01/2024;BarcelonaUn home ha mort aquesta matinada en un incendi en un pis a Calella, a la comarca del Maresme. L'avís del foc s'ha rebut a les 3.47 h i en 20 minuts els Bombers de la Generalitat han donat l'incendi per controlat després d'atacar amb intensitat les flames, que venien d'un tercer pis. Un cop a l'interior de l'habitatge, que ha quedat totalment calcinat, els Bombers han localitzat el cadàver d'una persona que els Mossos d'Esquadra. Segons fonts coneixedores dels fets, tot apunta que es tracta d'un home d'uns 50 anys sense antecedents, tot i que l'estat del cadàver ha dificultat les tasques d'identificació. Els equips d'emergència han hagut d'evacuar del pis un home que s'havia confinat en una habitació amb un gos, i un altre noi ha aconseguit sortir del pis pel seu propi compte abans de l'arribada dels Bombers. Segons ha pogut saber l'ARA, la principal hipòtesi policial és que la causa de l'origen del foc ha sigut totalment accidental. Tot i això, en un inici, segons diverses fonts consultades, la identitat de les persones que estaven en aquell pis quan s'ha originat el foc ha posat en alerta els Mossos d'Esquadra. Concretament, un dels que hi era i que els Bombers han hagut d'evacuar és un noi que està implicat en un incendi provocat a la mateixa localitat el mes passat. Va ser en el marc d'un conflicte relacionat amb el tràfic de drogues entre la propietària del pis, presumpta traficant, i un grup d'11 joves multireicidents que acumulen més de 50 detencions en mig any i que l'Ajuntament de Calellaha situat com un dels principals detonants de la sensació d'inseguretat dels veïns del municipi. El pis on hauria calat foc al desembre és molt a prop del de l'incendi d'avui, i el jove vinculat amb els dos incendis va sovint amb aquest grup de multireincidents,quatre dels quals es troben en presó preventiva, que preocupa l'Ajuntament. Fonts policials no el defineixen com un dels multireincidents, sinó un noi amb molts antecedents per actes incívics.;Successos
Els Mossos investiguen la mort violenta d'un home en una zona rural del Segrià;https://www.ara.cat/societat/successos/mossos-investiguen-mort-violenta-d-home-zona-rural-segria_1_4902677.html;05/01/2024;BarcelonaEls Mossos d'Esquadra investiguen la mort violenta d'un home aquest divendres a Vilanova de la Barca, a la comarca del Segrià. L'avís ha sigut a les dues del migdia: segons fonts consultades per l'ARA, una dona ha trucat al telèfon d'emergències alertant que s'havia trobat el seu marit totalment inconscient en una zona rural de la seva propietat. Els efectius del Sistema d'Emergències Mèdiques no han pogut fer res per salvar-li la vida i l'home ha acabat morint. Segons fonts consultades, l'home presentaria un fort trau al cap que l'hauria deixat inconscient i li hauria acabat provocant la mort. Ara els Mossos d'Esquadra estan buscant els autors dels fets. Segons les primeres informacions, els autors li haurien robat el cotxe després d'agredir-lo i haurien escapat per carretera. La Divisió d’Investigació Criminal de Lleida s’ha fet càrrec de la investigació, que es troba sota secret d'actuacions, per tal d’aclarir els fets. Ara per ara, totes les hipòtesis estan obertes: des d'un robatori violent fins a una agressió entre coneguts.;Successos
Troben un nounat mort a dins d'una paperera a la Bisbal d'Empordà;https://www.ara.cat/societat/successos/troben-nado-mort-d-paperera-bisbal-d-emporda_1_4899888.html;02/01/2024;Barcelona / La Bisbal d'EmpordàUn nadó acabat de néixer ha aparegut mort aquest dimarts al matí en una paperera de la Bisbal d'Empordà. Segons fonts consultades per l'ARA, l'ha trobat cap a dos quarts de set un treballador del servei de neteja municipal que feia la ronda pel centre. Ha estat ell qui ha avisat els Mossos d'Esquadra i els serveis d'emergència. Quan el treballador municipal ha trobat el cos, el nadó ja era mort, segons fonts pròximes al cas. El Sistema d'Emergències Mèdiques (SEM) només n’ha pogut confirmar la defunció. La policia ja ha obert una investigació, que està sota secret de sumari, per descobrir qui l'ha abandonat. Fonts coneixedores dels fets expliquen que el nadó acabava de néixer i encara li penjava el cordó umbilical. Ha estat abandonat en una paperera metàl·lica de petites dimensions que toca la façana exterior de la parròquia de Santa Maria de la Bisbal d'Empordà. De fet, la troballa ha estat al carrer Germans Sitja, un punt molt cèntric de la capital del Baix Empordà, situat just al darrere de l'església de la localitat i a pocs metres de l'Ajuntament. Ara els Mossos revisen les càmeres de seguretat d'establiments pròxims per intentar reconstruir els fets.;Successos
Un deute econòmic, darrere de l'assassinat d'una noia de 25 anys a la Ribera d'Ebre;https://www.ara.cat/societat/successos/deute-economic-darrere-l-assassinat-d-noia-25-anys-ribera-d-ebre_1_4874505.html;02/01/2024;"BarcelonaEl cadàver de la Marina va aparèixer fa 285 diesen un camp a tocar de la carretera N-240 al seu pas per Móra la Nova (Ribera d'Ebre). Tenia 25 anys i era de Garcia, un poble de 500 habitants de la mateixa comarca. El seu cadàver el va trobar un pagès que passava per allà a primera hora del matí. El cos tenia evidents signes de violència: morats, cops i traus. L'assassinat de la Marina va ser des d'un primer moment considerat com el tercer feminicidi de l'any a Catalunya (ja se n'han produït 14 més). La consellera d'Igualtat i Feminismes, Tània Verge, va condemnar des de Garcia""un feminicidi que colpeja una comunitat, un poble i tot el país"". La realitat, però, és que el nom de la Marina no apareix en el recompte d'assassinats masclistes del 2023 dels Mossos d'Esquadra ni en el còmput de feminicidis del departament d'Igualtat i Feminismes. És a dir, la investigació policial ha descartat finalment que el detingut pel crim la matés per ser la seva parella o exparella (seria al recompte de Mossos) o que l'assassinessin pel fet de ser una dona (apareixeria al recompte del Govern). El dia abans que es trobés el cos, els familiars de la Marina havien denunciat la seva desaparició. Treballava en una residència de gent gran a Móra la Nova i el seu torn acabava tard, passades les nou de la nit. Aquell dimecres no va tornar a casa, però el seu cotxe continuava aparcat just davant del geriàtric. Segons alguns testimonis la Marina va sortir de la feina amb un home. Al cap d'unes hores de la troballa del cadàver els Mossos ja el van detenir com a presumpte autor del crim: era un noi de 24 anys veí de Móra la Nova que des de llavors està en presó preventiva pel crim. Tenia almenys dos antecedents per agressió sexual, l'última a la festa major del poble de l'any passat. Era un perfil conflictiu que la policia ja tenia controlat. Des de l'entorn de la Marina deien que no sabien qui era aquell noi, però els Mossos insistien que la víctima i el seu botxí es coneixien.";Successos
Detenen a Tarragona l'oncle que va executar el nebot d'un tret al cap a Madrid;https://www.ara.cat/societat/successos/detenen-tarragona-l-oncle-executar-nebot-d-tret-cap-madrid_1_4897584.html;29/12/2023;BarcelonaEn les últimes hores, la Guàrdia Civil havia ampliat la recerca de l'home de 54 anys que dimecres al vespre va assassinar d'un tret al cap el seu nebot de 29 anys a Mejorada del Campo (Madrid). El presumpte assassí va disparar contra el noi amb una escopeta al pis on vivien i va fugir amb cotxe. El buscaven per Madrid, Toledo i Guadalajara. Però, finalment, aquest divendres s'ha entregat als jutjats de Tarragona. Una patrulla dels Mossos d'Esquadra ha comprovat que tenia una ordre de cerca i captura pel crim de dimecres i l'ha arrestat cap a les 12.00 hores, segons ha explicat el cos, que ara coordina el trasllat del detingut a la Guàrdia Civil, que haurà de reconstruir les últimes 48 hores per aclarir com va poder fugir del lloc del crim i anar fins a Tarragona. Els agents revisaran el cotxe amb el qual es va fugar per veure si hi troben noves pistes que els ajudi a reconstruir el cas. Una de les possibilitats és que l'home agafés l'autovia A-2, propera al lloc dels fets, i acabés desviant-se cap a Tarragona, on d'entrada no consta que hi tingui cap familiar o conegut, segons Europa Press, tot i que aquest és un altre extrem que haurà d'aclarir la investigació.;Successos
Dos crims en una nit: tiroteig mortal en un bar de Barcelona i apunyalament a Santa Coloma;https://www.ara.cat/societat/successos/crims-nit-tiroteig-local-barcelona-apunyalament-mortal-santa-coloma_1_4895011.html;24/12/2023;Barcelona / Santa Coloma de GramenetDos crims en una nit: un home ha mort tirotejat aquest diumenge de matinada en un bar de Barcelona i un altre d’una punyalada a Santa Coloma de Gramenet. En el cas de la capital catalana, la víctima de 32 anys, ha estat assassinat d’un tret a l’interior d’un bar del carrer Blai, al barri del Poble-sec. Els fets s'han produït passada la mitjanit i, segons ha pogut confirmar l’ARA, la principal hipòtesi dels Mossos d’Esquadra apunta a una execució per un conflicte de drogues. En el cas de l’home apunyalat a Santa Coloma, el motiu seria una discussió. Els Mossos busquen l'autor del tiroteig que ha acabat amb la vida d’un home a l’interior d’un bar al barri del Poble-sec. En el moment del crim, a l’interior del local encara hi havia gent, ja que l’horari de tancament era a la 1 de la matinada. Diversos testimonis han explicat a la policia que l’homicida va entrar al bar, va disparar la víctima al cap i va fugir amb una moto. Els primers agents a arribar al lloc dels fets –un bar situat al número 2 del carrer Blai que es defineix com a restaurant de cuina llatina– van ser dos guàrdies urbans de paisà que van veure la fugida en moto. La revisió de càmeres de seguretat que abunden als locals del carrer, ple de bars i terrasses, podria oferir informació valuosa per descobrir qui ha comès aquest crim.;Successos
Un deute econòmic, darrere l'atac amb escopeta a Figueres;https://www.ara.cat/societat/successos/tiroteig-figueres-policia-redueix-trets-home-havia-disparat-cunyada_1_4890839.html;20/12/2023;BarcelonaFeia molt temps que no es veien les cares. Ja feia gairebé vuit anys que aquell home de 71 anys havia deixat de ser la parella de la seva germana i, segons fonts de la investigació, durant aquest temps pràcticament no s'havien vist. Aquest dimarts al vespre, però, l'home es va presentar a casa de la seva excunyada, als afores de Figueres, i va obrir foc amb una escopeta contra ella i la seva filla menor d'edat, que es van refugiar a la casa. Al cap d'uns minuts, va arribar la Guàrdia Urbana, a qui l'home també va disparar. Els agents es van posar a cobert i van respondre amb trets. Finalment, el van abatre. La gran pregunta és per què l'home es va presentar en aquella casa i va obrir foc contra la seva antiga família política. La investigació dels Mossos d'Esquadra acaba de començar, però fonts policials pràcticament descarten la hipòtesi de la violència de gènere i tot apunta a una disputa familiar per diners. Tal com va explicar aquest dimarts l'ARA, en les hores posteriors als fets aquesta també era la principal hipòtesi de l'atac. Segons fonts de la investigació, a hores d'ara tot apunta que l'atac de l'home hauria estat motivat per un deute econòmic: unes feines que va fer fa vuit anys per a la seva família política i que no li haurien pagat.;Successos
"""Quan es pon el sol has d'anar amb compte"": la percepció d'inseguretat s'enquista a Calella";https://www.ara.cat/societat/successos/pon-sol-has-d-compte-percepcio-d-inseguretat-s-enquista-calella_130_4888619.html;18/12/2023;"CalellaUn home explica que cada dia porta la filla a l’institut i la recull “per si de cas”. Una dona gran comenta que no surt de casa quan es pon el sol. “Després has d’anar amb compte. I només trec diners a dins del banc”, afegeix. Un restaurador diu que tanca el negoci abans d’hora per ""por que el robin"", i un altre home fins i tot admet que s’està plantejant treure’s el permís d’armes. Aquesta és una de les realitats de Calella, una ciutat de 18.000 habitants on tothom se saluda, però on des de fa un temps la sensació d'inseguretat dels veïns ha anat escalant i generalitzant-se fins a enquistar-se. L'altra realitat, la que ofereixen les dades policials, descarta que els delictes en aquest municipi costaner hagin pujat de manera preocupant. “Hi ha diverses realitats paral·leles”, reflexiona una font que coneix de primera mà la situació. Hi ha la d'un comerciant del centre de la ciutat que es deixa preparat un pal de golf al costat de la caixa per si l'atraquen. I també hi ha la realitat de les xifres: segons les dades a què ha tingut accés l’ARA, entre l’octubre del 2021 i el del 2022, quan encara hi havia restriccions pel coronavirus, es van cometre 35 robatoris a establiments de Calella. Enguany han estat 29. També hi ha la realitat d’un veí que, atemorit per la idea que el robessin, ha canviat la porta de casa per posar-ne “una de les més segures del mercat”. De nou, però, les dades no assenyalen un repunt dels robatoris a domicili: l’any passat n'hi va haver 59 i enguany, 50.";Successos
Maten a trets un avi de 86 anys en un assalt en una casa de Tàrrega;https://www.ara.cat/societat/successos/maten-avi-mes-80-anys-assalt-casa-tarrega_1_4887512.html;16/12/2023;BarcelonaUn home de 86 anys ha mort tirotejat aquesta matinada al seu domicili de Tàrrega, la capital de l'Urgell. Segons fonts consultades per l'ARA, cap a les 4.30 h dos assaltants han accedit a l'habitatge, al carrer de la Segarra del municipi, escalant per la finestra mentre els propietaris de la casa estaven dormint. Un cop a dins, haurien matat l'home a trets. El primer avís de l'incident que els Mossos han comunicat pels canals interns ja parlava d'un possible robatori amb violència en un domicili. Aquesta continua sent, a hores d'ara, la principal hipòtesi dels investigadors: els dos assaltants han entrat amb la intenció d'atracar la casa, el propietari s'hauria despertat i els lladres, que estan fugits, han acabat amb la seva vida quan l'home d'avançada edat s'ha intentat defensar. La investigació policial, però, acaba de començar. Una de les hipòtesis de la policia és que els lladres no portaven cap arma de foc, sinó que han matat al propietari de la casa amb una arma que ell tenia guardada a l'habitació i que ha tret quan s'ha despertat per defensar-se. Segons diverses fonts consultades, al domicili també hi havia el germà del propietari, que els lladres han lligat per immobilitzar-lo, i la dona de la víctima, que els assaltants han colpejat i ha caigut a terra. Ha sigut la dona, de fet, la que ha trucat alertant de l'assalt. Després, l'han traslladat en ambulància a l'hospital de Lleida.;Successos
Una peça d'una bastida cau al carrer al Raval i deixa en estat crític un vianant;https://www.ara.cat/societat/successos/peca-d-bastida-cau-carrer-raval-deixa-critic-vianant_1_4884677.html;14/12/2023;BarcelonaTercer accident greu a Barcelona en 72 hores. Una peça d'una bastida instal·lada al carrer de Sant Oleguer, al Raval, ha caigut i ha impactat en un home que en aquell moment travessava un pas de vianants. L'home, d'uns 30 anys, ha rebut un fort cop al cap i ha quedat estès a terra. El Sistema d'Emergències Mèdiques (SEM) ha activat quatre dotacions i ha traslladat l'home en estat crític a l'Hospital Clínic de Barcelona. No ha calgut fer-li tasques de reanimació abans de traslladar-lo. L'avís del sinistre s'ha rebut a les 12.19 h d'aquest dimecres i la primera assistència l'ha fet una patrulla dels Mossos d'Esquadra que en aquell moment passava pel lloc dels fets. L'accident ha tingut lloc a l'encreuament entre el carrer de Sant Oleguer i el carrer Nou de la Rambla, a pocs metres d'una comissaria dels Mossos i de la Guàrdia Urbana.;Successos
Un nen de 12 anys, en estat crític després de ser atropellat per una furgoneta a Barcelona;https://www.ara.cat/societat/successos/nen-12-anys-traslladat-critic-despres-atropellat-furgoneta-barcelona_1_4883531.html;12/12/2023;"BarcelonaUn nen de 12 anys ha estat traslladat aquest dimarts al migdia en estat crític a un hospital després que un camió de petites dimensions l'hagi atropellat al passeig Maragall de Barcelona, segons fonts de la Guàrdia Urbana. Una ambulància del Sistema d'Emergències Mèdiques (SEM) ja l'han derivat a l'hospital amb diverses ferides greus. Els fets han passat cap a les 14:30 h d'aquest dimarts i efectius de la Guàrdia Urbana s'hi han desplaçat per investigar les circumstàncies del sinistre. Segons diversos testimonis consultats per l'ARA, l'accident ha sigut en un pas de vianants del passeig Maragall, a la cruïlla amb el carrer del Xiprer. El nen, que és veí del barri i anava sol, ha intentat creuar el pas de vianants quan el seu semàfor estava vermell i el dels cotxes, verd. Els vehicles que circulaven al carril que ell tenia més a prop estaven parats perquè més endavant hi havia un embús. En canvi, els del següent carril (que anaven en l'altre sentit) sí que avançaven. La furgoneta, que anava en aquesta direcció, ha intentat esquivar el menor, però finalment no ha pogut evitar l'impacte. ""El vehicle no anava de pressa i tenia el seu semàfor verd"", explicava un altre conductor testimoni dels fets. El mateix testimoni precisava que el nen ha intentat travessar el pas de vianants corrents. ""Tot ha anat molt de pressa"", assegurava el conductor, que en aquell moment estava parat per l'embús just davant del pas de vianants.";Successos
Reconstrucció: així va ser el naufragi en què van morir dos francesos al Port de la Selva;https://www.ara.cat/societat/successos/reconstruccio-aixi-naufragi-morir-francesos-port-selva_1_4878065.html;10/12/2023;BarcelonaEra un dia que tocava fer feines rutinàries i no navegar per plaer. Tocava netejar el Firol, un veler de 13 metres d'eslora i, per fer-ho, calia treure'l de l'aigua i això no ho fan a qualsevol port. El propietari del vaixell, un home francès de 77 anys, va demanar a un amic seu, un home de 73 anys, també francès, que l'acompanyés a fer aquest encàrrec. Era un trajecte fàcil que ja havien fet moltes vegades abans. Sobretot el propietari, que era un patró experimentat i, de fet, era armador. Havien de sortir de Grussan, a la regió d'Occitània. Ells eren de Narbona i tenien amarrat el Firol en aquest petit port d'uns 5.000 habitants a 15 quilòmetres de la ciutat. El destí era el port d'Adge, on podrien netejar el veler. Són uns 50 quilòmetres per terra i una mica més d'una hora i quart navegant cap al nord. El matí del divendres 24 de novembre van sortir de Grussan i van arribar sense problema a Adge. Amb el veler net, van tornar a salpar per tornar a Grussan, però els va enganxarun fort temporal de vent que va violentar el mar i va posar fi a les seves vides. Recorregut aproximat que va fer el ‘Firol’ abans;Successos
Dior, Prada i 'Sálvame Deluxe': els lladres de Madrid que van posar en alerta el passeig de Gràcia;https://www.ara.cat/societat/successos/dior-prada-salvame-deluxe-lladres-madrid-posar-alerta-passeig-gracia_1_4876917.html;04/12/2023;"S'ha anomenat l'operació Deluxe per l'obsessió d'aquest grup de lladres amb les botigues de roba i complements de luxe. Els investigadors dels Mossos d'Esquadra van triarDeluxepel preu caríssim d'unes peces de roba que solien portar alguns col·laboradors habituals del programaSálvame Deluxe.Els orígens d'aquest grup de lladres no es troben gaire lluny dels estudis de Telecinco, al nord de Madrid. Ells són del sud de la capital espanyola, dels barris de Getafe i Leganés, l'epicentre històric de les bandes d'aluniceros, dedicades a l'encastament de vehicles contra aparadors per poder atracar botigues. Aquests nois (tenen entre 23 i 35 anys) han crescut veient encastaments, però han evolucionat per sobreviure en el món de la delinqüència. La policia els considera ""la tercera generació d'aluniceros"". Conserven algunes tècniques dels més veterans, com ara robar cotxes d'alta cilindrada per cometre robatoris quilòmetres i quilòmetres més enllà. També conduir de nit i cometre diversos atracaments en ruta sense parar. Un exemple: van sortir de Madrid i van robar a Pamplona, Saragossa, Barcelona i València. Sense dormir, van tornar a Madrid amb tot el botí. Al cap de poques hores, ja estava revenut. A vegades dormien a mig camí, en un Airbnb o a la casa d'algun conegut. Però ja no només encasten vehicles contra els aparadors. ""Han evolucionat el seumodus operandi"", descriu el subinspector Isidoro Barbero, subcap de la Unitat Central de Multireincidents dels Mossos.";Successos
Gir de guió al crim de Sant Adrià: els Mossos detenen la parella de l'home assassinat;https://www.ara.cat/societat/successos/gir-guio-crim-sant-adria-mossos-detenen-parella-l-home-assassinat_1_4871561.html;29/11/2023;"BarcelonaGir de guió enl'assassinat de Sant Adrià de Besòs: els Mossos sospiten ara que els dos homes que segons la parella de la víctima l'havien matat a punyalades en realitat no existeixen. L'home va morir el 16 de novembre a casa seva, i la seva parella també va resultar ferida. Va sortir al replà del bloc demanant ajuda i els veïns li van fer el torniquet a la cama amb un cinturó. Eren aproximadament les dues del migdia. Estirada damunt d'un bassal de sang, ella assegurava que dos desconeguts havien trucat al timbre de casa seva i que quan ella va obrir la van apunyalar. Després, deia, van anar cap a l'interior del pis, on hi havia la seva parella, per acabar-lo cosint a ganivetades. ""No els coneixia, no els coneixia"", deien els testimonis que repetia la dona malferida a terra. Tot apunta que aquests dos homes no existeixen. Els Mossos d'Esquadra han detingut la dona per la seva presumpta relació amb el crim. Segons fonts consultades per l'ARA, les gestions de la Divisió d'Investigació Criminal de la Regió Metropolitana Nord han aconseguit desmentir la versió inicial de la dona. A hores d'ara tot apunta que la baralla va ser entre l'home i la dona, que eren parella, i hauria acabat amb la mort del primer. Encara no està clar si les ferides que tenia la dona a la cama se les va fer ella mateixa per simular l'atac o els hi va fer la seva parella durant l'enfrontament. A la dona la van arrestar dilluns i avui ha passat a disposició judicial. La magistrada que instrueix el cas ha acordat la presó provisional comunicada i sense fiança per a l'acusada. Segons fonts judicials, no hi ha cap antecedent denunciat de violència en el si de la parella.";Successos
La història de l'assassinat del jove francès enamorat d'una prostituta que s'ha resolt 20 anys després;https://www.ara.cat/societat/successos/historia-l-assassinat-jove-frances-enamorat-d-prostituta-s-resolt-20-anys-despres_1_4869605.html;27/11/2023;BarcelonaHavien aconseguit una nova vida a base de mentides i d'ocultar el passat tacat de sang. Tenien una dona que no sabia qui era en realitat el seu marit. I uns fills que desconeixien els antecedents del seu pare. Aquesta història comença l'any 2003 a Nancy (França) i s'acaba aquest any a Catalunya. I l'inici és el d'una història d'amor amb un final tràgic: un noi de 29 anys es va enamorar d'una prostituta de Nancy i va intentar que ella i una amiga deixessin el prostíbul per escapar-se junts. Quan els controladors del bordell, Vasile Ostas i el seu nebot Cristian Rad, ho van saber, van agafar el noi i el van apallissar fins a matar-lo amb uns bats de beisbol. Els assassins van acarnissar-se fins a tal punt amb la víctima que el forense va donar per fet que els orificis al cap que presentava el cos podien ser d'un tret. El cadàver del noi el van transportar amb cotxe fins a una zona boscosa de Grondeville, on el van deixar abandonat. La policia francesa va aconseguir vincular el tiet i el nebot, d'origen romanès, amb el crim, però no hi havia rastre d'ells ni del cotxe. El 2011 els van condemnar (sense ser ells al judici) a 30 i 26 anys de presó. La justícia francesa va emetre dues ordres de detenció europees per a Ostas i Rad. Si les haguessin emès una mica abans, el crim del noi s'hauria resolt el 2004, quan un dels homes va segrestar tres dies una prostituta a Barcelona i la va agredir sexualment. O el 2008, quan el mateix home el van detenir per anar begut. Llavors, els Mossos d'Esquadra ja li van agafar les empremtes i van revisar el seu document d'identitat, però no van donar cap resultat sospitós.;Successos
Operació antijihadista a Olot: dos detinguts i un investigat en procés de radicalització;https://www.ara.cat/societat/successos/operacio-antijihadista-olot-detinguts-investigat-proces-radicalitzacio_1_4864187.html;21/11/2023;BarcelonaEls Mossos d'Esquadra i la Policia Nacional han detingut dues persones aquest dimarts al matí en un operatiu antijihadista a Olot (Garrotxa). Segons ha pogut saber l'ARA, a part dels dos detinguts hi hauria una tercera persona investigada. Es tracta d'una investigació conjunta dels dos cossos policials tutelada per l'Audiència Nacional de Madrid. Segons les primeres informacions, es tractaria de tres persones en procés de radicalització. Fonts consultades per aquest diari descarten que els detinguts formessin part d'una cèl·lula terrorista i tinguessin la intenció d'atemptar. Més aviat, estaven en un moment més inicial. Entre altres conductes, haurien fet cerques relacionades amb continguts extremistes i els cossos policials han volgut frenar aquest procés de radicalització. L'operatiu policial ha començat a primera hora del matí, cap a les 8 h, quan diverses furgonetes de la Policia Nacional i els Mossos d'Esquadra han omplert el centre de la capital de la Garrotxa. L'operatiu s'ha centrat en tres pisos: un al carrer Esglaiers, un altre a Jaume II i el tercer al carrer Fluvià. Els registres d'aquests domicilis s'han allargat pràcticament quatre hores i la policia s'ha acabat emportant detingudes dues persones. La causa, segons fonts policials, està sota secret de sumari i encara no hi ha un balanç oficial de l'operatiu, tot i que fonts consultades per l'ARA confirmen les dues detencions i que hi ha una tercera persona investigada.;Successos
"Un homicidi cada cinc dies a Catalunya: ""Els cops de puny ara són ganivetades""";https://www.ara.cat/societat/successos/homicidi-cinc-dies-catalunya-cops-puny-ara-son-ganivetades_130_4861268.html;18/11/2023;"Barcelona""El que abans eren cops de puny, ara són ganivetades"". El primer i el penúltim crim de l'any resumeixen a la perfecció aquesta frase d'un investigador dels Mossos d'Esquadra.La nit de Reisdos homes (suposadament beguts) van començar a discutir en un local de l'Hospitalet de Llobregat. Van arribar a les mans i un va treure una navalla i va apunyalar l'altre, que va acabar morint.Dimarts passat, dos nois que es coneixien, un d'ells menor, es van endinsar en una discussió a Badalona. Tot va venir per un gos que passejava el major d'edat. Aquest últim li va clavar un cop de puny al menor, que va marxar i va tornar acompanyat del seu germà gran i la seva parella. Entre els tres, presumptament van apunyalar i apallissar el noi fins a la mort. Entre el crim de l'Hospitalet i el de Badalona han transcorregut 312 dies que han deixat una seixantena d'homicidis, una mitjana d'un crim cada cinc dies. La mateixa nit de Reis, a 10 quilòmetres de l'Hospitalet, es va cometre el segon crim de l'any: de nou, una baralla amb armes blanques pel mig va acabar malament. Un home mort i un ferit.L'últim crim de l'any també va ser amb una navalla: aquest dijous dos homes van entrar en un pis de Sant Adrià del Besòs i van matar un altre home, deixant a la seva parella embarassada malferida al replà. Hi ha un augment de la violència? ""Sí"", responen diverses fonts policials i judicials consultades. I també hi ha un augment preocupant dels homicidis. Des de l'1 de gener fins al 19 de novembre, segons els càlculs de l'ARA, ja n'hi ha hagut 65. La pujada queda plasmada en un informe dels Mossos al qual ha tingut accés aquest diari: fins a l'octubre d'aquest any, s'han comès un 34% més d'homicidis i assassinats que el mateix període de 2022. Sovint, des de la policia alerten que el 2022 no acaba de ser un any vàlid perquè encara es notaven els efectes del covid-19. La comparació amb el  2019 encara és pitjor: un 40,5% més.";Successos
Segon homicidi en menys de 72 hores: investiguen un apunyalament mortal a Sant Adrià;https://www.ara.cat/societat/successos/segon-homicidi-menys-72-hores-investiguen-mort-d-home-sant-adria_1_4859959.html;16/11/2023;"Sant Adrià del BesòsEls Mossos d'Esquadra investiguen un nou homicidi a Catalunya, el segon en menys de 72 hores. Els agents han rebut l'avís al voltant de les 14 hores d'aquest dijous que hi havia una persona morta per un apunyalament, i una altra de ferida per arma blanca en un habitatge del carrer Bogatell de Sant Adrià del Besòs, molt a prop de l'Ajuntament. Quan han arribat al domicili –juntament amb efectius de la Policia Local de Sant Adrià del Besòs i del SEM–, han localitzat un home mort i una dona ferida, que ha sigut traslladada a un centre hospitalari i a hores d’ara no es tem per la seva vida. Segons fonts consultades per l'ARA, les dues víctimes són parella i ella estaria embarassada de poc temps. ""Ajuda, ajuda!"". Aquest ha sigut el crit que ha posat en alerta diversos veïns d'aquest bloc de Sant Adrià. ""Venia de l'entresol"", explica un testimoni. Quan han baixat, han vist la seva veïna malferida a terra, just a l'entrada de casa seva, sobre un bassal de sang. El veí del tercer s'ha tret el cinturó i li ha fet un torniquet a la cama, que no parava de sagnar. Quan han arribat els primers agents dels Mossos d'Esquadra, un veí que ho ha presenciat tot explica que la dona no parava de dir que estava embarassada. Després, afegeix, ha narrat que dos desconeguts havien picat al timbre de casa seva i quan ella ha obert l'han apunyalat. Després, han anat cap a l'interior del pis, on hi havia la seva parella, i l'han cosit a ganivetades fins que ha acabat morint. ""No els coneixia, no els coneixia"", apunten els testimonis que repetia la dona malferida a terra.";Successos
Tres 'cadells' dels Casuals, detinguts per apunyalar dos porters de discoteca a Sarrià;https://www.ara.cat/societat/successos/tres-cadells-dels-casuals-detinguts-apunyalar-porters-discoteca-sarria_1_4849460.html;07/11/2023;BarcelonaEls Mossos d'Esquadra han detingut tres homesvinculats als Casuals, el grup criminal que va néixer dels Boixos Nois, com a presumptes autors de l'apunyalament a dos porters del Nubar, un local d'oci nocturn al barri de Sarrià, el 25 de setembre a Barcelona, segons fonts policials consultades per l'ARA. Els fets es remunten al cap de setmana de la Mercè, quan tres homes van cosir a ganivetades dos vigilants de seguretat del Nubar després que els porters els haguessin fet fora del local. Els treballadors de la discoteca van quedar greument ferits i han hagut d'estar ingressats en un hospital fins fa poc. Les apunyalades es van concentrar al pit i a l'abdomen i, de fet, tal va ser l'agressivitat de l'atac que el jutjat no va processar els tres detinguts per un delicte de lesions, sinó per una temptativa d'homicidi. Tots tres, segons fonts properes a la investigació, van quedar en llibertat amb càrrecs i ara no es poden acostar a menys d'un quilòmetre de la discoteca. Segons fonts policials, els tres homes van entrar al local acompanyats de quatre noies. Al cap d'una estona, una d'elles va començar a discutir amb una altra noia a la barra per veure qui demanava primer. Aquí va entrar en joc un dels tres homes: va agafar la noia amb qui discutia la seva amiga, la va tirar a terra i li va començar a donar cops. En aquest moment, segons fonts policials, un segon home ja va treure una navalla, però va tornar a guardar-la segons després. Immediatament, els vigilants de seguretat de la discoteca els van fer fora del local. Un cop a fora, els tres homes van reaccionar de manera violenta. Cada un va treure una navalla i entre tots tres van deixar els porters estesos a terra i malferits d'arma blanca. Després, van marxar.;Successos
Detinguda una cuidadora per robar 150.000 euros a una dona de 90 anys amb Alzheimer;https://www.ara.cat/societat/successos/detinguda-cuidadora-robar-150-000-euros-dona-90-anys-alzheimer_1_4849382.html;06/11/2023;"BarcelonaEls Mossos d'Esquadra van detenir dijous passat una dona de 20 anys per presumptament haver robat entre 130.000 i 150.000 euros a l'àvia que cuidava, una dona de 90 anys que pateix Alzheimer. Segons ha pogut saber l'ARA, la detinguda feia un any i mig que feia de vetlladora de la dona, que vivia en un pis al carrer de Bailèn, al districte de Gràcia de Barcelona. Els fills de la víctima van acudir als Mossos a principis d'octubre. Cada setmana la seva mare obria una caixa forta que tenia dins d'un armari per treure'n 50 euros i fer la compra. La clau de la caixa estava en una estanteria just al costat, però aquell dia no la va trobar. Va trucar a la seva filla, que hi va anar amb una clau de recanvi. Quan van obrir la caixa forta, van descobrir que estava totalment buida, segons fonts policials. Segons la denúncia dels fills, en aquella caixa forta hi havia d'haver entre 130.000 i 150.000 euros en efectiu i tres joies d'alt valor econòmic. D'una setmana per l'altra, però, havien desaparegut. ""Vam descobrir que les tres joies s'havien venut per 2.500 euros a un establiment de compravenda d'or"", explica el sergent Rafael Roig, cap de la Unitat d’Investigació dels Mossos de Gràcia. Les indagacions dels Mossos van començar seguint el fil de les joies, que els van portar fins a la presumpta autora del robatori: la firma de la cuidadora de l'àvia estava en el contracte de venda de les tres joies en aquella botiga.";Successos
Detingut el presumpte autor del brutal apunyalament del Raval;https://www.ara.cat/societat/successos/detingut-presumpte-autor-brutal-apunyalament-raval_1_4848481.html;05/11/2023;"BarcelonaA escassos 20 metres del punt exacte del Raval de Barcelona on la matinada de l'1 de novembre van apunyalar brutalment un jove, els Mossos van detenir dos dies després el presumpte autor de l'atac. Segons ha pogut saber l'ARA, el 3 de novembre a la matinada la policia va arrestar a la plaça de Castella un home de 30 anys per l'apunyalament d'un altre de 27 anys en una cantonada del barri. La víctima,tal com va avançar aquest diari,va ser atesa en estat greu: tenia una ferida d'arma blanca just al costat de l'ull esquerre, que va estar a punt de perdre, i un orifici de gairebé 15 centímetres a la cama. Ja és a casa, tot i que fonts del seu entorn alerten amb preocupació que ja han tornat a veure el presumpte agressor pel carrer després d'haver passat a disposició judicial aquest dissabte. Tot va venir d'una baralla que la colla d'amics de la víctima van voler separar. Eren quarts de quatre de la matinada després de la castanyada i ells caminaven per la plaça de Castella quan van veure que dos homes, encerclats per un grup més nombrós, estaven pegant un noi. Van decidir intervenir-hi i es van emportar la pitjor part de la pel·lícula: ""De cop, 15 persones ens van encerclar i ens van començar a pegar"", narra un dels testimonis. A un dels seus amics se'l van emportar a una cantonada i el van començar a apunyalar amb una navalla. Els altres van quedar ferits lleus. En total, segons fonts consultades per l'ARA, ja hi ha cinc denúncies per lesions presentades als Mossos d'Esquadra.";Successos
Envien a la presó la mare i el seu cunyat per la mort d'un nadó a Manacor;https://www.ara.cat/societat/successos/detinguda-mare-nado-mort-abandonat-contenidor-portocristo_1_4848386.html;06/11/2023;PalmaPresó provisional sense fiança per a la mare i el seu cunyat per la mort d'un nadó a Portocristo després d'abandonar-lo a un contenidor de fems dijous passat. Així ho ha decidit la titular del jutjat d'instrucció número 3 de Manacor aquest dilluns, segons ha informat el Tribunal Superior de Justícia de les Illes Balears (TSJIB), després de les declaracions dels tres acusats en seu judicial. La jutgessa imputa inicialment un presumpte delicte d'assassinat a dos dels detinguts, mentre que la tercera –la germana de la mare– ha quedat en llibertat provisional amb mesures cautelars, retirada de passaport i amb compareixences periòdiques. Precisament, aquest dilluns al matí els investigadors del cas han comunicat a la premsa algunes de les principals troballes del cas, com ara que el nadó mort a Portocristo va néixer en un cotxe i que, poc després, el van abandonar –quan encara era viu, segons els primers indicis– en un contenidor d'escombraries a només 500 metres de l'hospital.;Successos
El perill de les criptomonedes: un 30% més de denúncies per estafa;https://www.ara.cat/societat/successos/perill-criptomonedes-30-mes-denuncies-estafa_1_4833077.html;19/10/2023;"Barcelona""Les criptomonedes són una finestra d'oportunitat"", explica l'intendent dels Mossos d'Esquadra Òscar Macarella, cap de la Divisió de Recerca Criminal Territorial. El problema és que ho són per a tothom: per a les empreses, els bancs i els ciutadans, però també per als delinqüents. ""Les criptomonedes venen acompanyades d'amenaces i reptes"", reflexiona l'intendent de la policia, i afegeix que en ser una moneda ""molt poc traçable"" és ""ideal"" per al crim organitzat. Per això, quan els hackers ataquen organismes públics i empreses demanen sovint el rescat en criptomonedes, o quan estafadors busquen enganyar un particular sovint ho fan en les inversions amb monedes virtuals. De fet, els Mossos van investigar l'any passat unes 3.500 denúncies vinculades a les criptomonedes, un 30% més que l'any anterior, i van fer front a 600 ciberatacs. En el conjunt de l'Estat s'han comptabilitzat 17.000 víctimes per estafes vinculades amb les criptomonedes. Des de fa sis anys, els Mossos organitzen unes jornades sobre crim organitzat, i per tots aquests indicadors aquest any les han dedicat a les criptomonedes. Han començat aquest dijous i l'objectiu, explica l'intendent, és ""compartir coneixements"" i ""teixir aliances"". Ho faran amb altres policies de l'Estat, però també europees, perquè hi han assistit l'Europol i la policia holandesa, entre d'altres. També hi ha representants de la judicatura, la Fiscalia i el sector privat per fer formacions sobre el tema. Precisament, el comissari en cap dels Mossos, Eduard Sallent, ha remarcat que la policia ha d'augmentar la formació i especialitzar-se més en aquest tipus de delictes. I els Mossos tenen clar quin és el referent:el cas Forex.";Successos
Els últims neonazis detinguts a Catalunya ja parlaven d'atacar mesquites i sinagogues;https://www.ara.cat/societat/successos/ultims-neonazis-detinguts-catalunya-ja-parlaven-d-atacar-mesquites-sinagogues_1_4833157.html;19/10/2023;"BarcelonaLes seves llibreries eren una mostra perfecta del seu radicalisme. Hi haviaLa mentida d'Auschwitz,un llibre que nega l'Holocaust nazi contra els jueus. Al seu costat destacava elMein Kampfd'Adolf Hitler. També tenien una col·lecció filmogràfica particular, ambGolubaya divisa,un documental sobre el paper de la División Azul durant la Segona Guerra Mundial. La discografia era, sobretot, heavy metal, amb grups com 7 Muelles:""Mil batalles per lliurar, molta sang per vessar"", cantaven al seu discNo te cortes.Els membres de Combat 18,el grup neonazi que els Mossos d'Esquadra i la Policia Nacional van detenir dimarts, no només s'havien quedat amb la literatura feixista, les pel·lícules nazis o les lletres supremacistes: volien passar a l'acció i s'estaven preparant per fer-ho. Al costat delMein Kampfhi havia un manual sobre com fer explosius casolans. No només tenien pins, banderes i retrats de Hitler, sinó també punyals, navalles i fins i tot catanes amb una esvàstica fosa sobre l'acer. Tenien armes curtes i llargues simulades, però havien intentat comprar-ne més d'una vegada de reals. L'intendent David Sánchez, subcap de la Comissaria General d'Informació dels Mossos d'Esquadra, ha explicat aquest dijous que el grup encara no estava en una etapa de planificar atacs imminents, però sí que havien parlat de, arribat el dia, quins objectius prioritzarien: sobretot mesquites, espais de culte jueu i ubicacions freqüentades per l'esquerra antifeixista. Per això, Sánchez ha remarcat la importància d'haver escapçat el grup criminal en ""una fase inicial"".";Successos
Un nen de 12 anys apunyala una companya de classe en un institut de l'Hospitalet de Llobregat;https://www.ara.cat/societat/successos/nen-12-anys-apunyala-companya-classe-institut-l-hospitalet_1_4830400.html;17/10/2023;"L'Hospitalet de LlobregatEn les converses dels nens d'ESO que sortien de l'institut aquest dimarts i dels pares de primària que esperaven els seus fills predominava, sobretot, una pregunta: ""Per què ho va fer?"" Aquest dilluns, cap a les 10 del matí, una ambulància del SEM va traslladar una alumna de 12 anys de l'institut Rubió i Ors de l'Hospitalet de Llobregat que acabava de ser apunyalada diverses vegades per un company de classe, també de 12 anys, tal com ha avançat el Món i ha confirmat l'ARA. La nena tenia sis ferides d'arma blanca a l'esquena de caràcter lleu i va ser atesa a l'Hospital Sant Joan de Déu. Ara es troba bé i està fora de perill. Tot va passar, segons diverses fonts consultades per l'ARA, en un canvi de classe a la seva aula, la de 1r d'ESO A. Tot i això, hi havia un professor a la classe. El nen va treure un ganivet de cuina de la motxilla i va atacar per l'esquena la nena, que va quedar estesa a terra i sagnant, segons comenten fonts coneixedores dels fets. Per l'institut van començar a ressonar els crits de diversos alumnes que havien presenciat l'escena. La intervenció de la professora va ser clau: després de l'agressió, va aconseguir aïllar els altres alumnes i prendre el ganivet al nen. Segons les primeres indagacions, l'hauria portat de casa. Al cap d'uns minuts, van arribar els serveis d'emergència alertats pel centre educatiu. L'ambulància, que es va emportar la nena, i els Mossos d'Esquadra, que van retenir el nen fins a l'arribada dels seus pares. El menor té 12 anys i, per tant, és inimputable. Així, els Mossos el van lliurar als seus pares i han obert una investigació. Les conclusions de les investigacions, però, no les enviaran a un jutjat, sinó a la Direcció General d'Atenció a la Infància i l'Adolescència (DGAIA) perquè prengui les mesures administratives que cregui oportunes. De moment, fonts del departament d'Educació apunten que estan fent seguiment d'aquest cas i l'equip de psicòlegs i els professionals de l'USAV s'han desplaçat al centre per prestar atenció psicològica d'urgència.";Successos
Detenen un home per matar i calcinar un conegut a Reus;https://www.ara.cat/societat/detenen-home-matar-calcinar-conegut-reus_1_4829089.html;15/10/2023;BarcelonaUn home d'uns 70 anys ha estat detingut aquest diumenge a la tarda a Reus com a presumpte autor de la mort violenta d'un altre home, també d'edat avançada. Els agents de la policia catalana han trobat el cos de la víctima calcinat al jardí de la casa on s'ha perpetrat l'homicidi. En un comunicat els Mossos d'Esquadra han informat que cap a les 12.45 hores han tingut coneixement que en una casa de la capital del Baix Camp hi havia un cos sense vida i amb evidents signes de violència. Alhora els agents de la Unitat de Seguretat Ciutadana de Reus han rebut informació que el presumpte autor dels fets era en un bar del municipi, on finalment ha estat detingut.;Successos
Detinguts cinc empleats del Prat per 'disfressar' migrants i colar-los il·legalment a Espanya;https://www.ara.cat/societat/successos/detinguts-cinc-empleats-prat-disfressar-migrants-colar-il-legalment-espanya_1_4826952.html;13/10/2023;BarcelonaAmb uniformes i credencials de l'aeroport i a través de les instal·lacions restringides als treballadors. Així facilitaven cinc empleats de l'àrea de restauració i manteniment de la Terminal 1 del Prat l'entrada il·legal de migrants a Espanya, segons ha informat la Policia Nacional en un comunicat. El cos policial ha desarticulat un grup que hauria introduït fins a 22 persones a Espanya saltant-se el control fronterer. A canvi d'importants quantitats de diners, facilitaven als migrants roba i targetes d'empleats perquè poguessin simular la condició de treballador de l'aeroport i, així, sortir de la zona internacional o de trànsit i entrar a Espanya sense retre'n comptes a ningú. Els detinguts –quatre empleats de l'àrea de restauració de la Terminal 1 i un de manteniment, als quals se'ls imputa fins a 22 delictes d'afavoriment a la immigració il·legal– eren treballadors de la zona internacional o de trànsit, que és aquella en què s'estan els viatgers que provenen de països que no formen part de l'espai Schengen i fan escala per anar a un altre país que tampoc en forma part.;Successos
Cinc adults detinguts per irrompre en un centre de Palma i agredir un nen;https://www.ara.cat/misc/irrompen-escola-palma-colpegen-nin-baralla-pilota_1_4821128.html;06/10/2023;PalmaCinc adults, tots membres d'una mateixa família, han estat detinguts per irrompre en un institut de Can Pastilla, Palma, i agredir un menor i amenaçar-lo el passat dimecres 4 d'octubre. El detonant dels fets va ser una baralla entre l'agredit i un altre company, el qual va trucar als seus familiars després de la brega i aquests van presentar-se al centre educatiu en horari lectiu, tal com ha avançat el Diari de Mallorca. Als detinguts se'ls acusa de ser autors d'un delicte de desordres públics i de lesions. L'origen de la disputa entre els dos menors hauria estat un fet tan quotidià com que un dels nens va colpejar una pilota al pati que va ferir l'altre. Enfadat, el noi va tornar-s'hi i es va iniciar una baralla entre els dos. Al cap d'una estona, es van presentar al centre cinc familiars del menor ofès, que van localitzar el menor i un d'ells va colpejar-li amb el puny a la cara, fent-lo caure a terra. La circumstància va ser aprofitada per la resta de membres per pegar-li puntades de peu.;Successos
La criminalitat augmenta un 15% a Barcelona respecte a l'any passat;https://www.ara.cat/societat/successos/criminalitat-augmenta-15-barcelona-respecte-l-any-passat_1_4820932.html;06/10/2023;BarcelonaLa delinqüència augmenta a Catalunya i, sobretot, a Barcelona. Segons el balanç del ministeri de l'Interior, la criminalitat ha augmentat un 8% a tot el país respecte al primer semestre de l'any passat i un 15% a la capital. L'increment també és notable en ciutats metropolitanes com l'Hospitalet (+13,6%), el Prat (+13,9) i Tarragona (+12%), tot i que el rècord se l'emporten dues altres poblacions: Amposta, amb un 36,2% més de delinqüència, i Palafrugell, amb un 34,5%. Per contra, la criminalitat cau en municipis com Lleida (-9,2%), Rubí (-8,1%), Sabadell (-6%), Santa Coloma de Gramenet (-3,5%) i Badalona (-1,4%), i Girona es queda pràcticament igual (+1,9%). Tot i aquestes xifres, que fan referència a la primera meitat de l'any, el comissari en cap dels Mossos, Eduard Sallent, ha dit que, tenint en compte la resta de l'any, que no consta al balanç, no hi ha un augment preocupant dels delictes en termes generals. Però sí que està alarmat per l'augment de la violència.;Successos
L'incendi a les discoteques de Múrcia ja s'investiga com un homicidi imprudent;https://www.ara.cat/societat/justicia/l-incendi-discoteques-murcia-ja-s-investiga-homicidi-imprudent_1_4818008.html;03/10/2023;"BarcelonaDos dies després del tràgic incendi a les discoteques Teatre i Fonda Milagrosa de Múrcia –en el qual van morir tretze persones–, la investigació del cas continua plena d'incògnites. La principal, l'origen del foc que va calcinar els dos locals. Els Bombers i la policia científica continuen recollint proves per saber com es van originar les flames, mentre que el jutge està a l'espera de rebre les autòpsies que puguin aportar més detalls sobre com van morir les víctimes. De moment, però, el magistrat del cas ja ha encaminat la investigació cap a un delicte d'homicidi imprudent, a falta de concretar si es pot atribuir a algú alguna responsabilitat. Els Bombers de Múrcia han explicat aquest dimarts que els cossos de les 13 víctimes mortals es van localitzar en un espai molt concret d'uns 20 metres quadrats a la primera planta de la discoteca Fonda Milagrosa. El portaveu del cos, Juan Ángel Navidad, ha detallat que quatre dels cossos eren als lavabos, on les víctimes podrien haver-se refugiat de les flames; dos més en una zona de runes propera, i els altres set al passadís del reservat.";Successos
Enginyers, mecànics i llanxes de 350.000 euros: així s'ha professionalitzat el tràfic d'haixix a Catalunya;https://www.ara.cat/societat/successos/boom-trafic-d-haixix-catalunya-n-confisquen-43-kg-dia_1_4817873.html;03/10/2023;"BarcelonaXocolata,costo, pedra, barreta... Aquestes són algunes de les paraules que es fan servir per referir-se a la mateixa droga, l'haixix, fabricada a partir de la resina del cànnabis. En un moment d'augment exponencial del tràfic de marihuana a Catalunya, el d'haixix tampoc es queda enrere: els Mossos d'Esquadra en requisen, de mitjana, uns 43 quilograms cada dia. El balanç del 2023 ja s'enfila a gairebé 12 tones, un 40% més que el 2022. I això que l'any passat ja se'n van intervenir dues tones més que el 2021. En total, en els últims cinc anys se n'han requisat 40 tones amb un valor de 84 milions d'euros. Els circuits de l'haixix són completament diferentsdels de la marihuana: si en aquest últim cas es desmantellen, sobretot, grans plantacions exteriors i interiors, en el de l'haixix parlem d'enviaments marítims i terrestres intervinguts. Ho ha resumit l'inspector Antoni Salleras, cap de l'Àrea Central de Crim Organitzat de la Divisió d'Investigació Criminal: ""Catalunya és un punt de producció de marihuana i un punt de pas del tràfic d'haixix"". Aquesta droga no arriba per ser consumida a Catalunya, sinó per distribuir-la per la Unió Europa. ""Som un punt idoni per descarregar-la"", ha admès l'inspector dels Mossos. El motiu? Proximitat amb la frontera, moltes platges, cales i ports, carreteres com l'AP-7... Això, però, no és un fenomen nou.";Successos
Més antidisturbis i rastreig a les xarxes: els aldarulls de Molins forcen canvis als dispositius dels Mossos;https://www.ara.cat/societat/successos/quatre-identificats-trets-foam-mobils-robats-aixo-dels-aldarulls-festa-major-molins-rei_1_4817338.html;03/10/2023;"BarcelonaLa situació a Molins de Rei diumenge a la matinadava ser tan complicada que una unitat d'ordre públic dels Mossos que era a Lloret de Mar, a 100 quilòmetres, va haver d'anar-hi. Al davant tenien, segons fonts consultades per l'ARA, un grup d'unes 300 persones amb actitud ""violenta"" a tocar de la comissaria de la Guàrdia Urbana de Molins. Tiraven objectes contundents, com vidres i pedres, i encenien contenidors davant una línia policial que va haver de fer passos enrere. Hi va haver càrregues policials i es van disparar projectils de foam. Mentre es començava a coure aquest enfrontament, una baralla entre dos grups armats amb navalles al centre de Vic va deixar quatre ferits. La mateixa nit, dos grups es van enfrontar a Amposta. Aquests successos van arribar una setmana desprésque dos grups de menors es peguessin al centre de Manresa. Aquest conjunt d'antecedents preocupen la conselleria d'Interior i aquest dilluns el conseller, Joan Ignasi Elena, ja va anunciar que hi hauria més presència d'ordre públic. Fonts d'Interior precisen que els episodis són de naturalesa diferent (a Manresa va ser una baralla entre nois molt joves per un tema menor, a Molins van ser aldarulls en una festa major i a Vic un enfrontament entre bandes que es coneixien) però tenen un component de ""violència gratuïta"".";Successos
Els Mossos investiguen l'accident de la parella gran a Calafat com un doble homicidi;https://www.ara.cat/societat/successos/mossos-investiguen-l-accident-calafat-doble-homicidi_1_4817180.html;02/10/2023;BarcelonaFaltaven pocs minuts per a les nou de la nit d'aquest dissabte quan un cotxees va precipitar per un penya-segat de 20 metres d'altura a Calafat (Baix Ebre). Dues persones, un home i una dona de 70 anys, van morir, mentre que un tercer ocupant del vehicle, un home de 48 anys, va quedar ferit. Després de les primeres hores de gestions, els investigadors dels Mossos d'Esquadra, segons fonts consultades per l'ARA, han descartat que fos un accident. Totes les proves condueixen a la mateixa hipòtesi: l'home de 48 anys, fill del matrimoni que va perdre la vida, conduïa el vehicle i es va precipitar de forma intencionada pel penya-segat. Els Mossos, doncs, no investiguen aquests fets com un accident, sinó com un homicidi. Segons fonts policials, el fill del matrimoni té problemes de salut mental i va patir un brot psicòtic mentre conduïa. Diversos testimonis han corroborat la mateixa versió: abans d'arribar al penya-segat, el vehicle va accelerar i va girar per tal de tirar-se daltabaix. De fet, minuts abans de caure el buit, alguns testimonis ja el van veure circular a gran velocitat per una avinguda. Un cop a l'aigua, el fill va aconseguir sortir del cotxe i, en lloc d'anar cap a la costa, va fugir mar endins. Els Bombers el van trobar dues hores i mitja més tard, a 330 metres de la costa i amb hipotèrmia.;Successos
Sabatilles Gucci i joies o dormir entre cartrons: l'esclavisme dels narcos albanesos a Tarragona;https://www.ara.cat/societat/successos/sabatilles-gucci-joies-dormir-cartrons-l-esclavisme-dels-narcos-albanesos-tarragona_1_4814548.html;29/09/2023;"Barcelona""És l'operació més important de l'any de la Guàrdia Civil a Catalunya en la lluita contra el tràfic de marihuana"", resumeix el capità Héctor, cap de la Unitat Orgànica de la Policia Judicial de Tarragona. L'operació Kapilar vaaconseguir desarticular aquesta setmana un grup criminal albanèsque tenia desenes de plantacions de marihuana per bona part de la costa catalana, des del Masnou fins a Miami Platja. Es va saldar amb 21 detinguts, entre ells els líders de l'organització i els membres més rasos. Kapilar va ser nom escollit pels investigadors per intentar plasmar l'estructura d'una banda en què hi havia un abisme entre la qualitat de vida dels líders i dels sequaços. Com si fos el sistema circulatori, van començar investigant els capil·lars (els vasos sanguinis més petits) i van arribar ""a les artèries i al cor de l'organització"". El cor de la banda era un home de nacionalitat albanesa que feia anys que vivia en un apartament d'alt standing a Salou. ""No sabia què fer amb els diners"", apunta el capità de la Guàrdia Civil. Quan la Guàrdia Civil va entrar a casa seva, un agent va comentar, sorprès, una troballa: l'home tenia, al costat del llit, unes sabatilles Gucci originals d'estar per casa. No baixen dels 500 euros. Quan van obrir el seu armari, van veure que tenia desenes de peces de roba de marques cares encara amb l'etiqueta posada. No se les havia ni posat. El seu joier estava ple de rellotges de luxe i cadenes, i el de la seva parella, ple de joies. Al garatge, hi havia uns quants vehicles d'alta gamma, tots de matrícula estrangera. A més, pràcticament cada dia dinava i sopava a fora, i solia acabar la jornada prenent unes quantes copes en un local d'oci nocturn.";Successos
Un home apunyala una dona al coll a Nou Barris i s'escapa;https://www.ara.cat/societat/violencia-masclista/home-apunyala-dona-coll-nou-barris-s-escapa_1_4813269.html;27/09/2023;BarcelonaEls Mossos d'Esquadra busquen un home de mitjana edat per haver apunyalat una dona aquest dimecres al migdia en un replà d'un edifici de la plaça Virrei Amat, al districte de Nou Barris de Barcelona. Poc després de les 14 hores, segons fonts consultades per l'ARA, alguns veïns de l'edifici número 12 d'aquesta plaça han sortit de casa alarmats pels crits d'una dona que provenien de l'escala. Era la Liz, una veïna del quart pis, que baixava per les escales de la segona planta corrents amb la cara i bona part del cos plens de sang. Uns quants veïns l'han estirat a terra, li han tret la samarreta i li han fet el torniquet fins a l'arribada dels serveis d'emergència. L'acabaven d'apunyalar al coll. Segons fonts policials, l'ambulància l'ha traslladat en estat greu i ara està estable. L'agressor ha marxat corrents i són pocs els veïns que l'han pogut veure. La Liz, segons fonts del seu entorn, és mare de dos fills, que són a Paraguai, i vivia amb unes quantes companyes de pis. En el moment de l'apunyalament, una d'elles era a casa i explica en declaracions a l'ARA que l'agressió no ha estat a casa seva, sinó als accessos. Tot ha passat a l'escala del bloc. A aquella hora, explica, la Liz solia tornar de treballar i l'home l'hauria agredit quan entrava a l'edifici.;Violència masclista
Els Mossos continuen sense trobar l'arma homicida del crim de Sant Hipòlit de Voltregà;https://www.ara.cat/societat/successos/mossos-continuen-trobar-l-arma-homicida-crim-sant-hipolit-voltrega_1_4776655.html;27/09/2023;BarcelonaJa fa cinc mesos que, en ple carrer de Sant Hipòlit de Voltregà (Osona),van matar a trets un noi de 15 anys. Tot va passar a les cinc de la matinada, davant de la casa d'un home de 40 anys que es diu Dani, però conegut pel malnom de Perry i amb fama de conflictiu. Segons fonts policials, té diversos antecedents. Aquell dia, davant de casa seva hi havia quatre persones: el Perry, la víctima, un altre noi i una noia. Quan els Mossos d'Esquadra van arribar-hi, no van trobar cap rastre del Perry. Diversos testimonis van assegurar que havia fugit muntanya amunt. Sigui com sigui, després d'una recerca de pel·lícula amb els GEI dels Mossos vestits de camuflatge, el sospitós va aparèixer unes hores més tard, caminant pel voral d'una carretera. Tenia la cara plena de sang i no anava armat. La policia el va detenir a dos quilòmetres de l'escenari del crim. Mentre el Perry fugia, pel poble va circular de tot. Un exresponsable municipal fins i tot va fer córrer un àudio dient que no hi havia hagut trets, sinó que la víctima s'havia desnucat al caure enmig d'una baralla. En el primer informe policial els Mossos no es van voler mullar del tot: apuntaven que era una mort compatible amb un homicidi, però no deien que fos causada per una arma de foc, segons fonts consultades per l'ARA. De fet, tot i que alguns testimonis asseguraven que el Perry havia disparat una arma, quan el van detenir no en portava cap a sobre. L'endemà,van escorcollar casa seva amb detectors de metalls, i tampoc hi van trobar res. També van anar a una nau on estava treballant de soldador i van buscar per la muntanya per on s'hauria escapat. Gairebé quatre mesos i mig després, segons fonts consultades per l'ARA, la policia continua sense trobar la presumpta arma homicida.;Successos
Detenen el fugitiu que va matar un veí del Poblenou que esperava per entrar al pàrquing;https://www.ara.cat/societat/successos/detenen-fugitiu-matar-vei-poblenou-esperava-entrar-parquing_1_4806804.html;21/09/2023;BarcelonaVuit dies després els Mossos d'Esquadra han detingut l'home de 30 anys que dimarts de la setmana passada hauria matat un veí del Poblenou que esperava per entrar al pàrquing de casa seva. La víctima, que va rebre forts cops a la cara, va ingressar ferida greu a l'Hospital del Mar de Barcelona, però el seu estat va empitjorar i finalmentva acabar morint divendres. Des del moment de l'agressió, la policia catalana buscava l'ara detingut, que va fugir del lloc dels fets abans no arribessin les primeres patrulles policials. Inicialment, els Mossos van relacionar l'agressió amb un robatori d'un telèfon mòbil, però, segons fonts policials consultades per l'agència Europa Press, aquesta línia d'investigació s'ha descartat i ara la policia es planteja altres hipòtesis.;Successos
Mor l'home que es va encarar al lladre que li havia robat el mòbil a Barcelona;https://www.ara.cat/societat/successos/mor-l-home-barallar-lladre-li-robar-mobil-barcelona_1_4802534.html;15/09/2023;BarcelonaEl robatori d'un mòbil dimarts a la tarda a la zona del 22@ de Barcelona ha acabat amb la víctima del furt morta a l'hospital. L'home, de 58 anys,va quedar feritgreu després de perseguir el lladre amb el cotxe i barallar-s'hi. Els serveis d'emergències van traslladar-lo a l'hospital, on el seu estat va empitjorar i estava ingressat en estat crític. Aquest divendres a la tarda ha mort, segons han informat els Mossos d'Esquadra, que continuen buscant el responsable del robatori i l'agressió posterior i que ja investiguen el cas com un homicidi. Dimarts cap a les 18 h un veí del carrer Ciutat de Granada esperava assegut al volant del seu cotxe esperant que s'acabés d'obrir la porta del pàrquing per entrar-hi quan un home va aprofitar que tenia la finestreta oberta per robar-li el mòbil. La reacció de la víctima va ser perseguir el lladre amb el cotxe. El va interceptar uns metres enllà, abans d'arribar al semàfor. L'home va baixar del vehicle i es va encarar a l'atracador per mirar de recuperar el telèfon.;Successos
Investiguen l'homicidi d'una dona a Sant Boi de Llobregat;https://www.ara.cat/societat/successos/investiguen-l-homicidi-d-dona-sant-boi-llobregat_1_4800718.html;14/09/2023;BarcelonaHomicidi a Sant Boi de Llobregat. Els Mossos d'Esquadra investiguen la mort violenta d'una dona en aquest municipi dilluns. El cos es va trobar a l'interior d'un domicili del barri de Ciutat Cooperativa cap a dos quarts de quatre de la tarda. L'autòpsia ha determinat que va morir en circumstàncies violentes i que va ser víctima d'un crim. Per això l'àrea d'investigació criminal s'ha fet càrrec del cas. Fonts dels Mossos han explicat a l'agència Efe que la víctima és una dona de 68 anys i que el sospitós del crim seria una persona del seu entorn més immediat, familiar o conegut, però amb qui no mantenia una relació sentimental. Això fa que la policia, almenys inicialment, descarti que es tracti d'un cas de violència masclista. Malgrat tot, de moment el cas continua investigant-se i encara no s'ha practicat cap detenció.;Successos
Tres hores atrapats en una oficina: evacuats tots els afectats per l'incendi del carrer Aragó;https://www.ara.cat/societat/successos/diverses-persones-confinades-incendi-edifici-d-oficines-barcelona_1_4793006.html;05/09/2023;"BarcelonaUn incendi en un edifici d'oficines al carrer Aragó de Barcelona, a prop de la plaça Tetuan, ha obligat a confinar sis treballadors de manera preventiva a les plantes superiors de l'edifici, segons han informat els Bombers de Barcelona, que han treballat amb 10 dotacions a la zona, juntament amb el Servei d'Emergències Mèdiques i la Guàrdia Urbana. Segons fonts municipals, els efectius desplaçats han pogut extingir les flames en un inici, però al migdia el fum ha revifat i els Bombers hi han treballat de nou fins a apagar totalment les flames, ja cap a les 18 h de la tarda. En total, el SEM ha atès 10 persones: quatre han sigut traslladades a centres sanitaris en estat lleu i sis han rebut l'alta in situ. Aquestes darreres sis persones són les que s'han hagut de confinar al bloc. En aquest edifici hi treballen unes 320 persones i a les 9 h del matí estava pràcticament ple. Tot apunta que el foc ha començat al quadre de llums del soterrani, per causes que s'investiguen, i el fum ha pujat per dos conductes que li han fet de xemeneia: l’escala d’emergència i el muntacàrregues. Tothom ha sortit com ha pogut del bloc. Alguns han vist el fum i a d’altres els han trucat des de baix altres companys que encara no havien entrat. ""Primer hem notat olor de cremat i després hem començat a veure fum"", explica un testimoni. Ells estaven a la cinquena planta i han pogut baixar per les escales ordinàries, on encara no hi havia fum. Un cop a baix, han trucat als timbres de totes les oficines perquè baixessin.";Successos
Set ferits en l'incendi d'un pis al Raval de Barcelona;https://www.ara.cat/societat/successos/set-ferits-l-incendi-d-pis-raval-barcelona_1_4792162.html;04/09/2023;BarcelonaSet persones han resultat ferides, cap d'elles de gravetat, en l'incendi d'un pis al número 89 del carrer Nou de la rambla del Raval de Barcelona, a tocar de l'avinguda Paral·lel. El foc s'ha declarat a les 9.08 hores d'aquest dilluns per causes que encara es desconeixen. Se sap del cert que ha començat a la segona planta d'aquest edifici de cinc pisos i n'ha deixat un totalment calcinat. L'incendi també ha afectat el balcó de la tercera planta i ha deixat aquest tram de la façana visiblement afectat. L'actuació dels Bombers de Barcelona, que hi han enviat sis dotacions, ha sigut ràpida i abans de les 10 del matí ja han donat per apagat l'incendi. En total, han resultat afectats sis veïns, cap d'ells de gravetat. Concretament, segons fonts del Sistema d'Emergències Mèdiques, un d'ells ha sigut traslladat en estat menys greu a l'Hospital del Mar i no es tem per la seva vida. Alhora, quatre persones més han resultat ferides lleus i les han traslladat als hospitals Clínic i del Mar. El balanç s'ha saldat amb dos veïns més que han sigut donats d'alta al lloc dels fets pels efectius del SEM.;Successos
"El gas del riure s'expandeix per la costa catalana: ""És la nova droga del jovent""";https://www.ara.cat/societat/successos/gas-riure-s-expandeix-costa-catalana-nova-droga-jovent_1_4790825.html;02/09/2023;"BarcelonaEs pot comprar fàcilment per internet a preus molt assequibles. Si un gram de marihuana ronda els cinc euros, un de gas del riure està a uns cinc cèntims. Se'l coneix així, però tècnicament es diu òxid nitrós. Només té dos components, oxigen i nitrogen, i és tan fàcil aconseguir-lo perquè, sobre el paper, no acaba de ser una droga. A Amazon mateix, un pot de 640 grams d'òxid nitrós val 35 euros. A Barcelona, arriba en una setmana. Es pot fer servir com a anestèsic i fins i tot es posa als carburants dels coets, tot i que una de les seves aplicacions més populars és utilitzar-lo per muntar nata. Aquest és l'esperit, almenys, de l'oferta d'Amazon: ""Aporta a la teva nata muntada un deliciós toc tropical"". És curiós, però, que Amazon informa que el producte l'acostumen a comprar usuaris juntament amb un altre, unpackde 50 globus, i ofereix sumar-los directament a la cistella com una combinació habitual. En l'àmbit recreatiu, l'òxid nitrós és en realitat el gas del riure i se sol consumir inflant un globus amb el pot prèviament comprat i aspirant el gas de l'interior del globus. ""L'òxid nitrós és un neurotransmissor, i qualsevol alteració de la concentració de compostos d'una persona modifica el funcionament del cervell"", explica Margarita Parra, catedràtica de química de la Universitat de València. En el cas del gas del riure, altera el sistema nerviós creant dues sensacions immediates: eufòria i desinhibició. L'efecte dura poc comparat amb altres drogues, però això no vol dir que sigui menys perillosa, ja que pot causar desmais o aturades respiratòries perquè limita l'entrada d'oxigen al cervell.";Successos
Es desploma un arbre en mal estat enmig de la superilla de Sant Antoni;https://www.ara.cat/societat/successos/desploma-arbre-mal-enmig-superilla-sant-antoni_1_4788530.html;30/08/2023;"BarcelonaEncara no fa ni un mesque va morir una noia de 20 anys al Raval de Barcelonaquan li va caure una palmera a sobre i ja hi ha hagut un accident semblant, aquest cop sense víctimes. Dimecres a la matinada, al carrer Comte Borrell, a l'epicentre de la superilla de Sant Antoni, un arbre s'ha trencat per la base i ha caigut sobre uns bancs. Per l'hora, no hi havia ningú assegut i no s'han hagut de lamentar ferits, però es tracta d'una zona de vianants molt transitada durant el dia. L'arbre és un lledoner i, segons fonts coneixedores dels fets, estava en mal estat. L'Ajuntament de Barcelona ja investiga per què ha caigut i les primeres hipòtesis apunten, com en el cas de la palmera, que s'ha desplomat per la suma de diversos elements. L'accident ha passat durant una nit de temporal a Barcelona, amb fortes pluges, però l'arbre ja tenia defectes previs. Les mateixes fonts apunten que tenia un fong que havia foradat el tronc (de fet, a simple vista es veia obert) i això n'afectava la rigidesa. És a dir, el lledoner tenia trams de tronc més rígids, per on es pot trencar, i uns altres de més flexibles. Segons fonts consultades per l'ARA, aquest lledoner es va revisar per última vegada el gener del 2022, fa un any i vuit mesos. Llavors, no es va detectar ""cap deficiència"".";Successos
"Homicidis sense cadàver: ""De vegades no cal veure les coses per saber que existeixen""";https://www.ara.cat/societat/successos/homicidis-cadaver-vegades-no-cal-veure-coses-existeixen_1_4768025.html;26/08/2023;"Barcelona¿Sense cos no hi ha delicte? L’any 2014 l’Audiència de Tarragona va contestar per primera vegada a aquesta pregunta amb unsí, després de condemnar a 30 anys de presó Ramon Laso per haver mata la seva parella i el seu cunyat als Pallaresos. Els seus cossos no es van trobar mai, però el jurat en va tenir prou amb la resta d’indicis contra Laso per considerar-lo culpable del doble homicidi. Tres anys després, l’Audiència de Barcelona imposava 15 anys de presó a Mohamed Taheri per haver matat la seva companya, Piedad Moya, a Mataró. El seu cos continua sense localitzar-se, tot i els intents de la família, que fins i tot un cop la sentència va ser ferma van costejar la perforació d’un pou a la finca on sospitaven que l’hauria fet desaparèixer. Des d’aleshores s’han dictat diverses condemnes més del mateix tipus. Són els casos més difícils d’investigar i jutjar per la inexistència de proves directes del crim. ""Quan hi ha una escena del crim, vol dir que hi ha vestigis de l’homicidi i que hi ha un cadàver que dona informació. Els cadàvers parlen i, a través d’aquesta informació, es pot establir la causa i el moment de la mort, la dinàmica comissiva o seguir un rastre de l’autor"", explica la fiscal Teresa Yoldi, la fiscal especialista del servei de jurat de l'Audiència de Barcelona que va portar el cas Moya i que des d’aleshores ha assumit altres investigacions d’homicidis sense cadàver. Com s’arriba aleshores a la conclusió que una desaparició d’una persona és en realitat un homicidi? ""Cal descartar totes les possibilitats i investigar fins a extrems bestials"", apunta Yoldi. Una font policial que ha estat diversos anys investigant homicidis i n'ha portat més d'un en què no hi havia cadàver explica que al principi cal tenir molt clar que no és una desaparició voluntària. ""No tens cap dret a investigar una persona que vol començar una nova vida"", comenta.";Successos
Mor un home després d’autolesionar-se i de ser reduït pels Mossos;https://www.ara.cat/societat/successos/mor-home-despres-d-autolesionar-caure-escales-reduit-pels-mossos_1_4785781.html;26/08/2023;"Barcelona""Estava alterat, cridant molt i donant cops a algun portal"". Ho explica una noia que treballa en un comerç del carrer de Radas, al barri del Poble Sec de Barcelona. Eren aproximadament les quatre de la tarda d'aquest divendres i va decidir trucar a la policia. També ho va fer un veí que ho va veure tot des del seu balcó. Descriu que en un moment l'home, que anava amb els pantalons mig abaixats, va perdre l'equilibri i es va donar un cop contra la vorera. ""Quan va arribar la policia, l'home va entrar al nostre portal"", explica una jove. Concretament, a l'edifici número 12 del mateix carrer, i va pujar un primer tram d'escales. Els veïns no el coneixien de res. ""Crec que no l'havia vist mai al barri"", comenta un. Un cop a la primera planta de l'edifici, va començar a picar insistentment a la porta d'una veïna. ""Estava molt exaltat"", explica un veí que el va veure en aquell moment. Els Mossos d'Esquadra van demanar reforços i, en el moment més àlgid, hi va haver fins a 10 agents implicats en l'operatiu, segons narren diversos testimonis. No va ser fàcil retenir-lo, ja que alguns agents, segons els mateixos testimonis, van sortir del bloc amb esgarrapades als braços, cops i bruts del guix de les parets. En algun moment de la intervenció, segons informa la policia catalana, l'home es va autolesionar clavant-se cops i també va caure per les escales. Va quedar estirat al replà de la planta baixa, just a sota de les bústies.";Successos
Estabilitzat l'incendi d'Arbúcies que ha obligat a desallotjar 80 persones;https://www.ara.cat/societat/successos/confinat-camping-incendi-arbucies_1_4785382.html;25/08/2023;"BarcelonaÉs una setmana especialment delicada pel que fa al risc d'incendi, amb el termòmetre marcant temperatures extremes i amb una sequera aguda que s'arrossega de fa molts mesos. Per això, el Govern mantéun seguit de restriccions per evitar qualsevol espurnai, fins ara, no hi havia hagut cap foc rellevant. Aquest divendres, però, els Bombers de la Generalitat han treballat en dos incendis simultanis a la província de Girona: un a Arbúcies, als peus del Montseny, i un altre a Llançà, a l'Alt Empordà. Els dos ja estan estabilitzats. El que més ha preocupat ha sigut el de la Selva. Hi han treballat 38 dotacions dels Bombers, i ho han hagut de fer ""amb contundència"" perquè el foc ""ha començat molt fort per l'estat de la vegetació"", tal com ha apuntat Ferran Julià, cap d'intervenció. A les 18 h, quatre hores després que comencés, l'han donat per estabilitzat. El foc està a tocar de diverses urbanitzacions i la Policia Local ha desallotjat 80 persones per prevenció. Ara, la gran majoria de desallotjats ja són a casa seva, segons fonts municipals. El foc tampoc està lluny d'un càmping, que s'ha confinat, així com 13 masies disseminades. El foc s'ha originat a les 14 h en un punt proper a la urbanització Can Pons, a tocar de la carretera GI-543, que, segons informa el Servei Català de Trànsit, es manté tallada. ""El foc ha creuat la carretera molt ràpid"", ha afirmat Julià.  La prioritat ha sigut el flanc dret perquè el foc no avancés per un barranc. De moment, l'incendi afecta una superfície de 4,3 hectàrees, segons les dades provisionals dels Agents Rurals, i donant-lo per estabilitzats els Bombers esperen que es quedi aquí. Les tasques d'extinció seguiran tota la nit i demà, quan esperen controlar-lo. Tot i això, Julià ha avisat que hi ha ""molta soca i vegetació acumulada"" i portarà feina ""refredar punts calents"". Un altre dels elements que ha complicat la feina dels Bombers és l'orografia, molt escarpada.";Successos
El cas del mosso que va clavar una bufetada a un home a Olot, en mans del jutge;https://www.ara.cat/societat/successos/cas-mosso-clavar-bufetada-home-olot-mans-jutge_1_4783946.html;23/08/2023;"BarcelonaLa Divisió d'Afers Inters (DAI) dels Mossos d'Esquadra ha tancat la investigació contra l'agent del cos que va clavar una bufetada a un home durant una actuació a Olot. La causa contra l'agent,que tal com va explicar l'ARA està suspès de sou i feina, ja està en mans d'un jutge. Tot va venir d'un vídeo que un veí va gravar i va penjar a les xarxes socials. S'hi veuen tres agents dels Mossos i un home assegut a terra. Un dels mossos diu a l'home que se'n vagi ""a dormir la mona"". L'home respon: ""Torna'm a pegar, torna'm a pegar"". Després, l'agent li clava una bufetada a la cara i l'home es queda estirat a terra. El mosso afegeix: ""Calla d'una vegada, d'acord? Ho has entès? Estàs molestant. Et trobes millor, ja?"" Segons fonts consultades per l'ARA, però, hi havia un altre vídeo de menor qualitat que el primer en què es veia l'escena anterior a la bufetada. La DAI volia saber si l'home deia ""torna'm a pegar"" perquè ja ho havien fet abans, i aquest segon vídeo ensenya com un agent li clava una puntada de peu. En un inici, la DAI va encausar un segon agent dels tres que hi eren per aquesta puntada de peu. Creien que havia sigut ell, però finalment no hi ha cap prova concloent i han arxivat la causa sobre ell. Es tracta del mosso Albert Donaire, que ha compaginat les seves tasques d'agent amb la coordinació de l'associació Mossos per la República i el secretariat nacional de l'ANC.";Successos
Suspenen de sou i feina el mosso de la bufetada a Olot i n'investiguen un altre per una puntada de peu;https://www.ara.cat/societat/successos/suspenen-sou-feina-mosso-bufetada-olot-n-investiguen-puntada-peu_1_4778275.html;15/08/2023;"BarcelonaL'actuació va ser dimecres a la nit a Olot (Garrotxa) i, l'endemà, el vídeo gravat per un veí va començar a córrer per les xarxes socials: s'hi veuen tres agents dels Mossos d'Esquadra i un home assegut a terra. Un dels mossos diu a l'home que se'n vagi ""a dormir la mona"". L'home respon: ""Torna'm a pegar, torna'm a pegar"". Després, l'agent li clava una bufetada a la cara i l'home es queda estirat a terra. El mosso afegeix: ""Calla d'una vegada, d'acord? Ho has entès? Estàs molestant. Et trobes millor, ja?"" La primera reacció de la direcció dels Mossos va serobrir una investigació contra l'agent per la bufetada. Se n'encarrega la Divisió d'Afers Interns (DAI), que està recollint informació sobre els fets i parlant amb testimonis. Una indagació així no sol ser curta, però, segons ha pogut saber l'ARA, ja s'ha pres una primera decisió en forma de mesura cautelar: l'agent de la bufetada ha quedat suspès de sou i feina mentre dura aquesta investigació. La cosa no acaba aquí. Segons fonts amb accés a informació del cas, la DAI no només ha posat en el punt de mira el mosso que va clavar una bufetada, sinó que també investiga un dels altres dos agents que eren al lloc dels fets. Al segon mosso se l'investiga per, presumptament, haver clavat una puntada de peu a l'home abans que l'altre agent li donés la bufetada. Segons la DAI, això explicaria per què l'home està assegut a terra i diu ""torna'm a pegar"". D'aquest primer cop no n'hi hauria cap vídeo, però la DAI manté que en té informació.";Successos
Els rescats a la muntanya registren màxims històrics en l'era postcovid;https://www.ara.cat/societat/successos/rescats-muntanya-registren-maxims-historics-l-postcovid_1_4767236.html;13/08/2023;BarcelonaEls Bombers de la Generalitat estaven acostumats a fer entre 1.400 i 1.500 rescats a la natura cada any. Les xifres variaven molt poc –en van fer 1.410 el 2016 i 1.440 el 2019–, però després de la pandèmia tot va canviar. Acabat el confinament, molta gent va optar per la muntanya. Tot i que pràcticament la meitat de l'any no hi va haver mobilitat, els rescats el 2020 ja van ascendir a un rècord de 1.600 i l'any següent es va superar aquest rècord absolut: 1.954, un 35% més que dos anys abans. Aquesta dinàmica es va consolidar el 2022, amb 1.857 rescats, i el 2023 també va pel camí d'uns registres que podrien superar tots els precedents. Fins al 20 de juliol, hi ha hagut 1.202 rescats a la natura. És la xifra més alta dels darrers anys si només comptem els rescats fins al juliol: n'hi va haver 991 el 2022 i 997 el 2021. No hi ha pràcticament cap cap de setmana que no acabi amb un bon grapat de sortides de rescat dels Bombers en diferents punts del país.;Successos
Mor el conductor que va rebre un tret al cap quan intentava envestir una patrulla dels Mossos;https://www.ara.cat/societat/successos/mor-conductor-rebre-tret-cap-intentava-envestir-patrulla-dels-mossos_1_4777673.html;13/08/2023;BarcelonaL'home que dissabte va resultarferit crític per un tret al cap d'un agent dels Mossos d'Esquadradesprés de robar un cotxe, fugir d'un control policial i intentar envestir una patrulla a l'autovia A-7, ha mort aquest diumenge en un hospital, segons ha informat la policia catalana a Twitter. Els fets van tenir lloc a un quart d'una del migdia a l'altura de Vandellòs i l'Hospitalet de l'Infant, al Baix Camp. L'home havia robat un vehicle a Amposta aprofitant el descuit del propietari i una patrulla va iniciar un dispositiu de tancament a diversos punts de les regions de Terres de l'Ebre i Camp de Tarragona per detenir-lo. Quan el presumpte lladre va trobar-se el control policial, va intentar esquivar-lo fent mitja volta. En veure's atrapat per una patrulla, va intentar envestir els agents.;Successos
Rescaten el cos d'un home que s'ha ofegat al mar davant la zona del Fòrum de Barcelona;https://www.ara.cat/societat/successos/troben-persona-morta-mar-davant-zona-forum-barcelona_1_4776563.html;11/08/2023;BarcelonaEl cadàver d'una persona s'ha trobat aquest divendres al mar davant la zona del Fòrum, entre Barcelona i Sant Adrià de Besòs, segons avançaEl Periódicoi han confirmat fonts de la Guàrdia Civil a l'ARA. La víctima és un home de 72 anys que havia sortit a navegar en una embarcació de lleure amb uns amics. Segons Protecció Civil, tots s'han tirat a l'aigua a nedar i han pogut tornar a bord menys ell i no el localitzaven. Han avisat el cos policial i s'ha començat la cerca fins que a les 13 hores Salvament Marítim ha localitzat el cos a l'aigua a dues milles de la desembocadura del riu Besòs. La Guàrdia Civil s'ha fet càrrec de les diligències.;Successos
Mitja hora esperant perquè un interventor de Renfe estava practicant sexe a la cabina;https://www.ara.cat/societat/successos/mitja-hora-esperant-perque-interventor-renfe-practicant-sexe-cabina_1_4775931.html;10/08/2023;BarcelonaEls passatgers de la R16, la línia que connecta les Terres de l'Ebre amb Barcelona, van veure dilluns com l'últim tren, que surt pràcticament a les nou de la nit, anava amb mitja hora de retard. El problema era a l'estació de Tortosa i no era una de les freqüents avaries que provoquen endarreriments a Rodalies. Tot es va aturar perquè el maquinista del tren va demanar que canviessin la seva cabina. Tampoc era per un problema tècnic, sinó més aviat d'higiene. Tal com ha avançat elDiari de Tarragonai ha pogut confirmar l'ARA, quan faltaven pocs minuts perquè el tren sortís en direcció a Campredó, la següent parada, el maquinista va entrar a la seva cabina. Segons va denunciar poc després als seus superiors, es va trobar un interventor del tren mantenint relacions sexuals amb una dona. Estaven practicant sexe just on hi ha els comandaments que ell havia de fer servir per conduir el tren. Per això va traslladar aquesta insòlita situació a Renfe i es va negar a utilitzar aquella cabina.;Successos
Barcelona ja ha talat vuit palmeres com la del Raval des de la mort de la noia de 20 anys;https://www.ara.cat/societat/successos/barcelona-ja-talat-vuit-palmeres-raval-des-mort-noia-20-anys_1_4774993.html;09/08/2023;"BarcelonaJa ha passat una setmana des que una palmera de la plaça Emili Vendrell, al Raval de Barcelona,es va partir per la meitat i va matar una noia de 20 anys, la Shamira, que passava per allà.Just aquells dies, els tècnics de Parcs i Jardins de l'Ajuntament estaven revisant palmeres d'aquesta espècie, la datilera, que podien representar un risc. La de la plaça Emili Vendrell, però, no formava part d'aquest grup en revisió. El motiu? En una avaluació del 2021 ja no es va posar dins de les 350 que es consideraven amb més risc. Tot i això, el març d'aquest any els veïns ja van entrar una incidència a l'Ajuntament dient que estava en mal estat, tal com va avançar l'ARA. Els tècnics hi van anar dues vegades, però la inspecció només va ser ocular.No es va detectar cap anomalia. De moment, la principal hipòtesi és que la persistent sequera va provocar que el tronc es tornés més rígid i s'acabés partint, segons fonts municipals. La palmera no estava al radar i, així i tot, es va partir per la meitat. Davant d'això, l'Ajuntament ha iniciat una revisió de gairebé 900 palmeres que tenen unes condicions (espècie, alçada, edat...) semblants a la del Raval. La prova, però, va molt més enllà d'una inspecció ocular. El mateix gerent de Parcs i Jardins admetia que en una palmera ""és molt difícil veure-hi defectes"" des de fora. Cal, doncs, fer altres proves com un test d'oscil·lació o picar el tronc per escoltar com sona. Això és el que s'està fent a les 900 palmeres, i ja se n'han talat vuit després d'establir uns llindars més restrictius per curar-se en salut. ""Davant del dubte, hem tallat"", ha resumit el cap d'arbrat de l'Ajuntament, Joan Guitart. Aquest dimecres al matí tocava revisar una palmera a la plaça del Pes de la Palla, a escassos 400 metres de la palmera que va matar la Shamira. De moment, n'han revisat un centenar.";Successos
De l'atemptat contra Joan Laporta a dominar discoteques: la carrera criminal dels Casuals;https://www.ara.cat/societat/successos/l-atemptat-joan-laporta-dominar-discoteques-carrera-criminal-dels-casuals_1_4774095.html;07/08/2023;BarcelonaNo acaba d’estar del tot clar el moment en el qual els Casuals van començar a portar una doble vida. La de ser Boixos Nois, però alhora forjar-se com un grup criminal. Els Mossos els han desarticulat per tercer cop des de la seva fundació, i hi ha un nom vinculat al seu punt de partida: Joan Laporta. “La consolidació arriba després de la victòria el 2003 de Laporta i la campanya per erradicar els seguidors violents”, apunten els Mossos en la investigació. Van amenaçar el president del Barça i fins i tot van preparar un atemptat contra ell. Era una època en què els seus fills anaven amb guardaespatlles i en què els Casuals, vetats al Camp Nou, van intentar satisfer les seves ànsies de delinqüència. Ja els van enxampar el 2004 per disfressar-se de policies i assaltar narcos, i ja van detenir Ricardo Mateo, el Kàiser, i la seva mà dreta, Pichín. Els van tancar a la Model i allà van crear un sistema per entrar-hi drogues. Quan van sortir, van iniciar la seva tàctica estrella. Corria el 2009 i diversos locals d’oci nocturn van avisar els Mossos que estaven rebent coaccions d’un grup de persones liderades “per un tal Ricard”. L’objectiu? Demostrar que la seguretat no funcionava i que ells ho farien molt millor. Després, tindrien via lliure per entrar la seva droga.;Successos
Tots els tentacles dels Casuals: “Em pagaràs o et segresto a tu i a tota la teva família”;https://www.ara.cat/societat/successos/tots-tentacles-dels-casuals-em-pagaras-et-segresto-tota-teva-familia_130_4773411.html;06/08/2023;BarcelonaAquesta és una història de crims, drogues i segrestos, però tot comença en un partit de futbol. El 28 de novembre del 2021 l'Espanyol rebia la Reial Societat. Les Brigadas Blanquiazules, el seu sector més radical, estaven fent la prèvia al bar Los Cazadores. Hi va entrar un grup nombrós d'encaputxats i van destrossar-ho tot. L'abril del 2022, els Mossos d'Esquadra van detenir tres homes per aquest assalt. Un es deia Francisco, però tothom el coneix com a Paco el Gordo. La policia li va requisar dos telèfons, els van buidar i es van adonar que allò anava molt més enllà: havien topat amb els Casuals, un grup criminal especialment temut vinculat als Boixos Nois, els ultres del Barça. El 2009 els Mossos ja els van desarticular, i Paco el Gordo ja hi era, però llavors era unminicasual, dels més joves. Ara havien renascut. Els Mossos van trobar les respostes als telèfons punxats.;Successos
"L'Ajuntament va revisar la palmera del Raval, però no hi va detectar ""cap anomalia""";https://www.ara.cat/societat/successos/l-ajuntament-revisar-palmera-raval-despres-l-avis-dels-veins-marc-no-detectar-cap-anomalia_1_4772069.html;04/08/2023;"BarcelonaLa caiguda d'una palmera va provocar aquest dijous la mort d'una noia de 20 anys que era a la plaça Emili Vendrell, al barri del Raval de Barcelona.Tal com va explicar l'ARA, els veïns havien obert una queixa a l'Ajuntament el mes de març passat en què advertien que l'arbre estava en mal estat. Segons ha informat el consistori aquest divendres, una setmana després de la queixa dels veïns la brigada de manteniment va fer una inspecció ocular de l'arbre i ""no hi va veure anomalies"". Per precaució va posar el cas en coneixement dels tècnics d'arbrats, que van fer una nova revisió dos dies més tard, el 24 de març. Tant en un cas com en l'altre les inspeccions van ser només oculars, no es van fer proves de resistència del tronc. En la segona inspecció els tècnics tampoc van veure ""cap anomalia"", per la qual cosa es va tancar la incidència, ha explicat Francesc Jiménez, gerent de Parcs i Jardins de Barcelona. Aquest divendres, hi ha hagut una reunió d'urgència al consistori després del fatal accident. La gran pregunta és per què la palmera es va partir per la meitat, i encara no hi ha cap resposta clara. Hi ha tres factors que, junts, ho podrien haver provocat, però que per si sols no serien suficients: la sequera, un lleuger estretament del tronc i un niu de cotorres a la copa. Aquest estretament, segons Jiménez, ""no era de risc"" i el niu ""no tenia un pes que considerem determinant"". L'arbre, segons l'Ajuntament, no estava malalt. La investigació, doncs, continua. La segona tinenta d'alcaldia, Maria Eugènia Gay, ha explicat que l'Ajuntament ha obert un expedient informatiu ""per fer seguiment de totes les actuacions"" i ha encarregat un informe extern per avaluar les causes de la caiguda. Un dels motius que van esgrimir els veïns quan van demanar que es revisés l'arbre va ser que cada vegada estava més tort. Segons el consistori, però, això no era un factor de risc.";Successos
Els veïns ja havien avisat l'Ajuntament de Barcelona del mal estat de la palmera que ha matat una noia;https://www.ara.cat/societat/successos/mor-dona-caure-li-palmera-raval-barcelona_1_4771578.html;04/08/2023;BarcelonaUna noia de 20 anys ha mort aquest dijous quan li ha caigut a sobre una palmera a la plaça Emili Vendrell del Raval de Barcelona, a la confluència entre els carrers Joaquín Costa i Peu de la Creu, segons han confirmat a l'ARA fonts policials. No consten més ferits per l'accident, que s'ha produït poc abans de les 16 hores, quan l'arbre ha caigut per causes desconegudes i ha colpejat la víctima i també ha aixafat una camioneta dels serveis de neteja municipal que circulava pel carrer. La treballadora que el conduïa n'ha sortit il·lesa, tot i que el vehicle ha quedat malmès. Segons ha pogut comprovar aquest diari, al març els veïns que viuen davant de la palmera ja havien tramitat una incidència a l'Ajuntament avisant que estava en mal estat. Els veïns van explicar al consistori que l'arbre cada vegada estava més inclinat cap al seu edifici i que hi havia un niu d'ocells que pesava molt i doblegava el tronc. Van obrir una incidència formal, registrada a la web de l'Ajuntament. La resposta del consistori, llavors governat pels comuns i el PSC, va ser que es programava l'actuació en aquest arbre per al següent trimestre (del març al juny). L'accident mortal s'ha produït quatre mesos després de l'avís dels veïns, amb el termini esgotat. L'Ajuntament no ha comunicat a l'ARA si va arribar a fer alguna mena d'actuació a l'arbre, però ha convocat per a aquest divendres una roda de premsa.;Successos
Els Mossos detenen el líder dels Casuals a la Costa Brava;https://www.ara.cat/societat/successos/detingut-lider-dels-casuals-costa-brava_1_4769810.html;01/08/2023;BarcelonaEra una peça clau per desarticular els Causals, el grup criminal vinculat als Boixos Nois, i passaven els dies i els Mossos d'Esquadra no aconseguien trobar-lo. El 9 de juny la policia catalanava engegar un operatiu contra aquesta organitzaciói un dels primers moviments que va fer va ser anar a l'Hospitalet de Llobregat, a casa del líder dels Casuals, Ricardo Mateo. Hi havia algun membre de la seva família, però ell no hi era. Aquell dia van detenir 25 persones, que amb les setmanes han augmentat a 33. Mateo, però, seguia sense ser entre els arrestats. Finalment, segons fonts consultades per l'ARA, els Mossos han localitzat i detingut el líder dels Casuals aquest dilluns a Platja d'Aro, a la Costa Brava. Tot apunta que estava en un bar quan la policia el va arrestar i va aplicar l'ordre de cerca i captura que pesava contra ell. Els seus orígens estan a les grades del Camp Nou, però fa dècades que els Casuals han portat la seva activitat criminal molt més enllà. Els Mossos els atribueixen delictes d'homicidi, desordres públics, segrest, tinença d'armes, contra la salut pública, extorsió o pertinença a organització criminal. La policia ja els va intentar desarticular el 2010 amb un macrojudici, però van detectar que l'organització havia tornat a néixer. Algunes cares han canviat (hi han entrat noves generacions), però els caps continuen sent els d'abans. També les tècniques, com controlar discoteques per poder-hi entrar la seva droga o extorsionar amb segrestos els propietaris dels locals d'oci nocturn.;Successos
L'exdona de Mainat tona a la presó: ara, acusada de robar;https://www.ara.cat/gent/l-exdona-mainat-tona-preso-ara-acusada-robar_1_4762470.html;22/07/2023;BarcelonaAngela Dobrowolski, exdona del productor de televisió Josep Maria Mainat, torna a ser notícia. El jutjat de guàrdia número 1 de Barcelona l'ha enviat a la presó de forma provisional i sense fiança després que la policia la tornés a detenir, acusada de sis robatoris en casa habitada. L'han detingut juntament amb un home, que seria la seva parella, que està acusat de cinc robatoris més i per a qui també s'ha dictat l'ingrés provisional a la presó. Tots dos, que han passat un examen forense, han comparegut davant del jutge aquest dissabte després de ser arrestats, segons ha informat el Tribunal Superior de Justícia de Catalunya (TSJC). Aquesta és una taca més en l'historial policial i judicial de Dobrowolski, que ja va passar una temporada a la presó (el gener del 2021 el  jutge la va enviar a la presó per haver intentat accedir a l'habitatge del seu exmarit a través de la teulada, i després que ja hagués estat arrestada quatre cops abans). El principal cas pel qual està encausada és l'intent d'assassinat de Mainat, presumptament injectant-li insulina mentre dormia, el juny del 2020. Per aquest casla Fiscalia li demana 16 anys de presó(13 anys pel delicte d'assassinat en grau de temptativa i tres més pel de revelació de secrets).;Successos
El cadàver de Roda de Berà és el d'una nena algeriana que viatjava en una pastera amb els seus pares;https://www.ara.cat/societat/cadaver-roda-bera-d-nena-viatjava-pastera-pares_1_4758430.html;18/07/2023;BarcelonaElcadàver que es va trobar l'11 de juliola la platja de Roda de Berà és d'una nena algeriana de només vuit mesos que viatjava en una pastera amb els seus pares. Havien sortit des de Cherchell, a Algèria, el 21 de març i van naufragar enfront de les costes alacantines quan es dirigia cap a les illes Balears. A l'embarcació hi viatjaven 15 persones, entre les quals els pares de la criatura. Cap va sobreviure. Héroes del Mar, una ONG amb seu a Almeria que monitoritza les sortides des d'Algèria i el Marroc i dona l'alerta en cas que les embarcacions tinguin problemes, li ha posat nom a la petita: Lilia, que aquest mes de juliol compliria un any. És una del mig centenar de criatures mortes al mar. La família, resident a la localitat de Biskra, a uns 500 quilòmetres terra endins de la capital Alger, va naufragar el mateix dia que van  embarcar en un punt entre Eivissa i Dènia, la capital de la Marina Alta. El primer dels cossos va aparèixer dos dies més tard i no va ser fins el 24 que es va localitzar el del pare de la criatura en aigües alacantines. El de la mare, de nom Samira, es va recuperar el dia 28 de març a les Balears i, segons explica Angeles Colsa Herrera, fundadora i portaveu del CIPIMD, ja va ser repatriada i enterrada al seu país d'origen la setmana passada.;Successos
Els nous lladres: grups especialitzats que cada vegada deixen menys rastre;https://www.ara.cat/societat/successos/nous-lladres-grups-especialitzats-vegada-deixen-menys-rastre_130_4755765.html;19/07/2023;BarcelonaAmagat sota la visera d'una gorra, un home va anar parant a tots els pisos d'un bloc de Ripollet per col·locar alguna cosa a la part superior de la porta. Era el 10 de juliol i ho va gravar una càmera. Posava marcadors. En aquest cas, un fil prim enganxat amb cola. Al cap d'uns dies, el lladre hauria tornat i hauria mirat quins fils continuaven intactes. Això volia dir que no hi havia ningú i tenia via lliure per entrar. Abans de fer-ho, però, els Mossos d'Esquadra el van enganxar. A les butxaques portava dos rossinyols. És una petita eina metàl·lica doblegada per un extrem per forçar panys. Durant l'any passat, a Catalunya es van cometre 54 robatoris amb força a domicilis cada dia. En total, pràcticament 20.000. N'hi ha tot l'any, però els mesos d'estiu, amb molta gent fora de vacances, es multipliquen. L'agost del 2022, per exemple, n'hi va haver aproximadament un 20% més que la resta de l'any. Fonts policials apunten que durant aquestes setmanes s'incrementa el patrullatge, sobretot de paisà, però és complicat evitar-los.;Successos
El cadàver de Roda de Berà és d'una nena d'uns sis mesos;https://www.ara.cat/societat/successos/cadaver-roda-bera-d-nena-d-sis-mesos_1_4754179.html;13/07/2023;BarcelonaLes primeres exploracionsin situdel cadàver que dimarts va aparèixer a la platja de Roda de Beràvan permetre saber que es tractava d'una criatura de curta edat. D'entre dos i tres anys va ser la primera franja d'edat que s'apuntava, però l'autòpsia preliminar ha fet rectificar aquesta primera aproximació: segons fonts de la Guàrdia Civil es tracta d'una nena que no arriba a l'any. Concretament, seria un nadó al voltant dels sis mesos. La investigació encara està en un punt inicial i la policia ha traslladat totes les mostres biològiques als seus laboratoris de Madrid per analitzar-les més a fons i obtenir més informació clau. La criatura encara no està identificada ni es coneix el seu país d'origen. El cadàver el va localitzar un operari municipal després que estigués gairebé un dia sencer a la sorra sense que ningú hi parés atenció. Els banyistes es pensaven que era un ninot. Feia molt temps que era al mar, fet que va dificultar la primera aproximació de la seva edat, i anava vestit amb diverses peces de roba (un bodi, un jersei i fins i tot bolquers). Totes les hipòtesis segueixen obertes. No consta, de moment, cap naufragi recent a prop de la costa de Tarragona ni cap desaparició d'una nena d'aquesta edat. Sigui com sigui, les diligències de la Guàrdia Civil tot just acaben de començar.;Successos
Nou cop als Casuals que atacaven les aficions rivals del Barça;https://www.ara.cat/societat/barcelona/cop-als-casuals-atacaven-aficions-rivals-barca_1_4753198.html;12/07/2023;"BarcelonaEntre el 26 de juny i el 7 de juliol, els Mossos d'Esquadra han detingut cinc membres més dels Casuals, el grup criminal vinculat als Boixos Nois. I aquesta xifra eleva fins a 33 el balanç total de detencions i permet, segons la policia,donar per ""escapçat"" el grup, tot i que continuen buscant el seu líder, Ricardo Mateo, a qui no van trobar a casa, a l'Hospitalet, en l'operatiu desplegat el 9 de juny. Tres dels últims cinc detinguts estan relacionats amb greus incidents vinculats amb l’ús de la violència en el món de l’esport i formen part de les noves generacions dels Casuals. Haurien participat en agressions a aficions rivals aprofitant els desplaçaments del primer equip del Barça. Van ser identificats a Girona, el 14 de gener, moments abans del partit que hi va jugar el Barça, quan es disposaven a atacar indiscriminadament seguidors locals. La banda ja havia protagonitzat abans escenes de molta violència, quan alguns dels seus membres van irrompre, armats amb navalles i bats de beisbol, en unataverna de Pamplona, que va quedar destrossada. Els altres dos últims detinguts, en canvi, tenien un rol de rellevància en l’activitat criminal enfocada a guanyar diners per finançar la banda, i estan relacionats amb un delicte de segrest. Una de les descobertes que ha fet la investigació policial és l'existència d'una caixa comuna, a la qual tots els membres del grup havien de fer aportacions i que servia per pagar els advocats i també per mantenir les famílies dels membres presos del grup. S'hi ingressava part dels diners aconseguits per l'activitat criminal. Segons la investigació, el grup alternava les agressions a les aficions rivals amb l'activitat purament criminal: extorsions, narcotràfic, plantacions de cànnabis i, fins i tot, segrestos (com el d’un home vinculat a una plantació de cànnabis fallida). I es nodria de nous efectius que reclutava entre els aficionats més radicals del Barça.";Successos
El cadàver del nen de Roda de Berà feia un dia que era a la sorra sense que ningú li fes cas;https://www.ara.cat/societat/successos/apareix-cadaver-d-nen-d-tres-anys-platja-roda-bera_1_4752505.html;12/07/2023;"BarcelonaEl cadàver d'un nen ha aparegut aquesta matinada a la riba del mar a Roda de Berà (Tarragonès). L'han trobat estirat de bocaterrosa, a uns dos metres de l'aigua, i encara és d'hora per saber què ha passat. Segons fonts amb accés a dades del cas, després de les primeres exploracions s'ha confirmat que es tracta d'una criatura. L'Ajuntament ha informat que té entre dos i tres anys, arran de les primeres exploracions, mentre que la Guàrdia Civil s'espera a l'anàlisi del forense per determinar-ne l'edat exacta. La platja ja està oberta al públic després que la comitiva judicial hagi aixecat el cadàver cap a les 11.30 h. El cos l'ha trobat un operari municipal que netejava la platja passades les vuit del matí. Durant aquest dilluns, però, segons fonts consult, diversos banyistes ja el van veure de lluny, però es van pensar que era un ninot abandonat a la sorra. Ningú s'hi va acostar molt ni va avisar a la policia. Estava estirat a la sorra, aprop de l'espigó. Va passar un dia fins que no se'l va trobar l'operari municipal. Segons fonts policials, el cadàver està en un avançat estat de descomposició i ni tan sols està sencer, cosa que en pot dificultar la identificació. ""Feia molt de temps que era al mar"", apunten les mateixes fonts, que afegeixen que duia molta roba: bolquers, pantalons, unbodyi un jersei de ratlles descolorit per l'aigua.";Successos
Detenen una dona a Calella per matar l'home que la maltractava;https://www.ara.cat/societat/successos/detenen-dona-mort-soci-bar-calella_1_4751833.html;10/07/2023;CalellaEls Mossos d'Esquadra investiguen la mort violenta d'un home de 42 anys en un bar de Calella, al Maresme, que regentava amb una dona que també era la seva parella, segons ha pogut saber l'ARA. La mort s'hauria produït en el marc d'una baralla entre l’home, que es deia Pablo, i la dona, que ja ha quedat detinguda. Segons les primeres indagacions policials, li hauria clavat un ganivet a l’esquena. A l'home, segons fonts al corrent de la investigació, ja l'havien detingut en alguna ocasió per maltractar a la seva parella, ara arrestada per la seva mort. La policia ha rebut l'avís de la batussa cap a les quatre de la matinada, i quan ha arribat al lloc dels fets hi ha trobat un cadàver estès al terra del local. Uns minuts abans alguns veïns ja han sentit crits i cops, però hauria sigut la mateixa detinguda qui hauria trucat a la policia dient que hi havia una baralla al seu bar. El local, situat a l'avinguda Vallderoure, es diu la Terraza de Pablo, i pràcticament no està obert al públic.;Successos
Rellotges de luxe robats i amagats en peluixos i sabates;https://www.ara.cat/societat/successos/rellotges-luxe-robats-amagats-peluixos-sabates_1_4749129.html;07/07/2023;"BarcelonaFins a 13 rellotges de luxe valorats en gairebé 400.000 euros i amagats en elements com sabates, un os de peluix o fins i tot llums del sostre. Els Mossos d'Esquadra han desmantellat a Barcelona un pis que funcionava com a punt de recepció de rellotges provinents de robatoris amb violència. Un dels homes que regentaven el pis i amagaven el botí en diferents objectes ha quedat detingut per un delicte de receptació. I la policia en busca dos més. Els lladres es movien per zones on hi havia molts turistes i es coordinaven per escollir les víctimes i ajudar-se a fugir amb el rellotge. La investigació policial que va conduir cap aquest domicili va començar amb una denúncia del 5 de juny pel robatori violent d’un rellotge valorat en 8.500 euros al districte de Sant Martí de Barcelona. Un dels lladres es va acostar a la víctima per l’esquena i la va agafar del braç on portava el rellotge. Després de diverses estrebades, l'hi va aconseguir prendre i va marxar en patinet amb un altre home que vigilava l’actuació. És el mateixmodus operandique fan servir altres lladres especialitzats en el robatori de rellotges. Els membres d'aquest grup feien servir ""violència premeditada"" per aconseguir els seus objectius, segons remarquen els Mossos d'Esquadra, que afegeixen també que si era necessari agredien les víctimes per poder fugir amb els rellotges.";Successos
Un experiment per simular un volcà darrere la deflagració en una casa de colònies;https://www.ara.cat/societat/successos/quatre-menors-ferits-d-greu-feien-experiment-casa-colonies-brunyola_1_4748158.html;06/07/2023;BarcelonaQuatre menors van resultar ferits aquest dimecres per una deflagració en una casa de colònies a Brunyola, a la Selva, mentre feien un experiment barrejant productes químics. Tenen entre 9 i 12 anys i han patit cremades de diversa consideració. Dos estan ferits greus. Tots quatre van haver de ser derivats a centres hospitalaris: tres d'ells, entre els quals els dos ferits greus, fins a Barcelona, a l'Hospital de la Vall d'Hebron, i un d'ells a l'Hospital Josep Trueta de Girona. Aquest dijous al matí ja han donat d'alta l'ingressat al Trueta i un dels derivats a Barcelona, segons fonts hospitalàries. Els dos restants de la Vall d'Hebron segueixen amb pronòstic greu. Segons fonts al corrent de la investigació, els fets haurien passat a la casa de colònies Mas Muxach, a uns cinc quilòmetres del nucli de Brunyola, una població que no arriba als 400 habitants. Els infants són tots de la zona de Girona i una entitat havia contractat la casa de colònies per passar-hi uns dies. Estaven fent una activitat amb productes químics quan es va produir una combustió sobtada. Concretament, segons fonts consultades per l'ARA, la deflagració la va provocar la barreja de quatre productes: bicarbonat, alcohol, vinagre i sabó.;Successos
Detenen un home per l'assassinat d'un sensellar a la Vila Olímpica de Barcelona;https://www.ara.cat/societat/successos/detingut-mort-l-home-sensellar-vila-olimpica_1_4744698.html;01/07/2023;BarcelonaEls Mossos d’Esquadra han detingut un home de 31 anys perl'assassinat dimecres d'un altre home al parcque hi ha a l'encreuament entre els carrers Joan d'Àustria i Llull, a la Vila Olímpica de Barcelona. La víctima vivia al carrer i dormia en uns cartons a pocs metres del banc on el van trobar sense vida. La policia catalana va obrir una investigació i l'endemà dels fets, cap a les 21 hores, va detenir el presumpte autor del crim, que aquest dissabte ha passat a disposició judicial. El jutjat d’instrucció número 22 de Barcelona, en funcions de guàrdia, ha acordat enviar-lo a presó provisional comunicada i sense fiança per un delicte d’homicidi. El cadàver va aparèixer dimecres a la matinada en una zona concorreguda per persones sense sostre. Estava estirat en un banc i hi havia sang a terra. Al costat hi havia un carret de la compra amb ferralla. De fet, a la zona on es va trobar el cos cada nit hi dormen unes quantes persones d'origen subsaharià que es dediquen a la ferralla. Durant tot el dia van amb el carret caminant per Barcelona en cerca de metalls, i a la nit tornen per estar junts a la plaça, ubicada molt a prop d'un magatzem on venen allò que recullen. Alguns dels habituals van identificar la víctima pel nom de Lamine, un home d'entre 30 i 40 anys originari de Gàmbia.;Successos
Desallotgen per segon dia l'estació de plaça Catalunya per una falsa alarma causada per un patinet;https://www.ara.cat/societat/mobilitat/desallotgen-segona-tarda-consecutiva-l-estacio-placa-catalunya_1_4741514.html;27/06/2023;BarcelonaL'estació de plaça Catalunya de Barcelona s'ha desallotjat aquesta tarda davant un avís d'un objecte sospitós, segons han confirmat a l'ARA fonts dels Mossos d'Esquadra. La mesura preventiva davant d'un possible artefacte que ha resultat ser fals, segons fonts policials, ha afectat tant la circulació de Rodalies com la de les línies del metro 1 i 3 i Ferrocarrils de la Generalitat, que convergeixen totes en aquest punt. També s'han tancat preventivament les estacions de metro d'Urquinaona i d'Universitat. Fetes les comprovacions, s'ha descartat qualsevol perill. L'objecte que ha aixecat l'alerta era un sistema d'alarma antirobatori que algú ha tirat a una paperera a prop de l'accés a l'estació de Rodalies, al vestíbul de la boca que queda a tocar de la botiga Apple. És un sistema de seguretat que normalment porten instal·lats els patinets elèctrics. Un testimoni ha sentit un so semblant a les agulles d’un rellotge i, quan s'ha acostat a la paperera, ha vist que en sortien uns cables. Alguna cosa vibrava. Ràpidament ha avisat els vigilants de seguretat, que han alertat la policia.;Successos
Dos morts en un tiroteig a Alella;https://www.ara.cat/societat/successos/morts-tiroteig-alella_1_4738721.html;24/06/2023;BarcelonaDues persones han mort aquest divendres al vespre en un tiroteig a Alella, a la comarca del Maresme. Segons fonts policials, els fets haurien passat cap a les 19 h i a l'interior d’un domicili. Després, els presumptes autors dels trets han fugit en diversos vehicles. Una de les víctimes ha aparegut a la mateixa casa i l'altra tot apunta que l'haurien trobat a l'interior d'un cotxe proper. Els investigadors de l'Àrea d'Investigació Criminal de la Regió Metropolitana Nord ja són al lloc dels fets i han obert una investigació. La tasca policial se centra a hores d'ara a intentar trobar els autors del tiroteig i els responsables de la mort d'aquestes dues persones.;Successos
La lluita de l'Anisa: agredida pel seu pare, que la va obligar a casar-se amb el seu cosí;https://www.ara.cat/societat/successos/detenen-barcelona-home-pretenia-casar-filla-familiar-seva-voluntat_1_4735244.html;20/06/2023;"BarcelonaL'Anisa es pensava que aquell viatge a Gujrat, al nord del Pakistan, era només per assistir al casament de la seva germana amb un cosí. Tot ho havia orquestrat el seu pare, era un matrimoni concertat. Era el 2021 i l'Anisa tenia 19 anys. Abans del casament, el seu pare li va dir que havia de signar un formulari. Ella es va adonar que era un certificat de casament, i no el de la seva germana, sinó el seu amb un cosí més gran que ella; el fill de la germana del seu pare, a qui gairebé ni coneixia. L'Anisa s'hi va negar i el seu pare va reaccionar de forma violenta: la va tancar en una habitació i la va intentar estrangular. Després li va començar a clavar cops a l'esquena. ""La va apallissar"", apunten fonts policials, que afegeixen que sense la intervenció d'un familiar el desenllaç al Pakistan podia haver sigut fatal. Finalment, tot i que ella no recorda com, els papers van acabar signats. D'aquesta manera, l'Anisa es va convertir en una víctima més d'un matrimoni forçat, malgrat que vivia a Barcelona des de feia tres anys. La directora general per a l'Erradicació de les Violències Masclistes de la Generalitat, Laia Rosich Solé, va anunciar al febrer que el Govern aprovaria aquest mes de juny un protocol amb accions concretes i pressupost per prevenir els matrimonis forçats, però de moment no l'ha donat a conèixer. Els matrimonis forçats o concertats són habituals a Catalunya en determinades comunitats.";Successos
Fereix amb 40 perdigonades el veí i s'atrinxera en una masia al Ripollès;https://www.ara.cat/societat/successos/fereix-40-perdigonades-vei-s-atrinxera-masia-ripolles_1_4730513.html;14/06/2023;"RipollEls Mossos d'Esquadra han detingut a primera hora d'aquesta tarda un home que ha estat tot el matí atrinxerat en una masia de les Llosses (Ripollès) després de ferir un veí, a qui ha disparat 40 perdigonades. L'home ha estat hospitalitzat, però la seva vida no corre perill. Tots dos viuen en dues cases separades per uns 30 metres dins d'una mateixa finca del municipi. L'atrinxerat ocupa la casa que es troba a la part inferior dels terrenys i ha disparat cap a la superior un cartutx de dispersió que contenia els balins. Ara els investigadors treballen per aclarir quina era la relació entre víctima i agressor i els motius que han portat aquest últim a disparar al primer. A la policia no li consten denúncies creuades entre ells. Des de primera hora del matí la policia catalana ha desplegat un ampli operatiu a la finca, que ha comptat amb la participació d'agents del Ripollès i el Berguedà (les Llosses es troba al límit entre aquestes dues comarques) i amb unitats antidisturbis dels ARRO i els especialistes del Grup Especial d'Intervenció (GEI) i de mediació. Rafael Manzano, subinspector en cap de l'Àrea Bàsica Policial del Ripollès, ha explicat que, tot i els intents de mediar amb l'home, la negociació ha estat ""infructuosa"".";Successos
Crims, droga i segrestos: nou cop als Casuals, els criminals vinculats als Boixos Nois;https://www.ara.cat/societat/successos/operatiu-policial-casuals-ultres-mes-violents-barca_1_4725274.html;09/06/2023;BarcelonaEls seus orígens són a les graderies del Camp Nou i el seu nom respon a una moda. Es diuen Casuals perquè van deixar enrere l'estèticaskinper roba còmoda i desenfadada. Ho feien perquè la policia no els detectés i poguessin enfrontar-se lliurement amb altres aficions. Els anys 80 i 90, uns quants ho van importar del Regne Unit i ho van introduir als Boixos Nois. Però els Casuals no són els Boixos Nois. Els més veterans venen d'allà, dels ultres més violents del Barça, però van crear una marca pròpia que ha anat molt més enllà del futbol. No només es pegaven amb altres ultres abans d'un partit, sinó que també es van fer un lloc en el panorama de la delinqüència a Catalunya. Tràfic de drogues, extorsions, segrestos i fins i tot assassinats. De facció ultra a grup criminal. Fa molts anys que estan actius. Fonts policials recorden que fa vint anys ja anaven rere seu perquè assaltaven vaixells de narcotraficants fent-se passar per guàrdies civils.El 2010, els Mossos d'Esquadra ja van intentar decapitar l'organització: fins a 14 membres, entre ells el líder, van ser condemnats (la gran majoria amb penes menors) per diversos delictes en un macrojudici en què els Casuals es van pegar amb agents de la policia al mig del jutjat. Però no va ser un cop definitiu. Una dècada després, els Mossos ho han tornat a intentar: ha calgut una llarga investigació, de gairebé un any, que ha acabat aquest divendres amb 25 membres detinguts. Se'ls atribueixen delictes d'homicidi, desordres públics, segrest, tinença d'armes, contra la salut pública, extorsió o pertinença a organització criminal.;Successos
Un home mort i una dona ferida greu en caure un mur del Recinte Modernista de Sant Pau pel xoc d'un camió;https://www.ara.cat/societat/successos/home-mort-dona-ferida-caure-mur-recinte-sant-pau-pel-xoc-d-camio_1_4712401.html;26/05/2023;BarcelonaUn home de 71 anys ha mort i una dona de 63 ha quedat ferida aquest matí després que els caigués a sobre un mur del recinte modernista de l'Hospital de Sant Pau de Barcelona, contra el qual havia xocat un camió cisterna que sortia del lloc. A causa de l'impacte ha caigut runa sobre la calçada (algunes, pedres de grans dimensions), just quan passaven els dos vianants. L'home ha mort a l'instant, mentre que la dona ferida (en estat menys greu) ha estat traslladada al mateix centre hospitalari. El succés ha tingut lloc a les 8:42 del matí a la part del recinte que dona al carrer Sant Antoni Maria Claret, allà on conflueix amb el carrer Independència. Ara s'investiguen les causes de l'accident. El conductor del camió, segons fonts municipals, ha donat negatiu a les proves d'alcohol i drogues. Les mateixes fonts apunten que el camió sortia del recinte quan ha hagut de frenat de cop per no atropellar una bicicleta. Per encarar de nou la seva sortida, ha fet marxa enrere i ha colpejat el mur, provocant la seva caiguda. El conductor portava un camió d'una empresa privada que recull residus a l'hospital.;Successos
Un caça de l'exèrcit s'estavella a la base de Saragossa;https://www.ara.cat/societat/successos/caca-l-exercit-s-estavella-base-saragossa_1_4706938.html;20/05/2023;"BarcelonaUn caça F-18 de l'exèrcit de l'aire que feia pràctiques d'exhibició s'ha estavellat a la base aèria de Saragossa. Amb tot, el pilot ha pogut activar el mecanisme d'ejecció a temps, cosa que li ha salvat la vida, però ha estat traslladat immediatament en un helicòpter medicalitzat del 112 a un hospital per les diverses lesions a les cames que ha patit. A les xarxes socials s'ha viralitzat un vídeo de l'accident en què es pot veure l'avió caient sense control. Els fets han passat cap a les 12 al recinte de la base aèria. El pilot ha caigut molt proper a la tanca exterior de la instal·lació i en primer moment ha estat auxiliat per la Guàrdia Civil, però es descarten danys a civils. Segons han confirmat des del cos de seguretat espanyol, el caça ha patit ""un problema"" i s'ha estavellat instants després que el pilot aconseguís accionar la maniobra d'expulsió de la cabina. En caure, l'aparell s'ha incendiat i el caça ha quedat totalment desintegrat. Ara s'investiguen les causes.";Successos
Presó provisional per a l'home que grapejava i petonejava menors al barri de les Corts de Barcelona;https://www.ara.cat/societat/successos/preso-provisional-l-home-grapejava-petonejava-menors-barri-corts-barcelona_1_4705429.html;18/05/2023;BarcelonaUn jutjat de guàrdia de Barcelona ha decretat aquest dijous presó provisional per a l'home que,tal com va explicar aquest diari, va posar en alerta el barri de les Corts per haver grapejat i petonejat menors en ple carrer. Finalment, després que dilluns els tribunals el deixessin en llibertat amb càrrecs per una primera detenció, aquesta vegada quedarà privat de llibertat, una mesura que demanaven diverses famílies del barri preocupades per tornar a veure'l pel carrer. Va ser dimarts quan el van detectar un altre cop al barri i això va disparar les alarmes dels grups de pares de diferents centres escolars de la zona. Feia tres dies que corrien missatges explicant què havia fet i amb una foto seva. Dissabte, l'home s'havia acostat a un nen de nou anys i l'havia intentat tocar. A més, deia que se'l volia emportar. Tot va passar davant d'una fleca i la treballadora ho va evitar. L'home se'n va anar, però no va tardar gaire a tornar a actuar: pocs minuts després es va acostar a un altre nen que anava amb la mare i el va començar a grapejar i a petonejar. Va ser en aquell moment que els Mossos d'Esquadra el van aconseguir detenir. La preocupació de les famílies va augmentar quan van trobar-lo al carrer dos dies més tard perquè havia quedat en llibertat amb càrrecs.;Successos
La perillosa peripècia d'un carterista del metro per fugir: va d'una estació a l'altra per les vies;https://www.ara.cat/societat/successos/perillosa-peripecia-d-carterista-metro-fugir-d-estacio-l-altra-vies_1_4705158.html;18/05/2023;BarcelonaS'ha vist atrapat i ha acabat triant la fugida més perillosa de totes. Aquest dijous a les 16 hores, un carterista era en un vagó del metro de la L2 a la parada de Tetuan. Abans que les portes es tanquessin, ha robat el telèfon d'una noia i ha baixat del vagó. La noia se n'ha adonat i amb les seves amigues l'han intentat seguir, però les portes s'han tancat als seus nassos. Només han pogut avisar un altre grup de noies que eren a l'andana, que han començat a seguir el carterista per reclamar-li el mòbil, segons apunten testimonis dels fets. Finalment, el lladre ha acceptat tornar l'aparell i ha marxat. Però de cop ha aparegut un vigilant de seguretat i les noies l'han avisat. Veient que anava cap a ell, el carterista ha començat a córrer i ha saltat a les vies. El guàrdia de seguretat no el podia seguir perquè, tal com apunten fonts de TMB, tenen prohibit baixar a les vies. Immediatament, seguint el protocol en aquests casos, s'ha tallat la circulació. Amb els trens aturats, el carterista ha fugit per dins el túnel en direcció a la parada següent, Monumental. Les dues estacions estan separades per uns 700 metres i el tren passa just per sota de la Gran Via de les Corts Catalanes. Durant uns minuts, ningú n'ha sabut res, del lladre, tot i que al cap de poc ha tornat a aparèixer a les càmeres de seguretat: ja havia arribat a Monumental. Segons fonts coneixedores dels fets, ha tornat a pujar a l'andana i ha sortit de l'estació pel seu propi peu.;Successos
Primer dia de cerca de Levi Davis a les aigües del Port: sense rastre del desaparegut;https://www.ara.cat/societat/successos/dispositiu-aquatic-dels-mossos-busca-levi-davis-port-barcelona_1_4704656.html;19/05/2023;BarcelonaEls Mossos d'Esquadra han activat un dispositiu de cerca al port de Barcelona a la recerca de pistes sobre la desaparició de Levi Davis,el jugador de rugbi anglès que va ser vist per últim cop el 29 d'octubre de l'any passat en una zona de bars de la Rambla. La investigació de la policia catalana continua oberta set mesos després, i una de les hipòtesis que ha pres més força en les darreres setmanes és que Davis morís ofegat a les aigües del port de Barcelona unes hores després de ser al Hard Rock Cafè. Al port, de fet, és on van trobar el seu passaport. Segons fonts consultades per l'ARA, aquest dijous al matí els Mossos han posat en marxa un operatiu per intentar seguir el rastre del jugador de rugbi al port. Per fer-ho, s'han activat la unitat subaquàtica i la policia marítima, que han pentinat el fons marítim. La tasca policial, però, també ha sigut sobre terra, cercant indicis (com roba o pertinences del jugador de rugbi) als espigons i en zones d'accés complicat. El dispositiu, segons fonts properes, ha començat a primera hora i ha acabat el migdia sense trobar el cos del desaparegut. La cerca, però, continuarà demà. De moment, segons fonts consultades, no ha aparegut cap nou indici.;Successos
El 'pizza slide' i els falsos policies: desarticulat un grup de 14 lladres que feien explotar caixers;https://www.ara.cat/societat/successos/pizza-slide-falsos-policies-descarticulat-grup-14-lladres-feien-explotar-caixers_1_4702783.html;16/05/2023;BarcelonaLa matinada del 4 de juny de l'any passat van rebentar dos caixers automàtics,un al barri de Sarrià de Barcelona i un altre a Santa Coloma de Gramenet. La tècnica per fer-los explotar era calcada (no gaire detectada pels Mossos d'Esquadra fins ara) i tots dos eren de la mateixa entitat bancària. Els lladres hi van robar uns 150.000 euros. La matinada del 10 de setembre un grup de lladres va rebentar dos caixers més,un a Sant Boi de Llobregat i l'altre a Barcelona, i van robar una quantitat de diners semblant a la mateixa entitat bancària. Aquest cop, els Mossos van trobar a les quatre de la matinada un vehicle cremat a Sant Cugat del Vallès. Aquests cinc esdeveniments (quatre robatoris i l'aparició del vehicle) no eren fets aïllats: tots van ser obra del mateix grup criminal. Així va començar una investigació de la policia que els ha portat a València, Màlaga i Madrid. Quan els Mossos ja investigaven els robatoris de Santa Coloma i Sarrià, l'agost de l'any passat, es van produir uns fets semblants a Màlaga: dos caixers en una nit i un botí de 82.000 euros. Un mes després dels atracaments de Sant Boi i Barcelona, l'octubre del 2022 es va registrar un nou robatori de les mateixes característiques a València. Aquests els va investigar la Policia Nacional, que va aconseguir identificar uns quants membres d'un primer grup criminal establert a la Comunitat de Madrid, però que es movia per tot Espanya per delinquir i que fins i tot tenia identificacions policials falses. Entre els lladres, hi havia una figura clau. A diferència dels altres, no solia sortir gaire d'un habitatge del barri de San Fermín de Madrid. Ell era, segons la policia, l'encarregat de fabricar els artefactes explosius.;Successos
Tornen els 'Spiderman' a la Torre Glòries: dues persones l'escalen sense permís;https://www.ara.cat/societat/successos/tornen-spiderman-torre-glories-dues-persones-l-escalen-permis_1_4696155.html;08/05/2023;BarcelonaDes de la porta fins a l'última planta de la Torre Glòries de Barcelona hi ha 144 metres de petits finestrals. Aquest dilluns cap a la una del migdia, dues persones han començat a escalar-los sense cordes ni proteccions, segons expliquen diversos testimonis. No portaven ni samarreta: només pantalons curts. A cada pas que feien en vertical se sentien crits de por de la munió de persones que s'han concentrat al voltant del gratacel. Després d'una hora i mitja d'escalada, aproximadament, han arribat al cim i ho han celebrat aixecant els braços. L'alegria ha durat poc perquè els esperaven agents de la Guàrdia Urbana i dels Mossos d'Esquadra. Segons fonts policials, se'ls han endut a comissaria per identificar-los i els han denunciat per escalar l'edifici sense permís. Durant l'ascens, als accessos de la torre també hi han arribat ambulàncies del Sistema d'Emergències Mèdiques i camions dels Bombers de Barcelona, que al final no ha calgut que actuessin. De fet, no és la primera vegada que la Torre Glòries és el destí escollit per escaladors temeraris. Ja l'ha escalat dos cops, per exemple, Alain Robert, més conegut coml'Spiderman francès.L'última vegada que ho va ferva ser a l'octubre, amb 60 anys, acompanyat del seu fill de 34 anys. Divendres Alain Robert era precisament a la capital catalana i va escalar el Melia Barcelona Sky Hotel, de 116 metres d'alçada. Ho va fer només amb una bossa de magnesi en pols i uns peus de gat (sabates d'escalar). En aquest cas va pujar-hi amb un objectiu: intentar conscienciar sobre el canvi climàtic i la sequera. Finalment els Mossos també se'l van emportar.;Successos
Tercer tiroteig en quatre dies, aquest cop a Barcelona: cap ferit i quatre detinguts;https://www.ara.cat/societat/successos/tercer-tiroteig-quatre-dies-aquest-cop-barcelona-cap-ferit-quatre-detinguts_1_4693129.html;05/05/2023;BarcelonaCatalunya ha viscut tres tirotejos en quatre dies, un balanç poc habitual en els últims temps. El primer va ser dillunsa la matinada, cap a les 5 h, a Sant Hipòlit de Voltregà, quan un home de 40 anys presumptamenthauria disparat diversos trets mortals a un jove de 15 anys. El segon va tenir lloc a Salou dimecres: tres encaputxats (a dos els Mossos d'Esquadra encara els busquen)van metrallar dos ocupants d'un vehicle, que van morir. I el tercer ha sigut aquest dijous al vespre a Barcelona, al barri del Guinardó. No hi ha hagut cap ferit, però sí quatre detinguts. Una mica abans de les 18 h, segons diversos testimonis, hi ha hagut una baralla davant d'un portal del carrer Anna Maria Martínez. És una casa on, apunten els veïns, viuen moltes persones en habitacions rellogades. Sovint, els residents es queixen que fan festes i soroll, però mai havia passat una cosa així. En un moment, segons un testimoni, una persona hauria tret una navalla i l'enfrontament hauria acabat amb un altre implicat disparant entre quatre i cinc trets. No han tocat ningú, però les bales han destrossat el vidre i diverses parts d'un vehicle que estava estacionat. Un veí que l'ha vist comenta que el pistoler no ha volgut apuntar a ningú. Molts residents pensaven que eren petards, però que el seu carrer s'omplís ràpidament de cotxes de la policia els ha fet lligar caps.;Successos
On és la pistola? La pregunta que el presumpte assassí de Sant Hipòlit no vol respondre;https://www.ara.cat/societat/successos/pistola-pregunta-presumpte-assassi-sant-hipolit-no-vol-respondre_1_4690860.html;02/05/2023;BarcelonaEls Mossos d'Esquadra van activar dilluns les unitats d'elit, com el Grup Especial d'Intervenció (GEI), per capturarel presumpte autor dels trets mortals contra un noi de 15 anys de Sant Hipòlit de Voltregà. El tenien identificat: de nom Dani, però conegut com a Perry, era un home de 40 anys que molts veïns qualifiquen de problemàtic. Va fugir muntanya amunt i la policia sospitava que encara portava l'arma a sobre. Per això, quan diversos testimonis el van situar al voral d'una carretera a dos quilòmetres de casa seva, hi van anar una desena de cotxes, entre ells els GEI, per si la detenció acabava amb un tiroteig. Però va ser tot al contrari. El van envoltar, no es va resistir i entre uns quants agents el van fer pujar a un cotxe patrulla. Abans, el van escorcollar i es van endur una sorpresa: no hi havia rastre de la pistola. 24 hores després, continua sent una de les principals preguntes que es fan els investigadors dels Mossos d'Esquadra. De moment, el Perry no vol respondre ni aquesta ni cap altra qüestió. A comissaria, segons fonts consultades, es va acollir al dret de no declarar i s'ha mantingut pràcticament callat fins ara. Aquest dimecres al matí la policia l'ha portat a la porta de casa seva, l'escenari del crim. Amb detectors de metalls, els Mossos han revisat tota la casa de dalt a baix durant gairebé dues hores i no hi han trobat res. Li han preguntat més d'una vegada on era la pistola i el Perry ha mantingut el silenci. Al migdia, els Mossos també havien d'escorcollar una fàbrica de Manlleu on el detingut hi hauria treballat. Diverses fonts apunten que el Perry no tenia una feina fixa, però anava fent feinetes. Una d'aquestes era en tasques de soldador en aquesta nau. Finalment, l'escorcoll s'ha suspès.;Successos
S'estavellen dos ultralleugers a Moià i moren quatre persones;https://www.ara.cat/societat/successos/s-estavella-ultralleuger-moia_1_4689590.html;30/04/2023;Barcelona / MoiàBalanç tràgic aquest diumenge als voltants de l'aeròdrom de Moià, on s'han estavellat dos ultralleugers i han mort els quatre ocupants que hi viatjaven, segons han confirmat a l'ARA fonts amb accés a dades del cas. Tot i que les causes s'estan investigant, pren força la hipòtesi d'un xoc en ple vol que ha fet que els dos aparells, amb dos ocupants cadascun, hagin caigut a només 300 metres de distància l'un de l'altre. Les dues avionetes eren calcades: una Tecnam P-92, un model d'avió lleuger d'ala alta que es fabrica a Itàlia. I, també, tots dos ultralleugers havien sortit aquest matí del Camp de Vol Prat de la Plana, a tocar de Moià. Segons ha pogut saber l'ARA, en cada avioneta hi viatjava un instructor de vol, dos homes amb molta experiència i moltes hores a l'aire. Un tercer passatger seria una persona també coneguda a l'aeròdrom amb carnet d'avioneta. Des del camp de vol només hi veuen una explicació: un accident que és gairebé impossible que passi. El cotxe d'un dels instructors encara està aparcat davant del garatge de l'ultralleuger.;Successos
"""Et paren i et diuen que t'assembles a un delinqüent"": així són les rodes de reconeixement";https://www.ara.cat/societat/et-paren-et-diuen-t-assembles-delinquent-aixi-son-rodes-reconeixement_1_4688344.html;30/04/2023;BarcelonaTothom en deu haver vist alguna vegada en alguna pel·lícula o sèrie. Cinc persones dretes amb un cartell del número que els pertoca. Miren endavant, cap a un mirall que en el fons és transparent. A l'altra banda hi ha la víctima d'un delicte, la policia, un jutge i els advocats. Una veu va dient: que s'acosti el número u, que s'acosti el número dos, i així successivament. Un cop ho han fet tots, la víctima pot tornar a demanar que algú s'acosti un altre cop. Així fins que reconeix (o no) el presumpte autor del delicte que ha patit. A les pel·lícules, el delinqüent sempre torna a aparèixer alguna vegada a la pantalla, però de les altres quatre persones no se'n sap res més. Són figurants. A la vida real, en el fons, això també és així. Però d'on els treuen, els extres? Les rodes de reconeixement sempre les autoritza un jutge, i és amb la seva llum verda que s'activen els Mossos d'Esquadra. Saben com és el presumpte autor del delicte perquè el tenen identificat i a vegades fins i tot detingut, i és tan fàcil, apunten fonts policials, com buscar persones que s'hi assemblin. La gran majoria de vegades els treuen dels calabossos o de les presons, però altres cops toca buscar-los a fora. Normalment, els encarregats de fer-ho són les patrulles de seguretat ciutadana.;Successos
Un jove senegalès evita un atracament a Sabadell neutralitzant per la força el lladre;https://www.ara.cat/societat/successos/jove-senegales-evita-atracament-sabadell-neutralitzant-forca-lladre_1_4688687.html;28/04/2023;"BarcelonaEren les vuit del matí d'aquest dilluns i un banc situat al carrer Matadepera de Sabadell va obrir les portes. Hi va entrar, puntual, un jove senegalès que feia poc que havia arribat a Catalunya. De fet, accedia al banc per obtenir la seva primera llibreta bancària al país. L'estaven atenent quan, de cop, va entrar un home i va treure una navalla. Va amenaçar al treballador que estava fent la llibreta al jove senegalès i li va dir que li donés diners. El lladre anava vestit fosc i duia una caputxa i una mascareta per no ser reconegut. ""Treu els bitllets"", anava avisant. Tot i que era d'hora al matí, al banc ja hi havien uns quants clients. Tothom es va quedar aturat menys el jove senegalès, que es va encarar amb el lladre. ""Mata, mata"", li anava dient mentre cada vegada s'apropava més. El jove va decidir fer un moviment ràpid per mirar de bloquejar la navalla de l'atracador, i ho va aconseguir. Després d'un estira-i-arronsa, li va prendre l'arma blanca i la va deixar a sobre del taulell del banc. Després, va tirar el lladre a terra i el va bloquejar amb l'ajuda d'un empleat del banc. ""Deixeu-me que me'n vagi"", anava dient al lladre a terra. La policia va arribar al cap de pocs minuts i va detenir l'assaltant, que és un home de 36 anys.";Successos
L'assassí de Canovelles va fer saltar una alarma per tenir la víctima a distància de tir;https://www.ara.cat/societat/successos/l-assassi-canovelles-saltar-alarma-victima-distancia-tir_1_4688075.html;28/04/2023;BarcelonaEl Roger i el Jordi estaven sols en una de les galeries de tir del Camp de Precisió de Granollers. El Jordi era l'encarregat d'aquesta galeria. Feia mitja dècada que hi treballava, però era un soci habitual des de ben jove. En canvi, el Roger, de només 19 anys, feia pocs mesos que hi anava després d'haver passat per l'acadèmia militar. Era un dissabte i ja arribava l'hora de tancar. El Jordi estava escombrant la galeria i li va comentar al Roger que li quedaven cinc minuts. Eren molt lluny l'un de l'altre: un a cada punta de l'àmplia galeria. Ens hem d'imaginar una sala gran, amb petites entrades que donen accés a cada passadís per disparar. En aquella galeria, n'hi havia una quinzena. Segons fonts consultades amb accés a les càmeres de seguretat, després d'aquest comentari el Roger va continuar disparant, però de tant en tant feia un pas enrere i mirava el Jordi. Va repetir-ho més d'una vegada i va arribar el moment clau: va fer dos passos endavant i va fer saltar l'alarma. És un mecanisme de seguretat que tenen moltes galeries de tir: si el pistoler supera la línia des d'on ha de disparar i entra al passadís que condueix a la diana, sona una alarma perquè els altres pistolers parin. Aquesta alarma l'ha d'aturar l'encarregat de la galeria, i el botó, precisament, estava just al costat des d'on estava disparant el Roger. El Jordi, doncs, va travessar tota la galeria i va prémer el botó. Després es va quedar netejant a pocs metres del Roger, donant-li l'esquena. El jove va repetir el gest: anava traient el cap per mirar què feia el treballador. Ara ja el tenia a distància de tir. Va arribar un moment que es va girar ili va clavar cinc trets a l'esquena.;Successos
Tancat el cas de l'apunyalament al Paral·lel: 10 detinguts i un local a punt de ser enderrocat;https://www.ara.cat/societat/successos/tancat-cas-l-apunyalament-paral-lel-10-detinguts-local-punt-enderrocat_1_4684758.html;24/04/2023;BarcelonaTres dies després que un noi fos apunyalat mortalment a l'avinguda Paral·lel de Barcelona, a les portes de la discoteca Brisas,els Mossos ja van detenir un altre noi de 19 anysper la seva presumpta relació amb els fets. La investigació, però, no acabava allà, només començava. Diversos testimonis van gravar la baralla i van penjar els vídeos a les xarxes socials. S'hi podien veure diverses persones colpejant la víctima, ja a terra. A la policia, doncs, encara li faltava identificar i detenir moltes més persones. L' apunyament va ser el 30 d'octubre i els Mossos d'Esquadra no han tancat la investigació fins 170 dies després. El balanç va molt més enllà del primer detingut: fins a 10 persones arrestades, tres de les quals són menors d'edat. L' operació de la policia s'ha dividit en tres fases. La primera va ser el 2 de novembre de l'any passat, amb la detenció del noi de 19 anys, que va quedar en llibertat amb càrrecs. A partir d'ell i de les imatges de les càmeres de seguretat els investigadors van poder trobar set persones més.Fins al 14 de febrer no van arribar les detencions: en un dia, els Mossos van arrestar aquestes set persones en diversos punts de Barcelona, principalment als districtes d'Horta, Sant Andreu, Nou Barris i Sant Martí.;Successos
Dos morts i deu ferits en un incendi mentre flamejaven unes postres en un restaurant de Madrid;https://www.ara.cat/societat/successos/morts-deu-ferits-incendi-flamejaven-postres-restaurant-madrid_1_4682695.html;22/04/2023;BarcelonaDues persones han mort i deu més han quedat ferides després d'un incendi en un restaurant italià a la plaça Manuel Becerra de Madrid. Segons han confirmat fonts policials a l'agència Efe, les dues víctimes mortals són un treballador de l'establiment i un client, totes dues persones joves. Segons han explicat des del cos d'emergències de la ciutat madrilenya, el foc va començar ahir cap a les onze de la nit, després que un dels cambrers flamegés unes postres. Les flames es van escampar ràpidament pel sostre i les parets, que estaven cobertes de plantes artificials. Sis dels ferits han estat hospitalitzats en diferents centres de la ciutat amb pronòstic greu i quatre més han pogut rebre l'alta després de ser atesos per ferides de caràcter lleu. Segons els testimonis, les flames van cremar el sostre del restaurant en qüestió de segons. Alguns dels clients van poder sortir ràpidament per la porta de l'establiment i d'altres ho van fer per la porta d'emergència, però alguns haurien quedat atrapats quan el foc ja bloquejava aquestes sortides. Els vianants que passaven per la plaça van intentar trencar els vidres perquè poguessin sortir.;Successos
Pren força la hipòtesi que Levi Davis va morir ofegat al port de Barcelona;https://www.ara.cat/societat/successos/pren-forca-hipotesi-levi-davis-morir-ofegat-port-barcelona_1_4680386.html;19/04/2023;"BarcelonaAquest dimecres fa 171 dies que van veure per última vegada Levi Davis,un jugador de rugbi anglès que va desaparèixer el 30 d'octubre a Barcelona. Va arribar sol en un ferri que venia d'Eivissa, i després de fer una ruta pels bars de la Rambla, no el van veure més. Durant aquests mesos, han sigut moltes les hipòtesis sobre el seu parador. Primer, els detectius privats contractats per la família van apuntar que l'haviensegrestat uns gàngsters britànics, després que podria haver escapat per por que difonguessin un vídeo seu de caràcter sexual.Ell mateix va publicar un vídeoabans de desaparèixer dient que l'havien violat i extorsionat. ""La meva vida corre perill"", afirmava. Les proves recollides pels Mossos d'Esquadra, però, apunten cap a una altra banda: Levi Davis podria haver mort ofegat al port de Barcelona la mateixa nit que va desaparèixer. Aquest dimecres, la seva mare, la Julie, ha tornat a Barcelona per reunir-se amb la policia. Ha anat venint amb els mesos i ha recorregut més d'una vegada la Rambla amunt i avall a la recerca del seu fill. El van veure per últim cop al Hard Rock Cafè, segons confirma una càmera de seguretat, i van trobar el seu passaport al port de Barcelona. La Julie no en sabia gaire més, només que el Levi va marxar d'Eivissa, on estava amb un amic, sense avisar. L'entorn familiar, però, apunta que els Mossos els han donat informacions rellevants. Una és que el seu mòbil va donar senyal per última vegada la matinada del 30 d'octubre a una torre telefònica al port, l'última abans d'arribar el mar, gairebé al costat del passaport. Fins ara tot apuntava que l'últim senyal era de l'estació de Sants, però la investigació ha fet un gir. Ara pren més importància que mai un avís d'un creuer italià la mateixa matinada en què el noi va desaparèixer.";Successos
Semiesclavitzats en sis kebabs de l'àrea metropolitana: així malvivien una vintena de treballadors;https://www.ara.cat/societat/successos/semiesclavitzats-sis-kebabs-l-area-metropolitana-aixi-malvivien-vintena-treballadors_1_4678959.html;18/04/2023;"BarcelonaSense documentació ni contracte, treballant cada dia de la setmana, sense descans, en restaurants de menjar ràpid i sobrevivint dins d'aquests locals, confinats sense ventilació i envoltats de material perillós. Aquest era el calvari de les vint persones que vivien en condicions de ""semiesclavitud"", segons la Policia Nacional, en sis locals de menjar ràpid, de l'estil kebab, de cinc municipis de Barcelona: Mollet del Vallès, Martorelles, Parets del Vallès, Mataró i Torelló. La policia espanyola ha informat aquest dimarts de l'alliberament de les vint víctimes de presumpta explotació laboral i de la detenció de quatre persones, entre les quals el propietari d'aquests establiments, per un delicte contra el dret dels treballadors i contra el dret dels ciutadans estrangers. El detingut com a màxim responsable s'aprofitava de la situació de necessitat i vulnerabilitat dels treballadors, quatre dels quals no tenien la documentació legal per residir i treballar a Espanya. De fet, l'arrestat no havia donat d'alta cap dels treballadors a la Seguretat Social ni els havia fet cap contracte laboral, però tampoc els pagava per les seves jornades laborals.";Successos
"Una amenaça amb navalla als 15 anys i ""reaccions violentes"": així descriuen l'assassí de Canovelles";https://www.ara.cat/societat/successos/amenaca-navalla-als-15-anys-reaccions-violentes-aixi-descriuen-l-assassi-canovelles_1_4675397.html;14/04/2023;"Les Franqueses del VallèsDos agents uniformats van entrar a l'estació del Carme buscant l'assassí de Canovelles, Roger L.S. Unes 12 hores abans, un jove de 19 anyshavia disparat cinc trets per l'esquena a l'encarregat d'un club de tir a tocar de Granollers. Va fugir segrestant fins a dos cotxes per arribar a Múrcia en una sola nit. L'últim el conduïen dues noies a qui el noi va forçar a fer, a punta de pistola, 600 quilòmetres. En Roger va baixar a una estació per seguir fugint en tren. Era al vestíbul quan van entrar els policies. S'hi van acostar lentament i quan el Roger els va veure va posar la mà a sota de la samarreta, intentant treure una pistola. Els dos agents se li van tirar a sobre i el van neutralitzar. ""Per què no m'heu matat? Si hagués tingut temps, jo hauria disparat"", deia, segons fonts policials, el Roger, que es resistia amb actitud violenta i intentava donar cops a tot allò que es trobava. Es van necessitar fins a sis agents per posar-li les manilles. A la nit, però, als calabossos de la comissaria va estar del tot immòbil, fred i sense parlar amb ningú. Va estar així hores i hores fins que als calabossos de la Ciutat de la Justícia de Múrcia va demanar anar al lavabo. Allà, el seu comportament va tornar a canviar del tot. Un cop al passadís, es va posar a córrer i va començar a pujar escales. De nou, el van retenir i ell es va resistir de forma violenta. Aquesta cronologia de fets defineix, segons persones que han tractat amb ell, la personalitat del Roger, un noi de 19 anys de les Franqueses del Vallès. Callat, tímid i tancat la major part del temps. ""De vegades, però, té reaccions agressives"", comenta una persona que el coneix. Per exemple, va tenir problemes quan jugava a handbol. Fins i tot, només amb 15 anys, un dia va arribar al vestidor amb una navalla i va amenaçar un jugador del mateix equip. Llavors ja deia que volia ser militar.";Successos
Presó per a l'exdona de l'home de 84 anys assassinat a Sant Andreu de la Barca;https://www.ara.cat/societat/successos/mossos-detenen-l-exdona-l-home-84-anys-assassinat-sant-andreu-barca_1_4670659.html;06/04/2023;BarcelonaEls Mossos d'Esquadra van detenir aquest dimarts una dona de 68 anys per la seva presumpta relació amb la mortde l'Antonio, un home de 84 anys de Sant Andreu de la Barca. El mateix dimarts al matí, els serveis d'emergència van localitzar a casa seva el cadàver de l'home amb signes evidents de violència. Des d'un inici es va descartar un suïcidi i un accident, fins al punt que poques hores després ja havien arrestat una persona per aquests fets. Segons fonts consultades per l'ARA, la dona detinguda és l'exparella de la víctima i l'hauria matat estrangulant-lo. L'arrestada ja ha passat a disposició judicial i el jutge li ha decretat presó provisional sense fiança. Li atribueix un delicte d'assassinat amb l'agreujant de parentiu. L'Antonio es va quedar vidu fa més de cinc anys i fa relativament poc temps, una mica més d'un any, es va tornar a casar amb una dona de 68 anys. La relació no va quallar, ja que ara, segons fonts del seu entorn, s'estaven separant. La dona ja no vivia amb l'Antonio i, de fet, la policia no la va detenir a casa de la víctima. Segons fonts judicials, no consten antecedents de denúncies entre la parella. Persones que coneixen bé la víctima, però, expliquen que el segon matrimoni havia tingut problemes des d'un inici: afirmen que l'Antonio sovint es queixava que la dona no parava de demanar-li diners. Finalment, se'n va cansar i va decidir tallar la relació.;Successos
"Maten un home de 84 anys a Sant Andreu de la Barca: ""Qui li ha pogut fer això a l'Antonio?""";https://www.ara.cat/societat/successos/maten-home-84-anys-sant-andreu-barca-li-pogut-aixo-l-antonio_1_4669790.html;06/04/2023;"Sant Andreu de la BarcaDilluns l'Antonio va seguir la seva rutina habitual. A mig matí va anar a caminar amb els seus amics una bona estona. En diuen la ""ruta del colesterol"". Tots voregen els 80 anys, i recorren diversos barris de Sant Andreu de la Barca mentre fan petar la xerrada. De tant en tant, s'asseuen una estona en un banc a descansar. Comenten qui ha fet més passes, com si fos una petita competició. L'Antonio, de 84 anys, últimament estava més content. Feia poc que li havien posat una pròtesi al genoll i podia tornar a fer amb normalitat la ruta. Coixejava una mica, però estava bé de salut i clar del cap. Després, com gairebé cada dia, va anar cap a les 12 hores al bar de sota casa seva. Allà veia uns altres amics, amb qui es prenia una cervesa o una copeta de vi depenent del dia. Més tard, anava a casa a dinar. Aquest dimecres els seus amics han tornat a fer laruta del colesterol. Més d'un l'ha fet amb un diari esportiu als braços. La conversa, però, no girava al voltant del clàssic de Copa d'aquesta nit entre el Barça i el Madrid. Avui tots es feien la mateixa pregunta: ""Com ha pogut passar això?"" Aquest dimarts a les 9 hores, els Mossos d'Esquadra van trobarel cos sense vida de l'Antonio a casa seva. Segons les primeres observacions, tot apunta que no va ser ni un suïcidi ni un accident, sinó un crim. El cadàver, segons fonts policials, tenia evidents signes de violència. ""Qui li ha pogut fer això a l'Antonio?"", repeteix un amic seu. De moment, no hi han detinguts.";Successos
Tres mossos ferits en una persecució a dos lladres a la zona alta de Barcelona;https://www.ara.cat/societat/successos/tres-mossos-ferits-persecucio-lladres-zona-alta-barcelona_1_4669134.html;04/04/2023;BarcelonaUna unitat dels Mossos d'Esquadra està preparada a les portes d'un hotel per enxampar dos lladres en ple robatori. Són, aproximadament, les dues de la matinada del divendres 31 de març del 2023. La policia fa temps que va darrere d'aquests delinqüents. En tres mesos havien comès nou robatoris violents amb una estratègia similar: arribar a les portes d'un establiment en moto, demanar els diners de la caixa forta a punta de navalla i fugir a tota velocitat amb el mateix ciclomotor, un escúter d'alta cilindrada robada. En total havien aconseguit un botí de 10.000 euros. El 31 de març fan el mateix. Quan abandonen l'hotel, fugen a tota pastilla en moto, encara que el conductor no té carnet. Així comença una persecució pel centre de Barcelona que dura almenys un quilòmetre. Els Mossos van activar fins a 10 agents, alguns motoritzats i d'altres en cotxe, que van empaitar els lladres fins a l'encreuament de la ronda General Mitre i el carrer de Mandri, al districte de Sarrià-Sant Gervasi. Tres dels deu agents van acabar ferits. En un moment de la persecució, un mosso que anava a sobre d'una moto es va intentar acostar als fugitius. Lluny de cedir, els delinqüents el van fer caure de la motocicleta. En un nou intent d'encerclar-los, un cotxe de paisà de la policia els va intentar barrar el pas. En comptes de frenar, els lladres van xocar amb la seva moto contra el vehicle. Els atracadors van caure a terra i es van posar a córrer. Finalment, a peu, els Mossos els van aconseguir interceptar.;Successos
"Dos excursionistes de Rubí moren al Carlit: ""Eren prudents i assenyats""";https://www.ara.cat/societat/successos/excursionistes-rubi-moren-carlit-prudents-assenyats_1_4668904.html;04/04/2023;"BarcelonaEn Paco i en Joaquín, dos alpinistes de Rubí de 56 i 54 anys, van començar divendres una excursió pel massís del Carlit, a la Catalunya Nord. Persones del seu entorn creuen que el seu objectiu no era pujar al cim d'aquesta muntanya de 2.921 metres d'altitud, sinó fer una travessa. ""Simplement, desconnectar a la natura"", apunten les mateixes veus. Segons va informar aquest dilluns la gendarmeria francesa, els dos excursionistes van trucar dissabte al telèfon d'emergències per demanar ajuda, però no van poder concretar la seva ubicació exacta. Estaven atrapats en un temporal de fred i neu que impedia que els helicòpters sobrevolessin la zona. Els equips de rescat francesos ho van intentar a peu, però no hi va haver sort. Aquest dilluns, quan el temps ho va permetre, es van enlairar els mitjans aeris ivan trobar els dos cossos sense vida. Els van localitzar a les proximitats del tossal Colomer, a prop del pic del Carlit. Tots dos eren socis del club excursionista DonaAlpina. Encara és aviat per saber amb exactitud què va passar, però les primeres informacions apunten que els va enxampar un temporal quan intentaven arribar a un refugi per passar la nit. ""És molt complex prendre decisions en una situació de fred, neu i poca visibilitat"", expliquen des del club excursionista. I afegeixen que tant en Paco com en Joaquín eren persones ""prudents i assenyades"". S'equipaven bé, esperaven els companys que es quedaven més enrere, es preparaven les rutes abans de sortir... Tots dos eren pares de família i més que per portar el seu cos al límit, els agradava anar a la muntanya per gaudir de la natura i desconnectar.";Successos
"Rates, gats i un aire ""irrespirable"": alliberat un jove semiesclavitzat en una cuina clandestina";https://www.ara.cat/societat/successos/alliberat-home-obligat-viure-soterrani-treballar-mes-15-hores-cuina-clandestina-barcelona_1_4662725.html;28/03/2023;"BarcelonaEll és un noi pakistanès que va viatjar a Espanya buscant una vida millor. És cuiner titulat i va pensar que a Madrid podria trobar feina en algun restaurant de menjar pakistanès. És jove, no arriba a la trentena d'edat, i no té família aquí. A Madrid no va tenir sort. A través de diversos amics del seu país d'origen va contactar amb una persona que li va prometre aquella oportunitat que feia temps que esperava: una feina de cuiner en un bon restaurant de Barcelona. Res més lluny de la realitat. Va arribar al barri del Raval de la capital catalana i el que havia de ser un bon restaurant era un soterrani insalubre. Li van agafar el telèfon mòbil i el passaport i el van tancar amb clau. ""Es van aprofitar de la seva vulnerabilitat"", explica Josep Forca, sergent responsable del grup de tràfic i explotació de persones de la unitat d'investigació de la Guàrdia Urbana de Barcelona. Aquella va ser la seva vida durant 15 dies: una cuina clandestina que no complia cap mena de requisit higiènic. Amb gats corrent pel soterrani i rates passant per damunt dels plats. Amb productes podrits a la nevera, aliments tirats per terra i un ambient irrespirable. No corria l'aire: ni ventiladors ni extractors, i feia una pudor que la policia, tres mesos després d'haver-hi entrat, encara no pot descriure. ""T'havies de tapar el nas per obrir la nevera"", comenta l'investigador. El jove dormia amb un matalàs a terra a tocar dels fogons. Li van prometre una jornada de 12 hores amb un sou de 33 euros al dia, però en treballava moltes més, fins a 18. S'alimentava del menjar podrit que ell cuinava i de tant en tant s'estirava una estona a descansar. ""Es tractava de semiesclavitud"", apunta el sergent de la Guàrdia Urbana.";Successos
El cadàver del Perelló portava deu mesos a dins d'un pou;https://www.ara.cat/societat/successos/cadaver-perello-portava-deu-mesos-d-pou_1_4653413.html;17/03/2023;BarcelonaEl cos sense vida que els Mossos d'Esquadra van localitzar dimartsal Perelló (Baix Ebre) és d'un home que va desaparèixer el mes de maig de l'any passat a Torreforta, nucli que pertany al municipi de Tarragona. El cadàver estava en un avançat estat de descomposició: pràcticament portava deu mesos al fons d'un pou mig buit, a uns 21 metres de profunditat. En tot aquest temps ningú el va localitzar. El pou és al costat d'una casa mig abandonada entre la carretera AP-7 i les vies del tren. Es tracta d'una zona amb poques cases que està a tocar de la platja. Els investigadors dels Mossos feia mesos que s'ocupaven d'aquest cas i dimarts al vespre van anar fins al pou, un dels molts que hi ha en aquest entorn amb molta aigua subterrània, i el van trobar. La resolució del cas es va precipitar dimarts. La policia investigava la desaparició d'un home en una oficina a Torreforta des del mes de maig passat. La principal hipòtesi dels Mossos és que es tractava d'un conflicte relacionat amb el tràfic de drogues i que el desaparegut en realitat podria estar mort. Fa tres dies la policia va aconseguir recopilar prou proves contra tres sospitosos i els va detenir. Alhora, el jutge va practicar com a diligències urgents la reconstrucció dels fets. Aquests dos passos van ser clau per arribar al cadàver: al matí els acusats entraven a comissaria, a la tarda els Mossos viatjaven fins al Perelló, a 63 quilòmetres de Torreforta, per acabar trobant el cos sense vida de la víctima. La confessió dels investigats, doncs, va ser fonamental.;Successos
Troben un cadàver en una casa abandonada al Perelló;https://www.ara.cat/societat/successos/troben-cadaver-casa-abandonada-perello_1_4652370.html;16/03/2023;BarcelonaEntre la carretera AP-7 al seu pas pel Perelló i les vies del tren hi ha una caseta mig abandonada. No hi ha vidres a les finestres i la teulada en prou feines s'aguanta. Al costat hi ha un pou, un de molts en aquesta zona amb una gran quantitat d'aigua subterrània. En aquest pou, segons expliquen els veïns, hi quedava molt poca aigua. Dimarts, una munió de cotxes dels Mossos d'Esquadra el van envoltar. Instants després, van arribar els serveis funeraris: hi havia un cadàver, i tot apunta que estava al fons del pou. Segons fonts consultades, el cos sense vida tindria indicis de criminalitat, i això porta a descartar en un inici la hipòtesi d'un accident. La troballa va ser dimarts a la nit i els investigadors de la policia van estar tot dimecres al lloc dels fets recollint proves. A hores d'ara no consta cap detingut.;Successos
Mor l'home que ha caigut per un pont de la Ronda Litoral de Barcelona després que l'hagin atracat;https://www.ara.cat/societat/successos/home-cau-pont-ronda-litoral-barcelona-despres-atracat_1_4651116.html;15/03/2023;BarcelonaL'home que s'ha precipitat aquesta matinada per un pont que travessa la ronda Litoral de Barcelona ha acabat perdent a la vida a l'Hospital del Mar. Segons ha avançatEl Nacionali ha pogut confirmar l'ARA, l'home, d'origen canadenc i que es trobava a la ciutat de turisme, hauria caigut al buit després que un grup de lladres l'intentés atracar en el mateix pont. Aquest hauria sigut el fatídic desenllaç d'un forcejament de la víctima amb els presumptes atracadors. Els fets han passat de matinada (el 112 ha rebut l'avís de la baralla cap a les 6 h) i quan els serveis d'emergència han arribat a la ronda només s'han trobat el ferit, estès enmig de la calçada, sense rastre dels lladres. La víctima hauria caigut des d'un pont proper a la sortida 23 de la Ronda Litoral, al districte de Sant Martí, molt a prop de la platja de Nova Icària i al costat d'un McDonald's. Segons les primeres exploracions, ha caigut uns cinc metres abans de colpejar amb la calçada. Tot i el perill afegit de quedar estès enmig d'una de les vies més transitades de la capital catalana, cap vehicle l'hauria atropellat. Per atendre'l, s'han mobilitzat quatre unitats terrestres del SEM, que l'han traslladat a l'Hospital del Mar, a poc més d'un quilòmetre del lloc dels fets, on ha acabat morint.;Successos
Detinguts dos treballadors d’una residència de Vacarisses per haver agredit un usuari amb Alzheimer;https://www.ara.cat/societat/successos/detinguts-treballadors-d-residencia-vacarisses-agredir-usuari-alzheimer_1_4649517.html;13/03/2023;"BarcelonaEls Mossos d'Esquadra han detingut dos treballadors de la residència El Serrat de Vacarisses (Vallès Occidental) per haver agredit un usuari del centre que pateix Alzheimer. Segons ha avançatEl Casoi ha confirmat l'ARA, les càmeres de seguretat del centre van enregistrar com els empleats, un home i una dona d'uns 30 anys, colpejaven l'home, d'uns 80 anys. Tots dos van ser detinguts per un delicte de tracte vexatori, ja que la víctima forma part de dos col·lectius vulnerables –és una persona gran i amb demència–, però només un, l'home, ha ingressat a la presó per ordre del jutge de guàrdia de Terrassa. La dona ha quedat en llibertat amb càrrecs. La policia ha obert una investigació per aclarir els fets. Segons expliquen fonts dels Mossos, va ser la mateixa residència la que, seguint els seus protocols interns i un cop revisades les imatges, va alertar immediatament la policia i li va entregar els vídeos. Fonts dels Mossos confirmen a l'ARA que entre la investigació i la detenció dels treballadors van passar ""molt poques hores"".";Successos
Cada dia es denuncien deu desaparicions a Catalunya;https://www.ara.cat/societat/successos/dia-denuncien-deu-desaparicions-catalunya_1_4646307.html;09/03/2023;"BarcelonaLa majoria de persones desaparegudes a Catalunya es localitzen durant les primeres 24 o 48 hores després que els seus familiars presentin una denúncia, però l'""impacte"" psicològic per a l'entorn és similar al d'una mort sobtada, explica la portaveu dels Mossos d'Esquadra, Montserrat Escudé. L'any passat es van denunciar 3.620 desaparicions a Catalunya, deu cada dia de mitjana. Gairebé una de cada tres denúncies (1.048 l'any passat) són per un menor d'edat que ha marxat de casa, i gairebé la meitat són adolescents que ja havien fugit amb anterioritat. Més enllà de la investigació per localitzar la persona desapareguda, els Mossos d'Esquadra compten des del 2014 amb una unitat pionera a Europa per atendre les famílies i acompanyar-les durant un procés carregat d'incertesa. ""És un dol suspès. La majoria pregunten: «I la meva desaparició, quant durarà?»"", explica la caporal responsable del servei, Laura Villanueva. És una pregunta que els agents no poden respondre, perquè tot i que molts dels casos es resolen en els primers dos dies, un 70% en la primera setmana i un 80%, en el primer mes, hi ha un 2% de les investigacions que són més llargues.";Successos
"""A Camarles som com una gran família: qui més qui menys tenia un lligam amb els nois""";https://www.ara.cat/societat/successos/camarles-gran-familia-mes-menys-tenia-lligam-nois_1_4643834.html;07/03/2023;"Camarles (Baix Ebre)""És una carretera que la gent del poble hem fet moltes vegades per anar a treballar a la temporada de la fruita dolça de la Ribera d'Ebre. Creuar la serra de Cardó pel darrere ens surt més a compte que anar a voltar per Tortosa. La carretera no és dolenta, però és cert que hi ha algun revolt una mica complicat"", explica la Cristina, veïna de Camarles. Després del cop emocional, ella i molts camarlencs intentaven aquest dilluns buscar resposta al dolor perla mort de tres adolescentsdel poble d'entre 12 i 16 anys, com si saber les causes de l'accident pogués atenuar, encara que només sigui una mica, el plor. La tragèdia va ocórrer diumenge, cap a les quatre de la tarda, als primers quilòmetres de la carretera TV-3022 que uneix el Perelló i Rasquera. Els tres menors eren jugadors de la categoria infantil i juvenil del CF Camarles i en el moment de l'accident es dirigien al Pinell de Brai a veure un partit de futbol entre l'equip d'aquest municipi i el CF Camarles B, de la Quarta Catalana. El cotxe, un Peugeot 206, va envair el carril contrari, es va precipitar per un barranc de vint metres i es va incendiar. Només en va sortir viu el conductor, de 19 anys, que continua ingressat a la unitat de cures intensives (UCI) de l'Hospital de la Vall d'Hebron de Barcelona. Un partit que havia de ser una festa amb desenes d'aficionats del Camarles a les grades per animar l'equip visitant va acabar sobtadament entre llàgrimes. El partit es va aturar a la mitja part, poc després que se sabés la notícia.";Successos
Tres menors morts al caure amb el cotxe per un barranc al Perelló;https://www.ara.cat/societat/successos/tres-menors-morts-despres-caure-cotxe-barranc-perello_1_4643001.html;05/03/2023;BarcelonaEl petit poble de Camarles, al Baix Ebre, està de dol. Tres veïns menors d'edat han mort aquest diumenge a la carretera TV-3022, al Perelló, després que el cotxe amb el qual circulaven se sortís de la via, caigués per un barranc i s'incendiés. Tenien entre 12 i 16 anys, segons fonts consultades per l'ARA, i es dirigien a veure un partit de futbol. El conductor, un jove de 19 anys, és l'únic supervivent: ha quedat ferit crític per les cremades i ha estat traslladat en helicòpter a l'Hospital de la Vall d'Hebron. Tots quatre viatjaven en el mateix cotxe i no hi ha cap indici que l'accident involucrés més vehicles. Hi ha una investigació judicial oberta per aclarir les circumstàncies del sinistre. Els Mossos d'Esquadra han rebut l'avís de l'accident quan faltaven pocs minuts per a les quatre de la tarda i s'han desplaçat fins al lloc dels fets sis patrulles, sis dotacions dels Bombers i quatre ambulàncies. També s'ha hagut de mobilitzar un helicòpter medicalitzat. Segons ha explicat el conseller d'Interior, Joan Ignasi Elena, que s'ha desplaçat fins al Perelló, els quatre adolescents es dirigien al municipi de Pinell de Brai (Terra Alta) per veure un partit de futbol de la Quarta Catalana quan, per causes que es desconeixen, el cotxe ha sortit de la carretera i s'ha precipitat al buit.;Successos
Angela Dobrowolski, detinguda per fer explotar un artefacte casolà en un bloc de Sants;https://www.ara.cat/societat/successos/angela-dobrowolski-detinguda-explotar-artefacte-casola-bloc-sants_1_4640058.html;02/03/2023;BarcelonaEls Mossos d'Esquadra han detingutAngela Dobrowolski, exdona del productor de televisió Josep Maria Mainat, per presumptament haver col·locat un artefacte casolà que ha explotat al replà d'un bloc de pisos del barri Font de la Guatlla, al districte de Sants-Montjuïc de Barcelona. Segons ha avançatEl Casoi ha confirmat l'ARA, aquest dimecres al matí una persona va trucar al 112 alertant que acabava de sentir una forta explosió i que hi havia gas al replà del cinquè pis del seu edifici. Un cop al lloc dels fets, els Mossos van localitzar una garrafa d'aigua parcialment desfeta per l'explosió i van veure que tot el replà estava ple de líquid transparent. També hi havia el que a simple vista semblava paper d'alumini escampat per tot l'espai, que feia una forta olor d'algun producte químic. Hores després, tal com ha pogut comprovar l'ARA, encara es percebia aquest olor i quedaven restes de líquid. Gràcies a les càmeres de seguretat de la finca i del carrer es va poder resseguir el traçat de la persona que va col·locar l'artefacte. Això ha conduït la policia al pis de Dobrowolski. Les càmeres de seguretat, però, no van permetre identificar de primeres Dobrowolski, sinó solament seguir-li el recorregut. Segons fonts policials, vestia amb un mono de color blau, un casc blanc i anava tapada amb una bufanda que li cobria part de la cara. També portava una motxilla negra. Quan van arribar al seu domicili, els agents van fer un escorcoll i hi van trobar la roba i tots aquests complements amb els quals s'haurien comès els fets. A més, al pis hi havia una arma curta detonadora, una arma curta d'aire comprimit, productes químics compatibles amb la fabricació de l'explosiu (salfumant, alcohol de cremar i paper d'alumini) i una garrafa de combustible.;Successos
Tiroteig amb dos ferits en una baralla a prop del Mercat de Santa Caterina de Barcelona;https://www.ara.cat/societat/successos/tiroteig-ferits-costat-mercat-santa-caterina-barcelona_1_4634923.html;24/02/2023;"BarcelonaNombrosos agents dels Mossos d'Esquadra i la Guàrdia Urbana de Barcelona custodien a aquestes hores la cantonada del carrer del Pou de la Figuera amb els jardins del Forat de la Vergonya, en una petita plaça al barri de Sant Pere, Santa Caterina i la Ribera, just al costat del Mercat de Santa Caterina. Una baralla amb tiroteig inclòs ha deixat un home ferit a la cama, segons ha explicat a l'ARA un testimoni i han confirmat els Mossos d'Esquadra. El ferit de bala ha estat traslladat a l'hospital i no es tem per la seva vida, mentre que un segon home també ha quedat ferit lleu possiblement pel rebot d'una bala i ha estat atès i donat d'alta al lloc dels fets pel Sistema d'Emergències Mèdiques (SEM). ""He sentit una concentració de gent i tot de crits, però aquí això passa sovint, i he continuat dinant"", ha explicat a l'ARA un testimoni que demana que no es publiqui el seu nom. ""En un moment determinat he sentit el que semblaven tres petards i que després la discussió es tornava més agressiva"", ha afegit. Més tard ha sentit sirenes de la policia i quan ha sortit ha demanat què havia passat i li han explicat que hi havia hagut un tiroteig. La policia científica treballa al lloc dels fets, on hi ha dues peces de roba a terra: una jaqueta blava i una vamba.";Successos
Investiguen per assassinat el pare de les germanes de Terrassa executades al Pakistan;https://www.ara.cat/societat/violencia-masclista/investiguen-assassinat-pare-germanes-terrassa-executades-pakistan_1_4634737.html;24/02/2023;BarcelonaLa Fiscalia de Terrassa va querellar-se el desembre passat contra el pare de l'Arooj i l'Anisa, les dues germanes de 21 i 24 anysassassinades d'un tret al cap el maig del 2022al Pakistan, on van viatjar enganyades per una part de la seva família per intentar que mantinguessin el matrimoni forçat amb dos cosins seus. Les dues germanes havien tornat a Catalunya i feia anys que vivien la seva vida amb noves parelles. Quan van dir-los que volien el divorci, dos germans de les noies, dos oncles i els marits forçosos les van assassinar. Però la fiscal del cas responsabilitza el pare de les noies de participar en l'acord per casar-les a la força i en el complot per matar-les. Li atribueix un delicte de maltractament habitual, de matrimoni forçat, de coaccions i d'assassinat. Dimecres passat els Mossos d'Esquadra, en un operatiu conjunt amb la Policia Nacional –que és qui ha fet d'enllaç amb la policia del Pakistan que porta el cas en aquest país–,van arrestar el pare de les noies, que aquest divendres ha comparegut davant del jutge. L'home s'ha negat a declarar i, a petició de la Fiscalia, ha quedat en llibertat amb càrrecs. El jutge li ha retirat el passaport, li prohibeix sortir de l'Estat i l'obliga a personar-se als jutjats cada 15 dies. La causa continua sota secret de sumari.;Violència masclista
Alliberen una dona i el seu fill, segrestats durant dos mesos per la parella d'ella, al País Valencià;https://www.ara.cat/societat/violencia-masclista/alliberen-dona-fill-segrestats-durant-mesos-parella-d-castello_1_4630033.html;18/02/2023;"BarcelonaFeia gairebé dos mesos que una dona de 45 anys i el seu fill de dos estaven retinguts en un hotel a la localitat valenciana d'Alcossebre (Baix Maestrat), per la parella d'ella. La Guàrdia Civil ha informat aquest matí que ha alliberat les dues víctimes i que l'home, de 36 anys, tenia antecedents per violència masclista i ha quedat detingut. Va ser una altra filla de la víctima, resident a França, qui dijous passat va denunciar que la seva mare estava retinguda il·legalment per una altra persona per una qüestió de drogues i que estava en un hotel d'aquest municipi. La policia francesa va fer arribar a la Guàrdia Civil l'avís i la possible ubicació de la víctima, i una patrulla es va desplaçar fins a l'hotel per entrevistar tot el personal allotjat. A l'últim pis hi van trobar l'home, de nacionalitat francesa, acompanyat del nen de dos anys. Després que els agents preguntessin si hi havia algú més, l'home va mostrar –des de la porta– la documentació de la dona, també francesa. Perquè els agents poguessin comprovar que no hi havia ""cap problema"", també va accedir que entressin a l'habitació per conèixer l'estat de la possible víctima. A dins hi van trobar una dona estirada en un sofà llit, en un visible mal estat físic i un ""elevat nerviosisme"".";Violència masclista
"L'últim vídeo del jugador de rugbi desaparegut: ""Soc Levi Davis i la meva vida està en perill""";https://www.ara.cat/societat/successos/l-ultim-video-jugador-rugbi-desaparegut-levi-davis-meva-vida-perill_1_4617134.html;03/02/2023;"BarcelonaEl 29 d'octubre del 2022 va ser l'últim dia que va ser vist amb vida Levi Davis, un popular jugador de rugbi anglès que va desaparèixer a Barcelona. De moment, no són gaires les pistes que els Mossos d'Esquadra i els detectius privats contractats per la família han pogut recopilar. Se sap que havia arribat d'Eivissa aquell mateix dia, que tenia problemes psicològics i que no estava passant per un bon moment. L'aparició d'un vídeo, però, afegeix noves incògnites sobre la seva desaparició. Poc abans que se li perdés la pista –els detectius interpreten que encara des d'Eivissa– Davis va fer un vídeo, al qual ha tingut accés l'ARA, confessant la situació de pressió que vivia: ""La meva vida corre perill"", assegura a l'inici. L'esportista explica que estava sent extorsionat amb un vídeo sexual seu, enregistrat un temps enrere després que unes persones el droguessin sense el seu consentiment. ""Molts en dirien violació"", apunta Davis. No vol parlar de noms, però assegura que al darrere hi ha ""el crim organitzat"", que l'hauria estat extorsionant tot aquest temps: ""Em deien que si confessava em matarien i amenaçarien la meva família"". Davis va penjar aquest vídeo a Instagram, però poc després algú el va esborrar. No va estar gaire temps en línia, ja que ni la seva família el va veure. Els detectius sospiten que no el va eliminar ell de la xarxa social.";Successos
Els pares del nadó abandonat a Sants s’enfronten a temptativa d’homicidi;https://www.ara.cat/societat/troben-nado-abandonat-mig-carrer-barri-sants-barcelona_1_4607351.html;25/01/2023;"BarcelonaEn ple episodi de fred i mentre neva en alguns punts de Barcelona, una veïna del barri de Sants de Barcelona ha trobat aquest matí un nadó d'entre un i dos mesos abandonat al mig del carrer. En concret, segons ha pogut saber l'ARA, el petit ha estat localitzat viu, dins d'una bossa d'esport negra de tela entreoberta, al carrer Begur (molt a prop de la rambla de Badal), passades les sis de la matinada. El Sistema d'Emergències Mèdiques (SEM) ha atès el nadó, que segons fonts consultades per l'ARA està en observació, en estat lleu, a l'Hospital Sant Joan de Déu. Tant l'Àrea d'Investigació Criminal dels Mossos com la policia científica ja s'han activat per esbrinar qui l'ha abandonat. Ana Edilia, una veïna del bloc del carrer de Begur número 78, explica que ha sortit de casa cap a tres quarts de set per anar a treballar i ha vist un home que trucava per telèfon davant d’un portal. “M’ha dit «Hi ha un nen, hi ha un nen!». Em pensava que estava borratxo. M’hi he acostat i l’he vist a dins d’una maleta negra. Creia que era un nino, però ha començat a parpellejar"". Quan l'Ana s'ha apropat, l'home ja estava trucant al servei d'emergències. Estava nerviós i l'operador li ha demanat que s'hi posés la dona. L'Ana ha ratificat que es tractava d'un nadó viu enmig del carrer. Després, l'home ha marxat perquè, segons diu l'Ana, havia d'anar a treballar. Ella, que es dedica a netejar domicilis, podia estar-hi una estona més. Ara, els Mossos miren de localitzar l'home perquè també declari com a testimoni,";Successos
10.000 euros de multa per un fals avís als Bombers: tots els rescats que s'han hagut de pagar;https://www.ara.cat/societat/10-000-euros-multa-fals-avis-als-bombers-tots-rescats-s-han-hagut-pagar_1_4604974.html;22/01/2023;BarcelonaDes del 2010, els Bombers de la Generalitat han practicat gairebé 18.000 actuacions relacionades amb rescats a la muntanya, en zones fluvials, en coves o al mar.En els darrers 10 anys les xifres no han parat de créixer. Si el 2012 hi va haver 515 rescats de muntanya, el 2022 se'n van practicar més del triple: 1.221. El motiu de l'ascens, tal com apunten els Bombers, no és que cada vegada hi hagi més temeraris, sinó que hi ha més persones que s'atreveixen a pujar muntanyes. No hi ha més imprudents que responsables, simplement hi ha més excursionistes. Des del 2009, l'administració té la capacitat de cobrar els rescats, però l'augment de les actuacions no s'ha traduït en una pujada de les multes. En una dècada, 10 persones han estat multades. És a dir, un 0,05% dels excursionistes accidentats han abonat diners perquè els rescatessin. I no són multes barates. Per cada unitat de Bombers que es mobilitza, 41,80 euros l'hora. Els vehicles es paguen a part, 54,25 euros l'hora. Però si entra un helicòpter en joc, la factura ja puja a les quatre xifres: 3.151 euros per cada mitjà aeri que estigui actiu una hora. El rècord el té un esquiador que va quedar atrapat en una allau a la muntanya de la Tossa (Cerdanya) el febrer de l'any 2011. El problema és que la zona, el sector de Coma Oriola de la Masella, estava tancada i així ho indicaven diversos cartells. Es van mobilitzar tres helicòpters, nou vehicles i 35 bombers. La multa es va enlairar fins als 18.000 euros. Finalment, però, després de l'acceptació parcial d'un recurs, va quedar en 2.397 euros, que l'esquiador va pagar.;Successos
La trobada familiar per Nadal que va permetre detenir els lladres de les abraçades;https://www.ara.cat/societat/successos/trobada-familiar-nadal-permetre-detenir-lladres-abracades_1_4597643.html;13/01/2023;"BarcelonaEren un clan familiar d'una quinzena de membres. Tenien pisos per tot l'Estat, on es quedaven a dormir entre robatori i robatori. Es movien molt, fins al punt que en 24 hores van atracar una persona a Saragossa i una altra a Múrcia. Feia un any i mig que els Mossos i la Policia Nacional anaven darrere seu i no veien el dia de detenir-los. Els últims mesos del 2022 estaven més repartits que mai, cosa que allunyava un possible operatiu per arrestar-los tots de cop. Però va arribar Nadal i tots van començar a viatjar cap a Barcelona, on hi havia un dels nuclis del clan. Un cop hi fossin tots els membres, viatjarien cap a Romania, el seu país d'origen, per celebrar les festes allà. Lluny d'això, van donar una oportunitat única a la policia i dotze membres del clan han acabat en presó provisional. No eren uns lladres qualssevol. Per les prevencions que adoptaven –canviaven de cotxe cada tres setmanes– i per la quantitat de robatoris que van arribar a cometre. Des de l'abril del 2021, quan comença la investigació, una trentena de fets delictius. Però, sobretot, no eren uns lladres comuns pel mètode que feien servir: l'abraçada. ""Normalment actuaven en trinomi. Dues noies baixaven d'un cotxe, on les esperava un home. S'acostaven a una persona gran. Buscaven la vulnerabilitat"", narra Eduard Rodríguez, sotsinspector de la divisió d'investigació criminal de Barcelona dels Mossos. Si era un home, se li insinuaven sexualment, amb tocaments, i li intentaven prendre el rellotge o una cartera. Si era una dona, li deien que era molt bonic el seu abric, o que els recordava molt la seva mare. Tot era una excusa per abraçar i dissimular el furt. De cop, la primavera del 2021 els Mossos es van trobar amb diversos robatoris d'aquestes característiques. Van aconseguir vincular-los amb les mateixes persones i van veure que a Saragossa la Policia Nacional investigava la mateixa banda. Van crear un equip conjunt.";Successos
El jugador de rugbi desaparegut, segrestat per gàngsters britànics: la hipòtesi del detectiu privat;https://www.ara.cat/societat/successos/jugador-rugbi-desaparegut-segrestat-gansgters-britanics-hipotesi-detectiu-privat_1_4597429.html;12/01/2023;"BarcelonaFa 50 dies que el jugador de rugbi anglès Levi Davisva desaparèixer a Barcelonai, de moment, ni la policia ni els detectius privats contractats per la seva família han aconseguit reconstruir els seus passos. Va ser vist per últim cop per una càmera del Hard Rock Cafè de plaça Catalunya i el seu mòbil va deixar de donar senyal a l'estació de Sants unes hores després, tot i que cap càmera el va localitzar allà. Un mes després, tal com va avançar l'ARA, els Mossos d'Esquadravan localitzar el seu passaport a la zona portuària de Barcelona, en una zona de càrrega i descàrrega de contenidors. Poc després de la troballa, el detectiu privat Gavin Burrows,un dels més populars del Regne Unit, va oferir la seva ajuda a la família. Amb el pas de les setmanes, no tenen cap pista clara d'on podria ser Davis, però sí una hipòtesi del que li podria haver passat: creuen que la seva desaparició no va ser voluntària, sinó que el van segrestar a Barcelona un grup de gàngsters britànics. Segons fonts de l'entorn del jugador de rugbi, són una sèrie de missatges anònims contrastats amb fonts que els detectius consideren fiables els que apunten cap a un possible segrest. Concretament, els detectius han rebut a la safata d'entrada del correu electrònic que van facilitar els missatges d'uns ""informants"" que apunten que una màfia del Regne Unit anava darrere de Davis i que el podria haver segrestat a Barcelona. Els investigadors privats confirmen aquesta tesi amb dos antecedents. Primer, que abans de marxar cap a Eivissa, unes persones van intentar entrar al pis de Londres. I, segon, que el 2020 Davis s'havia enfadat amb delinqüents mentre jugava a rugbi a l'Ealing Trailfinders, un club als afores de la capital anglesa. De fet, un dels missatges anònims apunta que el fet que aquests gàngsters anessin darrere de Levi Davis vindria d'aquest conflicte que es va originar fa tres anys.";Successos
L'actor que es presentava com una estrella: qui és l'assassí de Pontons?;https://www.ara.cat/societat/successos/l-actor-presentava-estrella-l-assassi-pontons_1_4596012.html;11/01/2023;BarcelonaArribava sempre a Pontons amb un cotxe de lloguer. Volia passar desapercebut, però les seves accions el delataven. L'estiu del 2021 va comprar un terreny, un dels més barats que va trobar, només per 2.000 euros. Era l'última parcel·la d'una urbanització no gaire llunyana d'aquesta població de 450 habitants. Després del seu solar ja començava el bosc. En un poble tan petit tothom s'ha de conèixer i es vol conèixer, i no va poder evitar les primeres preguntes dels veïns. Deia que era originari del País Valencià i que vivia a Barcelona. Per a aquella parcel·la, deia, hi tenia grans plans: un petit refugi per desconnectar. Explicava que s'ho podia permetre, que havia sigut un actor d'èxit i havia guanyat tants diners que s'havia pogut retirar als 40 anys i ara vivia la vida. Als veïns no els sonava gens la seva cara. Deia que estava separat però que encara vivia amb la dona. Però no sempre deia el mateix. A uns altres residents els va explicar altres pel·lícules que van fer desconfiar el veïnat. Cap de les identitats amb les quals es va presentar era real. Només una s'acostava –vagament– a la seva veritable vida: J.F.R.,l'assassí confés de Pontons, era un actor d'origen valencià que residia a prop de l'Hospital de Sant Pau de Barcelona amb la seva parella, a qui fa una setmana van trobar morta, tallada a trossos, a un metre i mig de profunditat en aquell solar de Pontons. Era normal que als veïns no els sonés la seva cara: va interpretar el paper d'un actor exitós tot i que la seva carrera havia sigut curta i no havia acabat d'engegar. Va començar el 2004 i va durar tres anys. Una desena d'obres teatrals, la majoria d'elles de l'acadèmia de Barcelona on havia estudiat, la Casona, i alguns curtmetratges d'estudiants. Membre de l'Associació d'Actors i Directors Professionals de Catalunya, al seu currículum fa gairebé 20 anys que no hi consta cap feina d'intèrpret.;Successos
Nit de Reis tràgica: dos crims en vuit hores a Catalunya;https://www.ara.cat/societat/successos/nit-reis-tragica-crims-vuit-hores-catalunya_1_4591800.html;06/01/2023;BarcelonaEn menys de vuit hores, els veïns de l'Hospitalet de Llobregat i del districte de Nou Barris de Barcelona han vist dues baralles que acabaven amb un home estès a terra, ferit per una arma blanca, que ha acabat perdent la vida. Eren les 20.30 hores a l'Hospitalet, i les famílies estaven tornant a casa després de la cavalcada de Reis. Ses Majestats havien recorregut tot el centre de la ciutat i a les 20 h havien acabat la ruta a l'Ajuntament. A pocs metres d'un dels punts per on havien passat les carrosses, al carrer de Corominas, a prop del parc de la Torrassa, va començar una baralla a l'interior d'un local que va acabar de manera tràgica. Un home va resultar ferit per arma blanca i al cap de poca estona va morir. El presumpte autor va fugir del lloc dels fets, on al cap de pocs minuts van arribar diverses dotacions dels Mossos d'Esquadra. Segons ha informat la mateixa policia en un comunicat, la Divisió d’Investigació Criminal de la Regió Metropolitana Sud ha obert una investigació per aclarir els fets i identificar l’autor. S'acabava de cometre el primer crim de l'any 2023 a Catalunya.;Successos
Fingir el seu suïcidi per promocionar-se: la mala idea d’un músic mallorquí;https://www.ara.cat/societat/fingir-suicidi-promocionar-mala-idea-d-music-mallorqui_1_4591221.html;05/01/2023;"PalmaTres dies de patiment profund i set d'incertesa és el que ha provocat el músic mallorquí Miquel Roldán a la seva família i amics: va fingir el seu suïcidi en el marc d'unaperformanceper anunciar que es retirava de la música, però no ho va explicar fins deu dies després. Ara el protagonista ha explicat en un comunicat la història i ha demanat disculpes: ""L'he cagada. Entre el que pensava que passaria i el que ha passat hi ha un abisme del qual jo soc l'únic responsable"". El jove ha volgut barrejar la ficció amb la realitat per promocionar el seu darrersingle: ""¿I si després de publicar el videoclip, apago el mòbil i em desconnecto uns dies sense dir res a ningú?"", es va plantejar Roldán, que va acabar portant a terme el seu pla, que no només consistia en aïllar-se, sinó que també va fer creure al seu entorn que es volia treure la vida. El mateix dia que va publicar la cançóTodavía me acuerdo de ti, va escriure una carta de comiat per als seus familiars. Alsingle, l'autor parlava del fet que la vida no sempre és el que sembla i que hi havia moltes coses sobre la realitat que ell vivia que tothom desconeixia, fet que, sumat a la carta, va alarmar l'entorn.";Successos
Un mort al xocar un cotxe amb un tren de passatgers entre Mollerussa i Bell-lloc;https://www.ara.cat/societat/mort-xoc-tren-passatgers-vehicle-mollerussa-bell-lloc_1_4588054.html;31/12/2022;BarcelonaL'any 2022 acaba amb un accident mortal a la xarxa ferroviària. Un tren de passatgers ha xocat aquest matí amb un vehicle en un pas a nivell a Fondarella, entre les estacions de Mollerussa i Bell-lloc, al Pla d'Urgell. A conseqüència de l'accident, el conductor del cotxe, un home de 65 anys, ha quedat atrapat dins del vehicle i ha acabat morint, segons han confirmat des del servei d'emergències mèdiques (SEM). La seixantena de passatgers que anaven al tren, en canvi, han resultat il·lesos. El xoc ha tingut lloc a un quart de deu del matí i la mort del conductor del cotxe s'ha confirmat a les 10.08 h. Fonts d’Adif asseguren que els detalls de com s’ha produït l’accident ja s’estan investigant. Aquesta recerca haurà d'aclarir detalls com si el cotxe travessava la via en el moment del xoc o estava aturat en el punt del sinistre, i si els sistemes de senyalització han funcionat correctament. L'accident afecta la circulació de trens de la R12, que està tallada des d'aquella hora en el punt de l'accident perquè es tracta d'un tram de via única (no hi ha servei ferroviari entre Lleida i  Mollerussa). Els passatgers afectats han sigut traslladats per carretera fins a Manresa, des d’on han pogut continuar el trajecte en tren. Protecció Civil ha activat la prealerta Ferrocat.;Successos
La menor del vídeo de la discoteca Waka denuncia una agressió sexual i diu que no recorda res;https://www.ara.cat/societat/successos/menor-video-discoteca-waka-denuncia-agressio-sexual-diu-no-recorda-res_1_4585320.html;28/12/2022;"Barcelona""Va demanar un refresc a la barra i es va quedar en blanc, com si l'haguessin drogat"". Aquesta és la versió de la noia de 16 anys que dilluns va denunciar la difusió d'un vídeo sexualon sortia ella fent una fel·lació a un noi enmig de la pista de ball de la discoteca Waka de Sant Quirze del Vallès. Així consta a la denúncia que la seva mare va presentar a la comissaria de Caldes de Montbui dels Mossos d'Esquadra i, segons fonts al corrent de la investigació, en el seu escrit, la menor no només denuncia la gravació i difusió del vídeo, sinó també una agressió sexual. La mare ha explicat en declaracions a TV3 que la seva filla li va dir que no es recorda de res: ""No sé per què ha passat això, jo no puc haver sigut"". En poques hores, el vídeo va acumular centenars de milers de visualitzacions a les xarxes socials i ara els Mossos investiguen qui el va gravar i qui el va difondre, però també si la menor estava sota els efectes d'una droga de submissió química. Aquella nit, la del divendres 23, era segons la mare el primer cop que la seva filla anava a una discoteca. Waka permetia aquell dia l'entrada a menors de 18 anys, tot i que també hi podien entrar majors d'edat. És el cas del noi que també apareix en el vídeo, que té 19 anys i també ha presentat una denúncia. En el seu cas, es limita a la gravació i la difusió del vídeo.";Successos
Una mare denuncia la difusió d'un vídeo de la seva filla fent una fel·lació al mig de la discoteca Waka;https://www.ara.cat/societat/successos/mare-denuncia-difusio-d-video-seva-filla-fent-fel-lacio-mig-discoteca-waka_1_4585013.html;27/12/2022;"BarcelonaEls Mossos d’Esquadra investiguen la difusió d’un vídeo de caràcter sexual que es va gravar aquest cap de setmana a la discoteca Waka de Sant Quirze del Vallès, segons ha avançatEl Paísi ha confirmat l’ARA. Aquest dilluns la mare d’una noia es va presentar a la comissaria dels Mossos de Caldes de Montbui per denunciar que per les xarxes socials estava circulant un vídeo de la seva filla fent una fel·lació a un noi en plena pista de ball de la discoteca, on hi havia desenes de persones. Aquestes imatges estan acumulant centenars de visualitzacions a plataformes com Twitter o Tiktok i la denúncia assenyala que aquest fet podria suposar un delicte contra la llibertat sexual de la noia. Ara els Mossos d'Esquadra estan intentant saber qui va enregistrar el vídeo i qui l’ha distribuït. També investiguen si la noia, que segonsEl Paísseria menor d’edat però encara no hi ha la confirmació policial, estava sota els efectes d’una droga de submissió química. La mateixa consellera de Feminismes, Tània Verge, ha fet una crida a no compartir aquestes imatges davant ""l'impacte psicològic sobre les persones afectades"", que pot ser ""devastador"".";Successos
Una casa ocupada i plantacions de marihuana: l'escenari del crim de Piera;https://www.ara.cat/societat/successos/casa-ocupada-plantacions-marihuana-l-escenari-crim-piera_1_4579541.html;21/12/2022;"PieraDissabte al matí, cap a les 8 h, els veïns del Bosc de l’Àliga, una petita urbanització a tocar de Piera, van llevar-se amb una munió de furgonetes dels Mossos d’Esquadra. Expliquen que és un barri tranquil, on molts s'instal·len un cop jubilats en una caseta amb bones vistes a les vinyes. Més d'un recorda que aquella caseta és el projecte d'una vida i que s'ha anat aixecant pedra a pedra. No és el cas de dues cases de grans dimensions que coronen la urbanització, construïdes per una immobiliària. En una hi viu una parella d'alemanys retirats; l'altra, la del banc, fa temps que està ocupada. Hi van passar primer una família, després una parella i, més recentment, tothom hi situa un noi jove del qual ningú sap res. Fins fa tres mesos, els veïns només el veien algun cop sortint de casa –li agrada portar gorra– i a la terrassa amb alguns amics. No l’han vist mai conduint un cotxe ni una moto, ni feia més soroll del compte. Aquesta imatge del jove entre el veïnat, però, va canviar completament fa tres mesos, quan els Mossos van descobrir a casa seva desenes de plantes de marihuana. Un resident de la zona explica que van treure de tot de la casa: plantes, llums, tubs i molta terra que ell va aprofitar per posar al jardí de casa. Dissabte els Mossos van tornar a la mateixa casa, però per un motiu completament diferent: van detenir el resident, de 21 anys, per la seva presumpta relació ambun cadàver esquarterat que va aparèixer a Piera la setmana passada.";Successos
De donar-se la mà amb el president del Sevilla a la garjola: cau un dels líders de l'estafa de 'brokers';https://www.ara.cat/societat/successos/donar-ma-president-sevilla-garjola-cau-dels-liders-l-estafa-brokers_1_4575901.html;16/12/2022;"BarcelonaA mitjans del 2019, el Pablo no tenia por de deixar-se veure. Tenia 30 anys. Anava de jove brillant, de gran inversor amb una plataforma exitosa al darrere, Ever.fx. Feia formacions per YouTube i es movia per cercles exclusius. Per exemple, a la llotja del Ramón Sánchez Pizjuán, l'estadi del Sevilla Futbol Club. Allà  va signar un patrocini amb el president del club, José Rico, per dues temporades. També es movia entre els velers de Mallorca, sobretot quan una de les seves webs, Axiance, va firmar un acord de patrocini amb el campionat d'Espanya de Vela. Ell és de Vigo, però des de fa un temps està instal·lat a Xipre. Últimament, no s'havia deixat veure per Espanya, però aquest dimecres va agafar un vol de Romania cap a Barcelona. Quan hi va aterrar a les 8 del matí, una munió de mossos d'esquadra i de guàrdies civils van pujar a l'avió i el van detenir. El jutge ha comunicat per a ell presó provisional, comunicada i sense fiança. Feia quatre anys que l'investigaven com un dels presumptes lídersde la xarxa debrokersestafadors més gran detectada a Europa, que, entre altres productes i operacions fraudulentes, oferia falses criptomonedes. Els Mossos i la Guàrdia Civil van aconseguir desarticular-la fa dos mesos juntament amb set policies d'altres països. Amb uns guanys de 2.000 milions d'euros, es calcula que a Espanya han estafat desenes de milers de persones. I el Pablo era l'encarregat de gestionar les víctimes a l'Estat. ""Era el cap operatiu"", apunten fonts policials. Després de desmantellar tots elscall centerde països de l'est des d'on els estafadors trucaven a les víctimes oferint falses inversions, a la policia li faltava detenir tres membres de la cúpula de l'organització. El nucli el formaven cinc persones i el Pablo era una d'elles, així com un exassessor del ministeri de Defensa albanès.";Successos
Troben un cadàver esquarterat en un bosc de Piera;https://www.ara.cat/societat/successos/troben-cadaver-esquarterat-bosc-piera_1_4571964.html;12/12/2022;BarcelonaEls Mossos d'Esquadra investiguen la troballa d'un cadàver dividit en dos trossos en un bosc de Piera, a la comarca de l'Anoia. Segons fonts coneixedores de la investigació, diversos testimonis haurien localitzat una part del cos en un punt proper a la riera Guinovarda, que separa el municipi de Piera i la urbanització de Can Martí. Més tard, uns altres veïns han trobat l'altra part del cos en el mateix bosc. Des del matí que aquesta zona boscosa està plena de policies, que han desplegat la unitat canina per buscar-hi altres restes humanes, segons corroboren diversos testimonis. Una de les dues parts del cos, segons alguns veïns, s'hauria localitzat a l'interior d'un vehicle cremat i l'altra al costat de la riera Guinovarda. La comitiva judicial ja ha fet l'aixecament del cadàver, que, segons fonts policials, estava en mal estat i amb senyals de violència. Això ha portat la policia a tractar el cas ràpidament com un homicidi. Les dues parts les han trobat en una zona boscosa on s'arriba per pistes de muntanya. Residents del barri expliquen que durant el dia és molt transitada perquè molta gent hi va a passejar els gossos, a caminar o a fer esport. L'alarma que ha posat en alerta Piera ha vingut des de l'institut d'aquesta població de 16.000 habitants. L'escola és prop del bosc i els alumnes i els professors han vist en primera persona el fort desplegament policial que en pocs minuts ha acordonat una àmplia part del bosc. Segons els testimonis, hi havia més de 20 agents buscant entre els arbres i els matolls. A la tarda la majoria de policies ja han abandonat el lloc dels fets i la zona no està acordonada.;Successos
El detectiu que espiava les nòvies del príncep Enric buscarà el jugador de rugbi desaparegut;https://www.ara.cat/societat/successos/detectiu-espiava-novies-princep-buscara-jugador-rugbi-desaparegut_1_4568319.html;08/12/2022;"BarcelonaJa fa més d'un mes que el jugador de rubgi anglès de 24 anys Levi Davis va desaparèixer al centre de Barcelona. De moment, els Mossos d'Esquadra han trobat poques pistes que els permetin seguir els seus passos: va ser vist per últim cop anant de bars, primer a l'Old Irish Pub de la Rambla i després al Hard Rock de plaça Catalunya. Unes hores després el senyal del seu telèfon va desaparèixer a l'estació de Sants, però cap càmera l'ha pogut localitzar. Ara fa 15 dies,tal com va avançar l'ARA, els Mossos van trobar el seu passaport al port de Barcelona, però es desconeix quan i com el va perdre. Mentre la investigació de la policia continua, la família de Davis ha volgut fer un pas endavant. A principis de novembre la mare, Julie, ja es va desplaçar fins a Barcelona i ara ho farà un detectiu privat anglès que la família ha contractat. Es diu Gavin Burrows i és un dels investigadors privats més populars del Regne Unit. Ha assistit tota mena de celebritats: des dels cantants Paul McCartney i Elton John fins a l'actor Sean Bean (Joc de trons), passant per l'exfutbolista de l'Everton i el Manchester United Wayne Rooney. També ha treballat pels ducs de Sussex, el príncep Enric i Meghan Markle, i fa uns anys les exnòvies d'Enric eren el seu principal objectiu. En un documental de la BBC, Burrows admet que alguns mitjans britànics li van pagar per espiar les nòvies del príncep. ""Era part del grup de persones que li van robar els anys d'adolescència"", accepta Burrows. Concretament, es disculpa per haver estat vigilant el telèfon i les comunicacions de la seva exnòvia Chelsy Davy, amb qui Enric va mantenir una relació durant set anys.";Successos
Quatre mossos suspesos per haver-se enfrontat a uns veïns del Raval i haver-los robat dos patinets;https://www.ara.cat/societat/successos/quatre-mossos-suspesos-seva-actuacio-fora-servei-raval_1_4567817.html;07/12/2022;BarcelonaLa direcció general de la policia ha signat avui una resolució que suspèn de funcions quatre agents dels Mossos d'Esquadra per una baralla al Raval de Barcelona quan estaven fora de servei. A principis d'octubre, una desena d'agents tornaven de sopar i es van encarar amb dos veïns. Mentre els mossos asseguren que, quan travessaven el carrer d'en Roig,els van increpar verbalment i físicament, els veïns, una parella que la policia té controlada perquè l'home té 18 antecedents, afirmen el contrari: que els agents els van insultar i que els van robar dos patinets. Davant aquestes dues versions contradictòries, la Divisió d'Afers Interns va obrir una investigació interna que s'ha tancat aquesta setmana i avala la versió dels veïns. Quatre agents han quedat suspesos per indicis de furt, violació de domicili i falsedat documental. És a dir, la DAI veu factible que entressin al portal dels veïns i robessin els patinets. A més, hi veuen falsedat documental per com ho van plasmar després en l'atestat policial. La cosa no s'acaba aquí. Tres mossos més seran recol·locats laboralment per presumpta omissió del deure i persecució del delicte i també per falsedat documental. És a dir, per no haver fenat els seus companys i no haver-ho denunciat després. Per als tres agents restants no hi ha mesures cautelars, tot i que en la seva actuació la DAI també hi veu indicis de presumpta omissió del deure i persecució del delicte. Tots ells eren agents que solien patrullar pels carrers de Ciutat Vella.;Successos
Segrestada i agredida sexualment en una cabanya a Terrassa;https://www.ara.cat/societat/successos/segrestada-agredida-sexualment-cabanya-terrassa_1_4566929.html;06/12/2022;BarcelonaEls Mossos d'Esquadra han alliberat, aquest migdia, una jove que feia dies que estava segrestada en una cabanya en una zona boscosa de Terrassa. L'home que la retenia, que és l'exparella de la víctima, segons fonts coneixedores, ha quedat detingut i se l'acusa, a més de detenció il·legal, d'haver-la agredit sexualment durant el captiveri. La noia estava tancada a la cabanya des de finals de novembre, segons fonts policials citades per l'agència Efe, i, un cop alliberada, ha sigut traslladada a un centre hospitalari, on se li ha fet un reconeixement mèdic. Va ser la mare de la noia la que va posar en alerta ahir la policia sobre la seva desaparició i la que va aportar informació que va acabar conduint els agents cap al lloc on estava tancada. L'home que l'ha segrestat, que era a la cabanya quan hi ha arribat la policia, té 35 anys i està acusat d'agressió sexual, detenció il·legal, amenaces i lesions. Té una cinquantena d'antecedents policials.;Successos
Els Mossos investiguen la mort d'un jove a Figueres aquesta matinada en una baralla al carrer;https://www.ara.cat/societat/mossos-investiguen-mort-jove-figueres-agressio-matinada-carrer-rambla_1_4564708.html;03/12/2022;Els Mossos d'Esquadra investiguen la mort d'un jove a Figueres (Alt Empordà) per ferides d'arma blanca durant una baralla aquesta matinada de dissabte al centre de la ciutat. Els fets han tingut lloc sobre dos quarts de quatre de la matinada, quan els Mossos han estat alertats per la guàrdia urbana de la ciutat d'una agressió a la rambla. Diverses dotacions policials s'han desplaçat al lloc dels fets. Segons han explicat fonts policials a l'ARA, la víctima tindria uns 25 anys. L'agressor ha fugit del lloc on han passat els fets, a escassos metres de la que havia estat la casa natal de Salvador Dalí i una zona on no hi ha oci nocturn.;Successos
Troben un cadàver esquarterat en un contenidor a l'Eixample de Barcelona;https://www.ara.cat/societat/successos/troben-cadaver-contenidor-l-eixample-barcelona_1_4560915.html;30/11/2022;"BarcelonaMacabra troballa al centre de Barcelona: aquest matí s'ha localitzat el cadàver d'una persona a dins d'un contenidor a l'Eixample, a la cruïlla entre el carrer Casanova i l'avinguda Roma. L'ha trobat un sensesostre que remenava el contenidor de residus i hi ha vist una maleta negra amb rodes. Era gran, molt més que una de cabina. L'ha obert i després de treure una manta blavosa hi ha descobert un tors masculí d'un home blanc, segons ha explicat a l'ARA un testimoni del barri, encara tremolós, a qui l'home s'ha adreçat alarmat pel que hi havia dins la bossa i abans que arribés la policia. Amb un bastó i des de la distància, aquest segon testimoni també ha comprovat que es tractava del cos esquarterat d'un home. Primer no l'ha vist bé i l'ha confós amb un abric de pell, però ha apartat més la manta i ha acabat constatant que es tractava d'un cadàver. Faltaven pocs minuts per a les 11 del matí. El segon testimoni treballa en un estanc a tocar de la cruïlla. Fa temps que es coneixen del barri amb el sensesostre, que és un client habitual. Estava repartint tabac als diversos bars de la zona i se li ha acostat molt nerviós i tremolant: ""Hi ha un cadàver"", li ha cridat. En aquell moment cap dels dos tenia un mòbil a sobre i en veure com passava per allà una ambulància l'han fet parar. Els Mossos d'Esquadra han rebut l'avís passades les 11 hores i de seguida han fet un ampli desplegament i han acordonat la zona. Ara el trànsit de cotxes i vianants ja torna a estar obert, tot i que la zona ha estat tallada durant unes hores. El cas està sota secret de sumari. Fins al lloc dels fets també s'hi ha desplaçat un vehicle de la funerària Mémora, que s'ha acabat emportant el cos.";Successos
Un assassí en sèrie de prostitutes sacseja Roma;https://www.ara.cat/internacional/europa/assassi-serie-prostitutes-sacseja-roma_1_4556163.html;26/11/2022;RomaL'assassinat a ganivetades de tres dones a Roma la setmana passada va commocionar els habitants de la capital italiana. Les víctimes –dues de nacionalitat xinesa i una de colombiana– exercien la prostitució en diversos apartaments del cèntric barri de Patri, molt a prop del Vaticà. El presumpte autor, Giandavide De Pau, un vell conegut del crim organitzat i ex mà dreta d'un cap de la màfia, va ser detingut dos dies més tard després de ser denunciat per la seva pròpia germana. La policia investiga ara els motius que van portar el presumpte assassí a cometre els crims. “Recordo només que hi havia sang, molta sang”, va declarar De Pau als investigadors durant l'interrogatori, en què va assegurar no recordar res del que va fer aquelles hores. “Recordo estar en aquesta casa i tapar la ferida a la gola d'una de les dones, però després tinc unblack out. Després de vagar durant dos dies, sense menjar ni dormir, vaig anar a casa de la meva mare i la meva germana amb la roba encara tacada de sang”, va explicar. De Pau no recordava haver estat a casa de la dona colombiana, però sí que recordava, en canvi, haver consumit drogues amb una prostituta cubana aquell mateix dia, presumptament, abans de cometre els crims.;Successos
Els Mossos troben a la zona portuària de Barcelona el passaport del jugador de rugbi desaparegut;https://www.ara.cat/societat/successos/mossos-troben-zona-portuaria-barcelona-passaport-jugador-rugbi-desaparegut_1_4554029.html;22/11/2022;BarcelonaAvui fa 23 dies queel jugador de rugbi anglès Levi Davis està desaparegut. Va ser vist per últim cop a l'Old Irish Pub, una taverna de la Rambla de Barcelona, el 30 d'octubre, i per als Mossos d'Esquadra no està sent fàcil seguir els passos que va fer després de sortir del pub. Una càmera de seguretat el va gravar marxant amb una samarreta blanca de màniga curta, uns pantalons curts foscos i una maleta negra. Va ser al bar des d'on va enviar l'últim missatge al seu entorn. Fins ara, amb algunes falses alarmes pel mig, ha sigut l'últim que s'ha sabut d'ell. Fa uns dies, però, segons confirmen fonts de la investigació a l'ARA, van localitzar el seu passaport a la zona portuària de Barcelona. La troballa, doncs, va ser als dominis del Port de Barcelona. Segons apunten fonts del Port, una persona va trobar el passaport i el va portar a les dependències de la institució. El Port, al veure que es tractava d'un document d'identitat britànic, el va lliurar al Consolat del Regne Unit a Barcelona. La seu diplomàtica, coneixedora de la desaparició de Davis, va donar el passaport als Mossos.;Successos
Un programa informàtic pot revolucionar les investigacions dels Mossos d'Esquadra;https://www.ara.cat/societat/successos/programa-informatic-pot-revolucionar-investigacions-dels-mossos-d-esquadra_1_4550932.html;19/11/2022;BarcelonaEl subinspector dels Mossos d’Esquadra Cèsar Jou i l’agent Manu Fernández encara es mostren sorpresos quan s’ho miren tot en perspectiva. “Era inimaginable”, diuen. El 2018 van rebre el cas de la Mercè, una dona de 80 anys de Puigcerdà. Li havien estafat gairebé mig milió d’euros en falses inversions. Criptomonedes, però també accions d’Apple o inversions en or. Era impensable que tot allò acabés a Albània i que estiguessin enmig dela xarxa d’estafadors més gran que ha vist mai Europa. El 2021 encaraven la recta final. Havien ubicat els centres de trucades des d’on estafaven centenars de persones cada dia. A la pantalla del telèfon apareixia el prefix +44, del Regne Unit, però no eren més que repetidors i repetidors que conduïen a Albània. Tocava a la policia albanesa entrar als centres, detenir els sospitosos i recollir informació. Però van dir que no tenien capacitat tècnica per analitzar els ordinadors. Els tocava, doncs, als Mossos i la Guàrdia Civil, que feia tres anys que havien configurat un equip conjunt. La policia catalana va fer unes jornades de formació per agrupar els agents que en sabien més. El cas representava un canvi de paradigma: no era la típica investigació d'escoltes i seguiments, calia reinventar-se i trobar agents experts en informàtica i criptomonedes.;Successos
La presidenta d'Eulen, il·lesa després de ser atacada per dos homes armats a Madrid;https://www.ara.cat/economia/presidenta-d-eulen-il-lesa-despres-atacada-homes-armats-madrid_1_4547818.html;15/11/2022;MadridLa presidenta d'Eulen, María José Álvarez, va sortir il·lesa de l'atac de dos homes armats que van interceptar el cotxe en el qual viatjava al costat del seu escorta, segons han informat a Europa Press fonts de la investigació. Els fets van tenir lloc ahir a la matinada al barri madrileny de Moncloa, quan el cotxe en el qual viatjava l'empresària va ser interceptat frontalment per un altre vehicle. D'aquest altre vehicle en van baixar dos homes armats, que van intentar assaltar el cotxe de la presidenta del grup multiservei, especialitzat en sectors com la neteja, la seguretat iles residències per a la gent gran. Alhora, segons expliquen les mateixes fonts de la investigació a Europa Press, un altre cotxe va tallar per darrere el pas del vehicle d'Álvarez. Davant d'aquesta situació, l'escorta de l'empresària va disparar fins a tres vegades amb la seva arma, cosa que va provocar la fugida dels dos cotxes assaltants. El mateix guardaespatlles va intentar marxar ràpidament del lloc, però arran de la situació va impactar contra un fanal del carrer.;Successos
"La mare del jugador de rugbi desaparegut: ""L'espero al pub de la Rambla. Apareixerà""";https://www.ara.cat/societat/successos/mare-jugador-rugbi-desaparegut-l-espero-bar-apareixera_130_4545819.html;12/11/2022;"BarcelonaL'últim cop que van veure el jugador de rugbi anglès Levi Davis a Barcelona va ser ara fa 14 diessortint de l'Old Irish Pub, una taverna de la Rambla. En una de les primeres taules hi ha la seva mare, la Julie. Està asseguda, mirant a la porta. ""L'espero aquí. Apareixerà en qualsevol moment"", diu esperançada. Explica que avui fan la Fórmula 1 i que al seu fill li agrada molt. ""Si ve aquí a veure-la, l'estaré esperant. Seré el primer que veurà"". Passen les hores i no es desespera. No plora, ni es desfà. A vegades riu. Admet que està en ""xoc"", però que pesa més l'esperança de trobar-lo que la pena d'haver-lo perdut. Només està ""frustrada"" per una cosa, pel fet que demà surt un vol que la retorna a Birmingham i té por de fer-ho sense el Levi al costat. Les hores que queden, l'esperarà i el buscarà. Arriba el germà gran, el Nathan. Ve d'un altre pub irlandès. Hi ha preguntat pel Levi. Se li nota l'adrenalina, està una mica més nerviós que la mare. Accelerat, explica: ""Ens el podríem creuar en qualsevol moment caminant per la Rambla i no adonar-nos-en"". Camina pel centre de Barcelona guaitant per tot arreu, aixecant el cap per no deixar-se res. La mare de la Julie li truca. ""Encara no l'hem trobat, però ens arriben notícies bones"". Els Mossos d'Esquadra busquen el Levi des de principis de setmana, primer amb una investigació d'ofici i ara ja formalment, després que ahir la Julie i el Nathan presentessin una denúncia. Ells també l'estan cercant, preguntant als negocis i a les persones que viuen al carrer. I tenen motius per ser optimistes.";Successos
Macrodispositiu amb més de 100 policies a la discoteca del Paral·lel on va morir apunyalat un jove;https://www.ara.cat/societat/successos/macrodispositiu-mes-100-policies-discoteca-paral-lel-morir-apunyalat-jove_1_4545726.html;12/11/2022;BarcelonaMacroperatiu dels Mossos d'Esquadra i la Guàrdia Urbana en una de les discoteques més conflictives de Barcelona. Aquest dissabte a la matinada més de 100 agents dels dos cossos policials s'han presentat a la sala de festes Brisas del Caribe, a l'avinguda Paral·lel,l'escenari d'un crim per apunyalament d'ara fa 10 dies. La policia hi ha arribat, la música s'ha aturat i s'ha iniciat un escorcoll de tots els presents. El resultat: s'ha detingut un jove per una ordre pendent de detenció, s'han aixecat 11 actes administratives per tinença de drogues, s'han detectat 9 menors consumint alcohol i s'han localitzat diverses armes blanques a l'interior del local. Segons afirmen fonts policials, el local protagonitza problemes d'ordre públic cada cap de setmana, i això ha portat els Mossos i la Guàrdia Urbana a fer aquest pas. En l'operatiu, segons confirmen fonts policials, hi ha estat present el comissari en cap dels Mossos d'Esquadra, Eduard Sallent. A més, han sigut moltes les unitats de les dues policies que hi han participat. Dels Mossos hi ha anat l'ARRO, la unitat de policia administrativa, la d'investigació, la de seguretat ciutadana i la canina. I de la Guàrdia Urbana també hi han sigut els antiavalots, la canina i la unitat nocturna territorial. L'objectiu de l'operació, segons informa la policia catalana en un comunicat, ha sigut identificar persones que poguessin portar armes blanques i drogues. Alhora, però, també s'ha volgut revisar que el local tingués tots els papers en ordre, cosa que explica la presència de la unitat administrativa dels Mossos.;Successos
Detenen cinc persones per la pallissa a un mosso d'esquadra a Castelldefels;https://www.ara.cat/societat/successos/mossos-detenen-cinc-persones-implicades-pallissa-agent-castelldefels_1_4545361.html;11/11/2022;BarcelonaEls Mossos d'Esquadra han detingut en les darreres hores cinc persones presumptament implicadesen la pallissa a un agent de la policia autonòmica diumenge passat a Castelldefels. A primera hora del matí, un mosso fora de servei va veure que una jove s'enfrontava a un taxista. L'agent va voler posar-hi pau i, quan semblava que la baralla s'havia acabat, la noia va trucar a un telèfon i va aparèixer un Audi negre. Del vehicle en van sortir quatre homes que van començar a apallissar l'agent. Va acabar a l'hospital: 27 punts de sutura al cap, i el nas i el parietal trencats. Aquest dimarts, un dels presumptes implicats es va entregar a la policia i l'endemà els Mossos van detenir un home i una dona a Viladecans i Barcelona. Aquest divendres una noia també s'ha entregat i un noi ha sigut arrestat a Gavà. Així, els detinguts són tres homes i dues dones d’entre 21 i 25 anys. Segons han informat els Mossos d'Esquadra en un comunicat, als acusats se’ls atribueixen delictes de lesions, robatori amb violència i intimidació i atemptat contra un agent de l’autoritat. A part dels arrestats, una sisena persona ha declarat com a investigada i la policia ha dut a terme dos escorcolls a casa seva, a Viladecans.;Successos
Qui són els suposats policies anglesos que investiguen la desaparició del jugador de rugbi?;https://www.ara.cat/societat/successos/son-suposats-policies-investiguen-desaparicio-jugador-rugbi_1_4544983.html;12/11/2022;BarcelonaDos homes vestits amb roba de carrer van entrar aquest dijous a la tarda a l'Old Irish Pub, el bar de la Rambla de Barcelonaon va ser vist per últim cop Levi Davis, un jugador de rugbi anglès de 24 anys que està desaparegut des de fa 13 dies. Segons diversos testimonis, s'hi van estar una bona estona. Es van presentar com a policies anglesos i van preguntar per Levi, per què havia fet en aquell local, quan va marxar i també van demanar les imatges de les càmeres. Corpulents, amb posat seriós i rígid i sense saber parlar gairebé el castellà, segons les mateixes veus, també van preguntar pels voltants del local a diverses persones si havien vist alguna cosa aquella nit. De nou, es presentaven com a policies anglesos que investigaven la desaparició del jugador de rugbi. Als Mossos d'Esquadra, però, no els consta que hi hagi agents britànics a Barcelona. Fonts policials admeten que si ho fossin segurament ho sabrien. A més, apunten que seria molt estrany perquè la investigació sobre la seva desaparició l'està portant la policia catalana, de qui és la competència en aquests casos.;Successos
Un nou jugador de rubgi desaparegut a Barcelona, aquest cop en un pub irlandès;https://www.ara.cat/societat/successos/nou-jugador-rubgi-desaparegut-barcelona-aquest-cop-pub-irlandes_1_4540625.html;08/11/2022;BarcelonaFa dues setmanes els treballadors de la Sala Apolo de Barcelonavan trobar el cos sense vida de Liam Hampson, un jugador de rugbi semiprofessional australià de 24 anys. Buscant el lavabo, va sortir sense voler al terrat d'evacuació, va pujar a un mur, i va caure en un buit de 20 metres. Els empleats el van trobar dos dies després de caure i en aquest impàs de temps els seus amics van fer una crida a tothom que l'hagués vist. Aquest dilluns s'ha denunciat una altra desaparició: de nou, un jugador professional de rugbi, aquest cop britànic. Levi Davis, també de 24 anys, va ser vist per últim cop fa nou dies a l'Old Irish Pub, un bar de la Rambla. Bath Rugby, un dels exequips de Davis, ha iniciat una campanya a les xarxes socials per trobar-lo. De moment, segons apunten fonts policials, els Mossos d'Esquadra saben que a les xarxes socials s'ha publicat aquesta desaparició, però afegeixen que encara no han rebut cap denúncia ni dels familiars ni dels amics i, per tant, no poden obrir una investigació. Davis és una persona especialment popular al Regne Unit per la seva carrera esportiva, però també per la seva activitat fora dels terrenys de joc. El 2019 va participar en eltalent show Celebrity X Factoramb tres estrelles més del rugbi, Ben Foden i Thom Evans, formant el grup Try Star.;Successos
Busquen tres homes que van causar 27 punts al cap a un mosso;https://www.ara.cat/societat/successos/busquen-tres-homes-causar-27-punts-cap-mosso_1_4540413.html;07/11/2022;BarcelonaUn mosso d'esquadra fora de servei va veure que una noia s'enfrontava a un taxista que l'havia portat fins a Castelldefels diumenge a primera hora del matí. Ella li donava cops de peu i li llençava escopinades. L'agent, de paisà, es va presentar com a policia i va voler intermediar en la discussió. Quan semblava que tot havia anat a menys, la jove va agafar el telèfon i va trucar a un número. Tots tres van continuar el seu camí. Però quan l'agent abandonava el lloc dels fets, va aparèixer un Audi de color negre, d'on van baixar tres homes. El policia no els coneixia. Havien respost a la trucada de la noia i sense preguntarvan començar a apallissar l'agent. Fonts policials parlen d'una violència important, sobretot a la cara de l'agent. Amb les mans i les cames, sense armes blanques. Li van obrir el cap i va haver de ser traslladat a l'hospital. Aquest dilluns continua ingressat: 27 punts de sutura al cap, i el nas i el parietal trencats. Amb l'agent estès a terra, els agressors van fugir amb l'Audi. Poques hores després, va aparèixer abandonat a Gavà. Els agressors van conduir uns deu minuts des del carrer Doctor Trueta de Castelldefels, el lloc dels fets, fins al punt de Gavà on els Mossos van trobar el vehicle.;Successos
Violen una noia de 19 anys a Gelida;https://www.ara.cat/societat/successos/violada-noia-19-anys-gelida_1_4538338.html;04/11/2022;BarcelonaAquest dimarts una noia de 19 anys va denunciar davant dels Mossos d'Esquadra que feia poques hores que un home l'havia violat. Era la nit de la castanyada i ja era entrada la matinada. Aquella nit no va requerir ni assistència mèdica ni de la policia, però l'endemà va fer el pas i va denunciar els fets. Segons ha pogut saber l'ARA, els Mossos ja ho investiguen com una presumpta agressió sexual i de moment no hi ha cap detingut, tal com confirmen fonts policials. Els fets, segons fonts coneixedores del cas, van passar al nucli de Gelida, on aquella nit se celebrava la festa de la castanyada. Quan la noia va denunciar els fets, segons apunten fonts de l'Ajuntament de Gelida, es va activar el Servei d'Intervenció en Crisi, que gestiona el departament d'Igualtat i Feminismes de la Generalitat. Així, es va posar a disposició de la víctima i de la seva família ajuda psicològica immediata. Segons les mateixes fonts, demà es presentarà una declaració de rebuig signada per tots els membres del consistori i hi haurà una concentració a les 12 del migdia. Alhora, l'assemblea de joves, que organitza la festa juntament amb el consistori, ja s'ha posat a treballar amb l'Ajuntament per prendre mesures i analitzar què ha passat.;Successos
Investiguen l'agressió amb arma blanca a una dona al barri de Gràcia de Barcelona;https://www.ara.cat/societat/barcelona/investiguen-l-agressio-arma-blanca-dona-barri-gracia-barcelona_1_4533855.html;30/10/2022;BarcelonaUn home ha atacat amb un ganivet una noia al carrer Vic, al barri de Gràcia de Barcelona. Els fets han passat cap a les tres del migdia d'aquest diumenge i la víctima ha hagut de ser traslladada a l'hospital. Els Mossos d'Esquadra han obert una investigació sobre els fets i busquen el responsable de l'apunyalament. Els crits de la noia al veure's sorpresa per l'agressor han alertat els veïns de la zona, que han explicat a l'ARA que l'home l'ha atacat diverses vegades amb un ganivet de cuina que ha deixat a terra abans de fugir corrent. L'agressor podria ser la parella de la víctima, segons alguns dels testimonis. Fonts policials només confirmen, de moment, que víctima i agressor es coneixien.;Successos
Mor apunyalat un jove davant d'una discoteca del Paral·lel de Barcelona;https://www.ara.cat/societat/barcelona/mor-apunyalat-jove-davant-d-discoteca-paral-lel_1_4533697.html;30/10/2022;BarcelonaEls Mossos d'Esquadra estan investigant l'apunyalament mortal, aquesta matinada, d'un jove a l'avinguda Paral·lel de Barcelona. Els fets han tingut lloc abans de les sis de la matinada just davant de la sortida de la discoteca Brisas, molt a prop de les Drassanes. La policia ha rebut l'avís que hi havia un home ferit en aquest punt del districte de Sants-Montjuïc, i quan hi han arribat els efectius policials i del Sistema d'Emergències Mèdiques (SEM) l'home ja havia mort. Els Mossos d'Esquadra han obert una investigació per esclarir les causes de la mort i per identificar i localitzar el presumpte autor de l'agressió. Més o menys a la mateixa hora que es produïa aquest crim, el SEM ha atès una altra persona ferida a la mateixa zona, però, de moment, la policia no veu vinculació entre els dos fets.;Successos
34 detinguts i 12,6 tones de marihuana intervingudes: cau un grup criminal establert a Catalunya;https://www.ara.cat/societat/34-detinguts-12-6-tones-marihuana-intervingudes-cau-grup-criminal-establert-catalunya_1_4532706.html;29/10/2022;BarcelonaDesprés de més de dos anys d'investigació, la Guàrdia Civil ha donat per desarticulat un grup criminal establert a la demarcació de Barcelona que es dedicava al tràfic internacional de marihuana. Durant aquest temps s'han fet 34 detencions i s'han confiscat fins a 12,6 tones de marihuana processada i ja preparada per consumir, 160.000 plantes, més de mitja tona d'haixix, més d'un quilo de cocaïna i 45.000 euros en efectiu. La investigació va començar l'estiu del 2020, en plena sortida dels confinaments, quan es van interceptar dos vehicles a Vilafranca del Penedès que venien de Màlaga i transportaven 185 quilos d'haixix. Movien la droga fent servir la tècnica que es coneix com ago fast: segons la policia, consisteix en fer passar primer un vehicle d'alta cilindrada per comprovar que no hi ha policia en el trajecte que s'ha de fer i, a continuació, enviar el vehicle carregat amb la mercaderia.;Successos
Enxampen dos lladres intentant robar ferralla a la seu central dels Mossos;https://www.ara.cat/societat/successos/enxampen-lladres-intentant-robar-ferralla-central-dels-mossos_1_4527939.html;25/10/2022;BarcelonaEgara és el quarter general dels Mossos d'Esquadra. Un complex ubicat entre Terrassa i Sabadell que ocupa 43.000 m² i on cada dia van a treballar unes 2.000 persones. Entre elles, els principals comandaments de la policia. És l'espai on cada dia es troben més mossos d'esquadra i l'edifici de la policia que compta amb un nivell de protecció més elevat. Això, però, no va acovardir dos lladres de ferralla, que fa pocs dies van assaltar l'aparcament de les instal·lacions. Tenien entre cella i cella una muntanya de restes metàl·liques: la majoria peces de vehicles, motors, tubs d'escapament i fins i tot la carcassa d'un cotxe patrulla accidentat. Eren al final d'un pàrquing exterior d'Egara, on només poden aparcar policies –normalment, cotxes particulars– i no hi ha cap control d'accés. Els lladres van actuar a plena llum del dia. Dimarts passat, cap al migdia, van accedir-hi amb una furgoneta blanca i van arribar a la ferralla sense cap impediment.;Successos
Resolen el misteri de la tràgica mort del jugador de rugbi australià a l'Apolo;https://www.ara.cat/societat/successos/resolt-misteri-tragica-mort-jugador-rubgi-australia-l-apolo_1_4524161.html;20/10/2022;BarcelonaDimecres al migdia un grup de treballadors de la Sala Apolo van sentir el so d'un telèfon. Van comprovar que no era de cap d'ells. Van buscar i buscar i, en una mena de celobert de difícil accés, amagat sota uns tubs de ventilació d'obra, van trobar un cadàver. El mòbil que sonava era el seu. Trucava un dels seus amics o familiars que feia gairebé 40 hores que el buscava. Fins i tot van publicar un anunci al Facebook anunciant la seva desaparició.Es deia Liam Hampson, tenia 24 anys i era un jugador de rugbi semiprofessional australià. Els treballadors van trucar als Mossos, que han iniciat una investigació. Tot apuntava que aquest misteriós i tràgic succés havia sigut un accident, i les càmeres de seguretat ho confirmen. Segons fonts coneixedores dels fets, en lloc de baixar per les escales que condueixen de la sala principal als lavabos, va sortir per una porta d'emergència. Això el va conduir a una sala molt petita amb una altra porta d'emergència. La va obrir i va sortir a la terrassa d'evacuació. Si hagués seguit el camí, que estava il·luminat, hauria anat fins a les escales d'emergència i tot hauria acabat bé. Però va parar un moment per orinar i va veure que no podia sortir per la mateixa porta. Tenia un mur de metre i mig al costat i el va saltar. Una paret que precisament té com a objectiu protegir d'un buit d'entre 10 i 15 metres. Però va saltar al buit i el seu cos va quedar just a sota d'un entramat de tubs. Tot ha quedat perfectament enregistrat. En total, la sala de festes té unes 180 càmeres.;Successos
Arresten la segrestadora del nadó de l'hospital de Bilbao;https://www.ara.cat/societat/dona-segresta-nado-hospital-bilbao_1_4523529.html;20/10/2022;BilbaoNingú no es pot ni tan sols imaginar l'infern que deuen haver viscut els pares del nadó raptat d'una habitació del pavelló de maternitat de l'hospital de Basurto, a Bilbao. Allà va començar, dimecres al vespre, el malson que ha acabat quan la criatura ha aparegut a la catifa de la porta d'un pis del barri bilbaí de Santutxu. Encara tenia la pinça del cordó umbilical. Havia arribat al món dimarts. L'angoixa de la família va durar onze hores. L'Aimar, que és així com es diu el nen, ja descansa als braços de la sevaama(mare): “Estem molt agraïts a tothom”. Epíleg. A l'Alicia li ha estranyat que aquest matí algú truqués a la porta del vuitè pis del portal número 26 de la plaça del Carmen del barri de Santutxu tan aviat. Eren les 8 del matí. Ha mirat per l'espiell i no ha vist ningú, però ha obert la porta. A sobre de la catifa de l'entrada hi ha trobat l'Aimar. L'Alicia havia vist les notícies a internet que alertaven del robatori d'un nadó i no ha trigat a lligar caps. S'ha posat a cridar. Ha despertat el seu fill Zuhaitz, que s'ha llevat de cop. “La meva mare estava com si li haguessin robat a ella”. L'Alicia ha cuidat el nadó mentre el Zuhaitz trucava a l'Ertzaintza. En un parell de minuts agents de la policia basca, que feia tota la nit que buscaven l'Aimar, ja han arribat a casa seva. A l'altra banda del telèfon, i a poc més de quatre quilòmetres de distància, a la maternitat de Basurto, els pares han rebut la notícia amb un alleugeriment immens. El malson havia acabat.;Successos
Crim en una residència: un home de 89 anys en mata un altre amb un pot d’escuma d’afaitar;https://www.ara.cat/societat/successos/crim-residencia-home-89-anys-n-matat-78_1_4509070.html;05/10/2022;BarcelonaEls Mossos d'Esquadra investiguen un homicidi a la residència de gent gran Los Olivos, al districte d'Horta-Guinardó de Barcelona. Cap a dos quarts d'una de la matinada d'aquest dimecres, un home de 89 anys n'hauria agredit un altre, de 78, amb un pot d'escuma d'afaitar. La víctima ha acabat morint pels cops que ha rebut. Els dos homes vivien a la residència i els Mossos ja han detingut el sospitós. Segons fonts coneixedores de la investigació, l'acusat d'homicidi pateix Alzheimer i, de moment, es desconeix si l'agressió ha sigut deliberada o bé ha estat inconscient, fruit de la malaltia. L’àrea d'investigació criminal de la Regió Policial Metropolitana de Barcelona dels Mossos d'Esquadra s’ha fet càrrec de la investigació. Alhora, la inspecció de serveis socials s'ha desplaçat al centre quan ha tingut coneixement de l'homicidi amb l'objectiu de conèixer el perfil de la víctima i el detingut, i també comprovar l'actuació duta a terme pels responsables de la residència. Segons fonts del departament de Drets Socials, en aquesta residència no hi havia ni un control més exhaustiu que en altres centres ni residents amb un perfil que pogués comportar més riscos. El centre és privat amb places concertades.;Successos
La víctima del crim masclista de Campdevànol va ser violada i torturada;https://www.ara.cat/societat/successos/victima-crim-masclista-campdevanol-tambe-agredir-sexualment_1_4499633.html;24/09/2022;BarcelonaEl jutjat d’instrucció en funcions de guàrdia de Ripoll ha dictat presó provisional sense fiança per al detingut pel crim masclista de Campdevànol. L’home, de 36 anys i parella de la víctima, va quedar arrestat dijous i se l’acusa d’assassinat, agressió sexual i maltractament continuat. Segons fonts judicials, no consten denúncies prèvies relatives al cas, tot i que tenia antecedents il'entorn de la víctima va explicar a l'ARAque la noia havia viscut 12 mesos d'infern: baralles, insults, amenaces i maltractament físic i psicològic. Es deia Anna i tenia 21 anys quan la van matar. Just aquesta setmana hauria d'haver anat a la primera sessió d'un centre de desintoxicació. Feia relativament poc que es drogava, un any, segons afirmen fonts del seu entorn, que afegeixen que va ser la parella qui la va introduir en aquest món. L’autòpsia ha determinat que va patir una mort lenta i dolorosa provocada per múltiples traumatismes i pèrdua de sang. Segons l'ACN, la víctima presentava més de 60 ferides per tot el cos entre contusions i talls, algunes de les quals podrien ser de dies anteriors. També tenia cremades, diverses dents trencades i al coll se li han pogut identificar marques de pressió. Es confirma, també, que l'homicida la va agredir sexualment. Ella tenia ferides a les mans que indiquen que es va intentar defensar.;Violència masclista
Amenaçada, aïllada i maltractada: l'infern de l'Anna, l'última víctima de la violència masclista;https://www.ara.cat/societat/successos/detenen-parella-noia-trobada-morta-pis-campdevanol_1_4496475.html;22/09/2022;"BarcelonaEs deia Anna, però a la llista de mortes per la violència masclista d'aquest any ha passat a ser un número: la cinquena a Catalunya, la trentena a Espanya. Estava a punt d'encarrilar la seva vida: just aquesta setmana hauria d'haver anat a la primera sessió d'un centre de desintoxicació. Ja tenia dia i hora. Feia relativament poc que es drogava, un any, segons expliquen fonts del seu entorn. Abans era molt riallera i ni tan sols bevia. La va introduir en aquest món un noi, de 36 anys, l'Albert, amb qui va començar una relació. Ara ell està detingut, investigat per haver-la matat a Campdevànol. Abans d'aquest final ella va viure 12 mesos de baralles, insults, amenaces i maltractament físic i psicològic. No havia acabat l'educació obligatòria; els estudis mai havien sigut el seu fort i ara ni estudiava ni treballava. No era de perseguir somnis ambiciosos, es limitava a viure una vida tranquil·la i quedava molt –abans de conèixer la seva parella– amb les seves amigues. A prendre alguna cosa o a anar a veure el futbol. En l'últim any, coincidint amb la caiguda a les drogues, l'Anna s'havia aprimat molt. També s'havia començat a distanciar de les amigues, sovint pressionada per l'Albert, que li restringia els moviments, asseguren fonts del seu entorn. Li deia que no podia sortir o que no podia quedar amb segons qui.";Successos
Mor tirotejada l'empleada d'un bingo de Tortosa durant un atracament;https://www.ara.cat/societat/successos/mor-tirotejada-l-empleada-d-bingo-tortosa-durant-atracament_1_4493557.html;20/09/2022;BarcelonaUna empleada d'un bingo de Tortosa ha mort aquesta matinada d'un tret durant un atracament a l'establiment on estava treballant. Segons han explicat els Mossos d'Esquadra en un comunicat, els fets han passat poc després de la mitjanit, quan un grup d’homes ha irromput al local i han ferit de gravetat la treballadora i també un dels clients. Tots dos han estat traslladats a un centre hospitalari de Tortosa i la dona ha mort poques hores després. Els Mossos han detingut poc abans de les 21 de la nit cinc persones relacionades amb l'homicidi. L'Ajuntament de Tortosa ha precisat en un comunicat que els detinguts són un grup de persones arribat de fora del municipi i que podrien estaran relacionats amb altres fets delictius comesos a diferents punts de l'Estat. El consistori també concreta que el soroll que s'ha sentit durant la detenció, en una operació conjunta de Mossos i Policia Nacional, no era de trets, sinó de granades ensordidores, que les unitats especialitzades poden fer servir per atordir persones. La dona ha rebut un tret al cap que ha resultat mortal, mentre que l'home ha rebut l'impacte d'una bala a l'espatlla i, tot i que segueix ingressat a la Unitat de Cures Intensives de l'Hospital Verge de la Cinta de Tortosa, no es tem per la seva vida i està estable dins de la gravetat.  Segons fonts consultades per l'ACN, els atracadors eren tres i van accedir al local vestits de negre i encaputxats. Quan van arribar van ferir l'home i en marxar, just després que la víctima mortal activés l'alarma, li haurien disparat a boca de canó.;Successos
Macrooperació contra sis plantacions de marihuana catalanes destinades a Europa;https://www.ara.cat/societat/successos/desena-detinguts-gran-operacio-trafic-l-exportacio-marihuana_1_4481374.html;07/09/2022;BarcelonaLa Guàrdia Civil ha desplegat gairebé 300 agents aquesta matinada a les quatre demarcacions de Catalunya contra una organització criminal dedicada al tràfic de marihuana. En aquesta macrooperació, anomenada Tro, el cos armat ha actuat en sis plantacions que estaven destinades a distribuir la droga arreu d’Europa. La investigació va començar fa deu mesos, al novembre, quan la Guàrdia Civil va detectar una “multitud” de possibles cultius de marihuana. Al final s’ha concretat en les sis plantacions intervingudes, les quals els membres del grup sempre vigilaven. S’han detingut tretze persones. Totes les plantacions tenien la llum punxada i gastaven com més de 400 habitatges: es calcula que l’organització s’ha estalviat de pagar més de 330.000 euros, segons el consum d’electricitat dels cultius. L’actuació ha comptat amb la col·laboració de tècnics d’Endesa. La Guàrdia Civil ha escorcollat 10 immobles, entre naus industrials i habitatges on s’amagaven les plantacions, així com domicilis particulars. Entre les sis plantacions s’han requisat 2.500 plantes, 22 quilos de cabdells de marihuana i 50.000 euros en efectiu.;Successos
Sis hores desapareguda a alta mar i rescatada de l'aigua per un vaixell;https://www.ara.cat/societat/successos/sis-hores-desapareguda-alta-mar-rescatada-l-aigua-vaixell_1_4479594.html;05/09/2022;"BarcelonaUn vaixell mercant sent uns crits enmig de la nit a alta mar, a uns tres quilòmetres de la costa de Barcelona. Els mariners identifiquen que provenen d'una dona surant a l'aigua que els demana auxili. El rescat és quasi un miracle: la dona feia sis hores que era a l'aigua, intentant tornar a la sorra després que el corrent l'hagués arrossegat des de la vora de la plata de Sant Miquel de Barcelona. ""Sabia nedar molt bé i tenia molt bon fons, si no no s'explica que en sortís il·lesa"", apunten fonts coneixedores dels fets. El desenllaç ha sigut el millor de tots els possibles: la dona ja ha rebut l'alta mèdica a l'Hospital del Mar, on va ser traslladada en bon estat de salut, segons confirmen a l'ARA des del centre. Eren poc més de les 20 hores quan la banyista va entrar a nedar al mar i va deixar a la sorra les seves pertinences (una tovallola i un telèfon) i el seu gos, a tocar de l'Hotel W. Dues hores després, quan ja era fosc, un grup de persones van alertar els cossos d'emergències: la dona encara no n'havia sortit i ja era fosc. Un equip amb efectius dels Mossos, els Bombers de Barcelona, Salvament Marítim i la Guàrdia Civil van buscar-la per mar i aire, però va ser la tripulació d'un vaixell de càrrega que fondejava qui la va trobar quan van sentir uns crits a uns 3,7 km de la costa, segons ha avançat la periodista Anna Punsí. Tot i haver-se passat hores nedant a l'aigua, la noia encara va tenir força per bracejar fins a la nau i demanar socors, segons ha pogut saber l'ARA.";Successos
"Detingut a Empuriabrava un home ""altament radicalitzat"" que volia atemptar a Catalunya";https://www.ara.cat/societat/successos/detingut-empuriabrava-home-altament-radicalitzat-volia-atemptar-catalunya_1_4479438.html;05/09/2022;"BarcelonaEls Mossos d'Esquadra han detingut a Empuriabrava, a l'Alt Empordà, un home ""altament radicalitzat"" que tenia la convicció d'atemptar a Catalunya. Tot i que en cap moment hi hagi hagut risc real per a la ciutadania, segons el cos policial l’home havia adoptat una actitud agressiva, havia canviat el seu aspecte físic, es manifestava a favor d’organitzacions terroristes jihadistes i havia afirmat tenir la intenció de cometre algun tipus d'acció violenta abans de marxar a països en conflicte. El van arrestar divendres, 2 de setembre, com a presumpte autor d’un delicte d’autocapacitació i adoctrinament terrorista i és al Centre d’Internament d’Estrangers (CIE), pendent d’un procediment d’expulsió per seguretat nacional. La investigació va començar a finals de maig després que es trobés una granada de la Guerra Civil en un domicili d’Empuriabrava i s'identifiqués que l'ara detingut l'havia adquirit juntament amb altres armes blanques i una arma de foc simulada. A més, la policia va detectar que el sospitós consumia i compartia material de contingut jihadista, majoritàriament relacionat amb el martiri. Per això, la investigació ha estat coordinada per la Fiscalia de l’Audiència Nacional i tutelada pel Jutjat Central d’Instrucció número 1 de Madrid.";Successos
Dos germans menors en estat crític després de saltar d'un pis en flames a Badalona;https://www.ara.cat/societat/successos/ferits-critics-saltar-des-d-pis-s-cremant-badalona_1_4469062.html;24/08/2022;BadalonaCommoció al barri de la Salut de Badalona, després de l’incendi d’un habitatge en el qual han resultat ferits crítics dos germans, de 15 i 13 anys, que s’han llançat per la finestra per escapar-se de les flames, i un cosí, ja adult, ha patit lesions menys greus i ha pogut ser rescatat pels Bombers, que l'han tret per la façana. El foc, que s’ha produït mentre els menors i el cosí estaven sols a casa, perquè la mare estava treballant, ha cremat totalment el pis on vivien tots quatre, el 5è 3a del carrer Quevedo, 23. Els menors i el cosí han estat traslladats a diferents hospitals de la ciutat. A hores d'ara, l'incendi ja ha estat extingit, segons informen els Bombers de la Generalitat. Tot apunta que el foc ha començat poc després de les nou del matí al menjador del pis per causes que ara s’hauran d’investigar. Segons els veïns, els menors estaven a la zona de les habitacions, que és a l’altra banda de l’habitatge, i quan se n’haurien adonat, ja no han pogut obrir la porta per sortir a l'escala, que estava bombada per la calor, i han demanat auxili per les finestres. A la Mari Carmen, que viu uns pisos per sota, l’ha avisat una veïna, que estava al bar Les Palmeres, uns metres més amunt del carrer, i que quan ha vist el fum ha anat a trucar a tots els timbres del bloc. Ella ha sortit corrents i ha vist com un dels nens, amb l’esquena cremada, es tirava des de les finestres damunt d’un matalàs que han col·locat uns veïns del carrer.;Successos
Els Mossos investiguen una violació a una jove a Barcelona que hauria estat atacada en grup;https://www.ara.cat/societat/violencia-masclista/mossos-investiguen-violacio-jove-barcelona-hauria-atacada-grup_1_4458783.html;10/08/2022;BarcelonaEls Mossos d'Esquadra investiguen una presumpta violació a una jove que tornava a peu a casa aquesta matinada a Barcelona, segons han informat fonts del cos. Els fets s'haurien produït cap a tres quarts d'una de la matinada al carrer Joan d'Àustria del barri del Poblenou, al districte de Sant Martí. La víctima ha estat traslladada a un hospital per ser atesa. Segons ha avançat l'agència Efe, la noia hauria demanat ajuda després de patir l'agressió. La víctima hauria explicat que havia estat atacada per tres nois i que hauria patit una agressió sexual. La Unitat Central d'Agressions Sexuals (UCAS) dels Mossos ha assumit el cas, mentre estan a l'espera de rebre l'informe mèdic i que la víctima decideixi si denuncia els fets.;Violència masclista
Detingut per assassinar la mare a Maçanet de la Selva;https://www.ara.cat/societat/successos/detingut-assassinat-dona-macanet-selva-mare-fill-ganivetada_1_4436288.html;16/07/2022;BarcelonaEls Mossos d’Esquadra han detingut un home com a presumpte responsable de la mort de la seva mare aquest dissabte al municipi gironí de Maçanet de la Selva. La principal hipòtesi és que l'agressor, d'uns 30 anys, hauria mort la dona, de 51, d’una ganivetada al coll després de mantenir una discussió a l'habitatge familiar, ubicat al veïnat de Torre Marat, segons ha avançat elDiari de Girona. La policia ha rebut un avís a les 11.50 hores que alertava que hi havia una persona ferida per arma blanca al carrer. Familiars de la víctima haurien portat la dona ferida fins a una ambulància del SEM que té la base a la piscina del poble, i diverses dotacions policials i del SEM s’han desplaçat al lloc dels fets per intentar salvar-li la vida. Malauradament, la dona ha mort poc després.;Successos
Sis detinguts per una agressió sexual a la Barceloneta;https://www.ara.cat/societat/successos/sis-detinguts-agressio-sexual-barceloneta_1_4429152.html;09/07/2022;BarcelonaEls Mossos d'Esquadra  han detingut sis joves aquest matí per la seva presumpta participació en l'agressió sexual a una noia, la nit de dijous a divendres al barri de la Barceloneta. Segons han confirmat fonts policials a l'ARA, la víctima ha presentat denuncia aquest mateix matí. La noia va ingressar divendres a l'Hospital Clínic amb una intoxicació etílica i quan ha rebut l'alta, aquest matí, ha explicat els fets a la policia, que ha pogut localitzar i detenir els sospitosos. Els Mossos d'Esquadra han obert una investigació per aclarir el rol que hauria tingut cadascun dels arrestats en aquesta possible agressió sexual en grup. De moment els detinguts estan a l'espera de passar a disposició judicial.  Segons informaEl Periódico, quan la noia va ingressar a l'hospital va assegurar que no recordava res del que havia passat la nit abans perquè havia perdut el coneixement. Però quan va anar recuperant la memòria va relatar que havia sigut víctima d'una agressió sexual i va dir que era capaç d'identificar els implicats i que sabia on localitzar-los. Per això, un cop donada d'alta, va anar a la comissaria dels Mossos a denunciar els fets.;Successos
Mor un nen de set anys després de caure pel celobert d'un edifici a l'Eixample;https://www.ara.cat/societat/mor-nen-despres-caure-pel-celobert-d-edifici-l-eixample-barcelona_1_4423681.html;04/07/2022;BarcelonaUn nen de set anys ha mort aquest dilluns al matí a Barcelona després de caure pel celobert d'un edifici del carrer Diputació, a l'Eixample de Barcelona. Per causes que encara es desconeixen, l'infant s'ha precipitat des del segon pis de l'immoble, on s'estava amb la seva família de vacances en un apartament turístic. Els Mossos han rebut l'avís dels fets cap a dos quarts de nou del matí. Els crits de la família, que és originària d'Israel, han alertat els veïns de la zona i aviat un ampli dispositiu policial i dels serveis sanitaris s'ha desplegat a l'edifici, però ningú no ha pogut fer res per salvar la vida del petit. Fonts policials asseguren que tot apunta a una causa accidental i personal del Centre d'Urgències i Emergències Socials de Barcelona (CUESB) s'ha desplaçat a l'edifici, al número 118 del carrer Diputació, per atendre la família, que intentava comunicar-se en anglès amb la policia, segons relataven alguns veïns.;Successos
Alliberen dos homes esclavitzats com a pidolaires a Barcelona;https://www.ara.cat/societat/successos/alliberen-homes-esclavitzats-pidolaires-barcelona_1_4401851.html;13/06/2022;"BarcelonaEls obligaven a pidolar tot el dia, des que sortia el sol fins que es feia fosc, sense menjar, sota la pluja o el fred. Els portaven al maleter del cotxe i al final del dia els recollien i se’ls emportaven al campament on els tenien, els donaven alcohol, els buidaven les butxaques i els obligaven a dormir al ras, fent-se les necessitats a sobre. I l’endemà, igual, ""com si fossin només objectes que els donen un rendiment"". Els Mossos d’Esquadra i la Guàrdia Urbana de Barcelona han detingut els caps d’un clan familiar que vivia a costa d’esclavitzar dos ancians amb deficiències físiques als quals obligaven a demanar pel carrer. El clan, que també es dedicava a la recollida de ferralla, seleccionava al seu país d'origen persones grans, amb deficiències visibles, i els portaven cap a Barcelona amb la promesa d’una vida millor. Un cop aquí, però, els transformaven en alcohòlics i els tractaven com a mercaderies, fins a convertir-los en un dels trastos més que acumulaven a la barraca on vivien, seguint la màxima que ""com més pena donés aquella persona, més rendiments els reportaria"", ha explicat des de la Guàrdia Urbana Josep Forca, que ha detallat que a un dels ancians, que patia cataractes i anava coix, el portaven a pidolar disfressat de Pare Noel.";Successos
Persecució mortal: dos lladres moren al saltar d'un pont de l'AP-7 per fugir dels Mossos;https://www.ara.cat/societat/successos/persecucio-mortal-lladres-maten-saltant-d-pont-l-ap-7-fugir-dels-mossos_1_4401117.html;12/06/2022;BarcelonaUna persecució policial ha tingut un final mortal aquesta matinada a Sant Julià de Ramis, on dues persones que viatjaven en una furgoneta robada han saltat al buit des d'un pont d'uns 30 metres d'alçada, segons fonts dels Mossos d'Esquadra, i han acabat morint. Tot ha començat pels volts de les tres de la matinada quan una patrulla ha detectat un vehicle que circulava molt a poc a poc per l'àrea de servei del Gironès i, després de comprovar que la matrícula es corresponia amb la d'un vehicle robat, ha començat a controlar la furgoneta i ha demanat reforços. Quan s'han sentit seguits, els dos ocupants del vehicle han començat una fugida a gran velocitat que ha acabat al quilòmetre 52,5 de l'AP-7, en un pont de gran alçada que passa per damunt del riu Terri, on, sense visibilitat perquè era fosc, els dos fugitius han acabat saltant al buit. Els agents que els perseguien s'han trobat el vehicle buit a la banda dreta de la carretera, segons fonts policials, i els fugitius haurien saltat per l'esquerra. La caiguda d'uns 30 metres ha estat mortal i els mossos han localitzat els cossos sense vida dels dos homes, que encara no s'han pogut identificar.;Successos
Un mort a trets i tres fugitius en furgoneta detinguts al Maresme;https://www.ara.cat/societat/successos/mort-trets-tres-fugitius-furgoneta-detinguts-maresme_1_4400449.html;11/06/2022;BarcelonaUn home ha mort tirotejat aquest dissabte al matí a la urbanització de Sant Daniel de Tordera, al Maresme, i la policia ja ha detingut tres persones que fugien en una furgoneta per la seva presumpta implicació en el crim. Pels volts de les onze del matí, els Mossos d'Esquadra han rebut l'avís d'una baralla en un bloc de pisos d'aquesta urbanització, situada al nord-est de Tordera, i quan hi han arribat s'han trobat un home estès a terra amb ferides d'arma de foc que, tot i els esforços del Sistema d'Emergències Mèdiques (SEM), ha acabat morint. La policia ha muntat llavors un dispositiu de cerca que ha localitzat tres homes que fugien en una furgoneta negra per la B-40, a l'altura de Mataró. Els agents han interceptat el vehicle i els han arrestat a tots tres. Tenen 34, 35 i 48 anys i, a hores d'ara, no es descarta que hi pugui haver més persones implicades en els fets. Els Mossos han obert una investigació sobre aquesta mort i, segons ha avançat la periodista Anna Punsí i confirmen fonts policials, una de les hipòtesis és que es tracti d'un crim relacionat amb el tràfic de drogues.;Successos
Una cinquantena de detinguts en un macrodispositiu antidroga de marihuana;https://www.ara.cat/societat/successos/macrodispositiu-antidroga-policia-desplega-mes-400-agents_1_4381518.html;24/05/2022;BarcelonaEls Mossos d'Esquadra i la policia duanera de l'Agència Tributària estatal han desplegat aquest matí un macrodispositiu contra el narcotràfic de marihuana a Catalunya. Els agents han detingut una cinquantena de persones per la seva presumpta implicació en una organització criminal dedicada al cultiu i al tràfic d'aquesta droga. S'han fet 37 escorcolls en diferents municipis, sobretot de les comarques de Girona i Tarragona, com ara Lloret de Mar i la Bisbal del Penedès. El dispositiu, que ha començat a primera hora del matí i ha acabat al voltant del migdia, ha comptat amb la participació d'uns 700 efectius. S'han mobilitzat agents dels Mossos de les unitats d'antiavalots (Brimo i ARRO), de la canina i de seguretat ciutadana.;Successos
Assassinen a trets un jove de 24 anys a Salou;https://www.ara.cat/societat/maten-trets-home-zona-d-oci-salou_1_4366471.html;10/05/2022;SalouEls Mossos d'Esquadra busquen dos homes involucrats en un tiroteig que, ahir poc abans de les onze de la nit, va acabar amb la mort d'un ciutadà francès de 24 anys al carrer Saragossa de Salou (Tarragonès), un espai de vianants ple de terrasses, just davant del restaurant El Abuelo. La víctima va rebre tres trets. Enmig de l'estupor de la gent, el jove va caure desplomat i tres homes van sortir corrents. Dos cambrers d'un establiment molt pròxim van aconseguir interceptar un tercer implicat a la cantonada amb el carrer Barbastre, on el van retenir sense saber que anava armat amb una arma curta i una navalla. El van immobilitzar de bocaterrosa fins que va arribar la Policia Local i els agents el van detenir, enmig dels insults de l'individu, tal com es pot veure en un vídeo enregistrat per testimonis que corre per les xarxes socials. La divisió de recerca criminal (DIC) dels Mossos d'Esquadra s'ha fet càrrec del cas, que, segons fonts pròximes, amb tota probabilitat té un rerefons de tràfic de drogues.;Successos
Dos morts i 18 ferits en l'explosió en un edifici al barri de Salamanca de Madrid;https://www.ara.cat/societat/desapareguts-18-ferits-l-explosio-edifici-barri-salamanca-madrid_1_4362798.html;06/05/2022;"MADRIDUna explosió en un edifici al barri de Salamanca de Madrid ha provocat la mort de dues persones de 21 i 27 anys que estaven treballant en unes obres i divuit ferits, un dels quals un home de 84 anys de caràcter greu. Els serveis d'emergències han estat buscant durant la tarda dos operaris que havien quedat sepultats sota la runa i els han localitzat sense vida. Segons ha informat l'alcalde de la capital espanyola, José Luis Martínez Almeida, s'ha produït una fuita de gas i s'han dirigit al pati d'un soterrani a tancar la clau. Aleshores, ha tingut lloc l'explosió i, segons els serveis d'emergència, ha estat de tal magnitud que han mort a l'acte. L'accident ha tingut lloc al migdia i ha provocat nombrosos danys, tant sobre els vehicles estacionats al carrer com en el mobiliari urbà del carrer Ayala amb General Pardiñas, on ha tingut lloc l'explosió. Els Bombers que hi treballen han alertat des del principi que el bloc està en una ""situació molt inestable i amb risc d'ensorrament"". És per això que no poden accedir màquines a l'edifici i que l'estan controlant amb sensors de moviment. Per a la recerca de les dues víctimes mortals, els Bombers han hagut d'apartar la runa amb les mans.";Successos
Els veïns més afectats pel foc de l'Eixample trigaran mesos a tornar;https://www.ara.cat/societat/barcelona/casa-meva-destruida-veins-mes-afectats-pel-foc-l-eixample-trigaran-mesos-tornar_1_4336760.html;13/04/2022;"Barcelona""Està tot destrossat, és una gran pena"". Iliana Garcimarrero és una de les veïnes de l'edifici més afectat perl'incendi d'ahir a l'Eixamplei aquest matí, acompanyada pels Bombers, ha pogut tornar a casa a recollir quatre pertinences. ""Sobretot allò que més necessitem: la documentació, les targetes de crèdit i els ordinadors per treballar. Vam sortir sense res, fugint del foc"", detalla. També ha comprovat que alguns records d'aquells que no s'ha pogut endur s'han mantingut intactes: fotografies de les filles, els llibres que va escriure el pare... Tot el que era fusta ja no hi és. Si la mala notícia d'avui és que la rehabilitació d'aquest bloc, al número 73 del carrer València, es preveu llarga i els veïns no podran tornar-hi en mesos, la bona és que tot apunta que l'edifici no s'haurà d'enderrocar. Els Bombers, que ja han apuntalat la paret de càrrega que va quedar afectada, no hi veuen risc d'esfondrament, però demanen ""cautela"".";Successos
Investiguen la mort a ganivetades d'un taxista a Lleida;https://www.ara.cat/societat/successos/investiguen-mort-ganivetades-d-taxista-lleida_1_4333918.html;10/04/2022;BarcelonaBrutal agressió a un taxista, aquesta matinada, a Lleida. L'home ha sigut atacat a ganivetades i ha acabat morint a l'Hospital Arnau de Vilanova, on havia ingressat en estat crític. Els Mossos d'Esquadra investiguen l'homicidi i no descarten cap línia, tot i que fonts pròximes al cas han informat l'ACN que les primeres hipòtesis apunten a un intent de robatori. Segons les mateixes fonts, la víctima hauria rebut entre 10 i 12 punyalades al coll i l'esquena. L'avís del succés s'ha rebut a les 02.30 hores de la matinada d'aquest diumenge al carrer del Sifó, al barri de la Bordeta, al sud-est de la capital de Ponent.;Successos
Disfressat de dona gran per aconseguir atracar una joieria;https://www.ara.cat/societat/disfressat-dona-gran-punta-pistola-aixi-atracar-joieria-tarragona_1_4327273.html;05/04/2022;BarcelonaSabia que la seva aparença, tot i dur una mascareta que li tapava mitja cara però que ara no és motiu de sospita, generaria dubtes. Per això, per aconseguir que li obrissin la porta, no es va posar només la mascareta, sinó també una perruca, unes ulleres de sol, una crossa i un vestit, per semblar així una dona gran. Va trucar al timbre d’una joieria de Tarragona i les treballadores van caure al parany, perquè no es van adonar que anava disfressat i el van deixar passar. De seguida va deixar la crossa a terra per assegurar que no es tanqués la porta, i de la bossa de mà que remenava en va treure una pistola –simulada però que semblava real– per amenaçar les dues treballadores. Aquesta és la seqüència que van captar les càmeres de la joieria del centre de Tarragona que un home va atracar el 16 de març a les dues del migdia. Un cop a dins, el lladre ja va deixar “d’ocultar la seva identitat”, explica el cap de l’àrea central d’investigació de patrimoni dels Mossos d’Esquadra, el subinspector Jonatan Herrera. Les treballadores van poder precisar que era un home que anava disfressat i que tenia un accent gallec. Però mentre les apuntava amb la pistola, el lladre va exigir que li obrissin diversos aparadors per agafar joies i rellotges d’alta gamma i en va marxar amb un botí valorat en 231.500 euros. A fora del local, l’esperava no gaire lluny una dona amb un cotxe.;Successos
Troben morta una dona d'uns 30 anys al port de Barcelona;https://www.ara.cat/societat/successos/troben-morta-dona-d-30-anys-port-barcelona_1_4317465.html;27/03/2022;BarcelonaLa Guàrdia Civil ha localitzat aquest diumenge cap a les 10.45 h del matí el cos d'una dona morta al port de Barcelona. Segons han confirmat fonts de la Guàrdia Civil a l'ARA, es tracta d'una dona d'uns 30 anys que ha aparegut al moll de Ponent, sota del pont de la Porta d'Europa. Alertades per la troballa, diverses patrulles i l'equip d'investigació de delictes contra les persones del cos policial estatal s'han desplaçat fins al lloc dels fets i han començat a fer una primera inspecció ocular i han engegat la investigació. De moment, la dona no ha sigut identificada i, de fet, caldrà esperar a l'aixecament del cadàver i l'autòpsia per saber les causes de la mort, desconegudes per ara. La Guàrdia Civil és qui es fa càrrec de la investigació perquè el cadàver s'ha trobat al port de Barcelona, que queda fora de l'àmbit d'actuació dels Mossos d'Esquadra.;successos
Citen a declarar l'autor dels anònims a Helena Jubany;https://www.ara.cat/societat/nou-sospitos-cas-jubany-l-autor-d-anonims-rebuts-victima_1_4313800.html;24/03/2022;"BarcelonaAvança la nova línia d'investigació en el cas d'Helena Jubany, la bibliotecària que va morir a Sabadell després que algú la tirés al buit des de dalt d'un edifici a finals del 2001. El jutge ha citat a declarar X.J.M., que és l'últim sospitós que ha entrat en joc en el cas, després que la policia científica hagi conclòs que és l’autor d'una part dels anònims que va rebre la víctima abans del crim. El desembre del 2021, quan faltaven hores perquè el crim prescrivís, el jutge va atribuir a X.J.M. la condició d'investigat. La imputació l'havia demanada l'advocat de la família Jubany, Benet Salellas, que després de tornar a repassar totes les proves del cas va trobar un correu electrònic al disc dur de l'ordinador de l'ara acusat que el vinculava amb els anònims. El 10 de gener, el titular del jutjat de primera instància número 2 de Sabadell va requerir a X.J.M. que aportés documents escrits a mà per ell mateix de l'època dels fets. És a dir, de fa vint anys. Però la seva advocada va assegurar que el client havia estat ""rebuscant"" sense èxit algun document d'aquell moment. Tres dies després es va prendre una mostra d'escriptura al sospitós i es va encarregar a la Policia Nacional que comprovés si la grafia es corresponia amb la dels anònims que va rebre la víctima. La conclusió del laboratori de grafoscopia de la policia científica és que l'escriptura coincidia. Per això s'ha citat X.J.M. a declarar en qualitat d'investigat el divendres, 1 d'abril.";successos
Es diu Adelina, té 81 anys i la busquen des de fa dotze dies;https://www.ara.cat/societat/successos/desaparicio-mossos-busquen-adelina-81-anys-des-12-dies_1_4307562.html;18/03/2022;"BarcelonaLa família de l'Adelina fa dotze dies que la busca sense descans. L'últim dia que van veure aquesta veïna de Sant Just Desvern de 81 anys, el 6 de març al vespre, portava una camisa fúcsia, pantalons marrons, una jaqueta de color grana amb pell sintètica negra i sabates negres. Té els cabells blancs, els ulls foscos, una taca de sol al front, té Alzheimer i pot estar desorientada. La filla de l'Adelina va denunciar-ne la desaparició l'endemà. Des d'aleshores els Mossos d'Esquadra han desplegat un dispositiu de recerca i en les últimes hores han intensificat les batudes i la crida a la col·laboració ciutadana per localitzar-la. ""Estem desesperats, cada dia que passa ho veiem tot més negre"", admet la Merche, una de les filles, en una conversa amb l'ARA. El dia 6 de març l'Adelina va anar a dinar amb una amiga de tota la vida, que la va deixar a casa –viu amb el fill– cap a dos quarts de vuit del vespre. En aquell moment no hi havia ningú al domicili i la família calcula que al cap de mitja hora l'Adelina va tornar a sortir al carrer a veure si trobava el fill. Tres veïns la van veure i també la van captar diverses càmeres de seguretat de la zona. L'última la va enregistrar a les 20.55 hores. A partir d'aquí, se'n perd el rastre.";successos
Cau una fàbrica de bitllets falsos que va col·locar mig milió d'euros des del Tarragonès;https://www.ara.cat/societat/successos/cau-fabrica-bitllets-falsos-col-locar-mig-milio-d-euros-des-tarragones_1_4299695.html;11/03/2022;"BarcelonaUna mare i un fill van crear al Tarragonès una autèntica fàbrica de bitllets falsos que, només durant l'any passat, hauria aconseguit introduir al mercat mig milió d'euros en bitllets de 50 i 20 euros. En van adquirir un holograma d'alta qualitat i tenien tres centres d'impressió, dos a Salou i a Reus i un tercer, que havia obert un col·laborador, a Alemanya. Els Mossos d'Esquadra i la Policia Nacional els considera el grup més prolífic a l'hora d'introduir moneda falsa a l'Estat en tot l'any passat. De fet, els investigadors tenen clar que una part dels diners que van fabricar encara circulen. A principis de març, els agents van detenir els dos líders del grup i una dotzena de persones més. El jutge ha enviat el fill a la presó: és a qui van confiscar més diners. Segons els Mossos, la xarxa funcionava a través de tres grups: el principal el constituïen els falsificadors, que imprimien els bitllets falsos i els venien a través de la dark web. El segon esglaó l'integrava un altre nucli que distribuïa els bitllets falsos a través de Telegram i Instagram a terceres persones que, a canvi d'una comissió, es dedicaven a col·locar les falsificacions comprant productes a través de plataformes com ara Wallapop. El cap de la Unitat Central de Falsificació de Moneda dels Mossos, el sergent Sergi Sànchez, explica que adquirir un bitllet fals dels que fabricava la xarxa costava ""entre un 5% i un 10% del valor real del bitllet"". És a dir, un bitllet fals de 50 euros podia costar-ne fins a 5, i un de 20 euros fins a 2.";successos
Imatges de la detenció i escorcoll al domicili dels líders del grup de falsificadors;https://www.ara.cat/societat/successos/imatges-detencio-escorcoll-domicili-dels-liders-grup-falsificadors_8_4299789.html;11/03/2022;;successos
De Cornellà a Brians 2: així actuava el clan narco que es va infiltrar a la presó;https://www.ara.cat/societat/justicia/cornella-brians-2-aixi-actuava-clan-narco-infiltrar-preso_1_4283549.html;25/02/2022;BarcelonaLa xarxa de narcotràfic amb epicentre a la presó de Brians 2 desmantellada dimarts havia estès els tentacles a unes quantes localitats. Segons els Mossos d'Esquadra, actuaven al barri de Sant Ildefons de Cornellà de Llobregat, a Sant Feliu de Llobregat, a l'Hospitalet de Llobregat, a Terrassa i a Sabadell. Amb la col·laboració de tres funcionaris i un treballador del Centre d'Iniciatives per a la Reinserció (CIRE), el grup s'havia infiltrat també a la presó, on entrava marihuana, cocaïna i haixix, que després dotze interns revenien a la resta de reclusos. Els investigadors han pogut acreditar que alguns dels treballadors públics obtenien un sobresou traficant amb drogues fora de la presó, mentre que els altres ajudaven la xarxa a vendre les substàncies a l'interior del centre penitenciari, aprofitant els tallers de formació i reinserció laboral que s'hi fan. Una funcionària i el treballador del CIRE que col·laboraven amb la trama han estat suspesos de sou i feina, segons fonts pròximes al cas consultades per l'ARA. Els altres dos funcionaris implicats ja estaven de baixa i tampoc es reincorporaran de moment al lloc de treball, mentre la direcció de Presons estudia si se'ls aplica alguna sanció més.;successos
Deu detinguts per una trama de narcotràfic a la presó de Brians 2 amb funcionaris implicats;https://www.ara.cat/societat/successos/mossos-detenen-deu-persones-trama-trafic-drogues-preso-brians-2_1_4280290.html;22/02/2022;BarcelonaEls Mossos d'Esquadra investiguen una trama de tràfic de drogues amb epicentre a la presó de Brians 2. Segons fonts policials consultades per l'ARA, els agents de la Divisió d'Investigació Criminal segueixen la pista d'una organització criminal dedicada al narcotràfic amb la connivència de diversos funcionaris i interns del centre penitenciari. En total els agents han detingut aquest dimarts 10 persones, entre les quals hi ha quatre funcionaris del centre penitenciari, segons ha avançat la periodista Anna Punsí. Segons les fonts consultades per aquesta redacció, en el marc de l'operatiu, treballadors de la presó han escorcollat tretze cel·les de la presó on hi conviuen diversos interns presumptament implicats en la trama, que han estat traslladats al departament especial del centre. Hi buscaven drogues i telèfons mòbils que provessin la seva participació en l'organització criminal. La investigació –que un jutge de Martorell manté sota secret de sumari– també afectaria quatre funcionaris, que han quedat detinguts. Agents dels Mossos d'Esquadra han escorcollat els seus domicilis a la recerca d'altres proves pel cas.;successos
Bombers continuen remullant zones que fumegen com l'espai entre el cap Blanc i la cala Rostella de Roses, on es veu q surt fum;https://www.ara.cat/societat/successos/bombers-continuen-remullant-zones-fumegen-l-espai-cap-blanc-cala-rostella-roses-veu-q-surt-fum_8_4280141.html;22/02/2022;;successos
Les famílies dels pescadors desapareguts reclamen responsabilitats després que se suspengui la recerca;https://www.ara.cat/societat/successos/families-dels-pescadors-desapareguts-reclamen-responsabilitats-despres-suspengui-recerca_1_4274492.html;17/02/2022;"BarcelonaLes poques esperances de trobar algú amb vida i les males condicions meteorològiques han fet que les autoritats canadenques hagin posat fi a les tasques de recerca i rescat dels dotze tripulants desapareguts després de l'enfonsament d'un pesquer gallec a 450 quilòmetres de Terranova (Canadà) dimarts al matí. Tres mariners van sobreviure al naufragi i s'han recuperat nou cossos, tot i que inicialment, per error, es va dir que eren deu. Aquest dijous el ministre de Pesca, Agricultura i Alimentació, Luis Planas, té previst viatjar a Galícia per donar suport a les famílies dels pescadors, que havien demanat continuar amb la recerca i ara esperen que es depurin responsabilitats, ""no per venjança, sinó perquè una cosa així no torni a passar"", deia Kevin, el fill d'un dels pescadors gallecs desapareguts, de 53 anys.";successos
Un noi de 15 anys mata a trets els pares i el germà petit a Elx;https://www.ara.cat/societat/successos/noi-15-anys-mata-trets-pares-germa-petit-elx_1_4269645.html;12/02/2022;BarcelonaUn adolescent de 15 anys ha quedat detingut a Elx, al País Valencià, per l’assassinat dels pares i el germà de 10 anys. La principal hipòtesi és que el noi va cometre el triple crim a trets després d’una discussió amb la seva mare per les males notes. La família vivia en un xalet d’uns terrenys agraris d’Algoda, al municipi d’Elx, on tot apunta que dimarts, arran d’aquesta disputa, va atacar la família amb l'escopeta de caça del seu pare. El menor, segons fonts policials citades per Efe, va confessar els crims aquest divendres a una veïna que li va preguntar pels pares perquè feia uns dies que no els veia. Després que la dona donés l’alerta, agents de la Policia Nacional i la Guàrdia Civil van desplaçar-se al xalet, on van trobar els cossos dels pares i el germà en un cobert que la família utilitzava per guardar les eines agràries. El noi els hauria portat allà quan ja els havia matat. La baralla amb la seva mare hauria començat quan la dona va decidir deixar-lo sense wifi per les males notes que havia tret i perquè s’havia negat a ajudar la família en les tasques agrícoles. Aleshores el menor hauria agafat l’escopeta i hauria disparat primer a la mare i després al germà. El noi va esperar que arribés a casa el pare, a qui també va disparar i matar amb la mateixa arma, que han confiscat els agents responsables del cas. Més tard va portar els cossos al cobert que la família fa servir per guardar les eines.;successos
La Policia Nacional desarticula un grup neonazi que promovia la violència contra col·lectius vulnerables;https://www.ara.cat/societat/successos/policia-desarticula-grup-neonazi-promovia-violencia-col-lectius-vulnerables_1_4253856.html;29/01/2022;BarcelonaLa Policia Nacional ha desarticulat un grup neonazi d'ideologia supremacista que a través de les xarxes socials incitava a utilitzar la violència extrema contra col·lectius vulnerables. En total els agents han detingut set persones a tot l'Estat, quatre a la demarcació de Barcelona i la resta a Madrid, València i Alacant. A un dels arrestats el consideren l'autor de l'atac a un centre LGTBIQ+ a Alcoi l'octubre de l'any passat. Els agents van començar a seguir la pista del grup a principis del 2020, arran d'una denúncia anònima al portal de col·laboració ciutadana de la Policia Nacional alertant sobre la creació d'un fòrum a internet amb ideologia d'ultradreta radical i violenta. Els agents van comprovar que les persones que en formaven part es dedicaven a difondre missatges d'odi contra col·lectius vulnerables o que eren d'una ideologia antagònica a la seva.;successos
El pistoler abatut a Tarragona tenia cinc armes curtes i un fusell semiautomàtic;https://www.ara.cat/societat/successos/pistoler-abatut-tarragona-tenia-cinc-armes-curtes-fusell-semiautomatic_1_4212946.html;15/12/2021;AlcoverEl pistoler abatut aquest dimarts pels Mossos d'Esquadra, E.M.S., després d'haver malferit a trets tres excompanys seus de feina i un mosso a Tarragona, freqüentava sovint un club de tir i tenia en el seu poder diverses armes, cinc de curtes i un fusell semiautomàtic. En l'escorcoll que han fet els Mossos a casa seva, a Alcover (Alt Camp), hi han trobat un armer per guardar-hi les pistoles i una caixa forta. L'home, que era extreballador a Securitas Seguridad, era soci des de feia 15 anys del club de tir olímpic Jordi Tarragó, del barri tarragoní de Sant Salvador: segons ha explicat el seu president, Xavier Fau, el pistoler va fer-se'n soci per fer tir de precisió, però després va dedicar-se més al tir de recorregut, és a dir, tir a blancs mòbils, una pràctica més dinàmica en què els blancs sempre són figures geomètriques i al tirador l'acompanya un àrbitre, però que, per qüestions administratives, el club tarragoní havia suspès aquest any. E.M.S. va optar aleshores per anar a altres galeries de tir a Sabadell i a Lleida, tot i que va seguir freqüentant el centre tarragoní per practicar tir de precisió.;successos
Valentín i Óscar: dues execucions en 12 dies que continuen obertes;https://www.ara.cat/societat/successos/assassinat-sant-adria-besos-cerdanyola-valles-valentin-moreno-oscar_1_4209338.html;12/12/2021;BarcelonaUnes flors i unes espelmes al costat de la vorera. Els habituals del carrer saben perfectament per què hi són. És el punt on van matar un veí del barri fa pocs dies. Va ser una execució: li van disparar per l’esquena amb una arma de foc. L’escena és poc habitual a Catalunya però s’ha repetit en 12 dies de diferència en dos municipis diferents. El primer crim va ser el 18 de novembre al vespre a Sant Adrià de Besòs i el segon el 30 de novembre al matí a Cerdanyola del Vallès. Els Mossos d’Esquadra han obert una investigació per a cada cas i de moment continuen obertes. No consta que s’hagi fet cap detenció ni tampoc que els dos assassinats tinguin relació. Valentín Moreno estava a punt d’arribar al bar de Sant Adrià on se’l podia trobar sovint. Allà l’esperaven la seva dona i les seves filles. Ho explica un home que es presenta com un amic seu –prefereix no identificar-se amb el nom–. Quan Moreno recorria a peu el carrer que el portava al bar i li faltaven pocs metres per arribar-hi, en una zona també pròxima al seu domicili, va rebre dos trets, un dels quals al cap. Algú el va apuntar per darrere i el va matar. Tot i que va ingressar el 18 de novembre amb vida a l’Hospital Germans Trias i Pujol (Can Ruti) de Badalona, l’endemà va morir. Moreno tenia 39 anys i havia complert vuit anys d’internament en un centre de menors per un crim del 2000, que el va donar a conèixer amb el sobrenom de l’Assassí de la Vila Olímpica. La nit d’aquell crim ell feia 18 anys però encara se li va aplicar la jurisdicció de menors.;successos
Reestablerta la circulació de la línia de FGC entre Les Fonts i Terrassa, on va caure un mur;https://www.ara.cat/societat/fgc-recuperara-circulacio-normal-linia-terrassa-mur-caigut-esllavissada_1_4204396.html;06/12/2021;Un mur de formigó va cedir i més de 1.500 metres cúbics de terra van caure sobre les vies de FGC aquest divendres a Terrassa, afortunadament sense causar cap ferit. La línia S1, que uneix Barcelona i la cocapital del Vallès Occidental, ha funcionat des d'aleshores i fins aquest dilluns amb un tram tallat mentre es retirava el material i s'assegurava la zona. La circulació ja està normalitzada des d'aquest dilluns al migdia i els trens funcionen amb l’horari habitual de dia festiu, segons ha confirmat la companyia. Durant tres dies, el trajecte entre les estacions de Les Fonts i Terrassa Rambla s'ha hagut de fer per carretera per culpa de l'accident. El talús que ha quedat al descobert fruit de la caiguda del mur s'ha estabilitzat i assegurat amb una malla, segons ha concretat FGC en un comunicat, en què ha dit que també s'han revisat els murs adjacents a la zona, just abans del túnel d'entrada a Terrassa. Els treballs fets garanteixen seguretat per al pas normalitzat dels trens en tots dos sentits, subratlla la companyia, tot i que la solució definitiva consistirà en la construcció d'un nou mur de 20 metres de llarg i 8 d'alt, així com reforçar els adjacents. Aquests treballs tindran una durada mínima de sis setmanes.;successos
Aldarulls a la discoteca Waka per les acusacions de racisme;https://www.ara.cat/societat/aldarulls-portes-discoteca-waka-sant-quirze-despres-ultimes-polemiques-racistes_1_4204279.html;05/12/2021;Els greus aldarulls a les portes de la discoteca Waka a Sant Quirze del Vallès aquest dissabte a la nit i matinada tornen al focus de la polèmica un local assenyalat recentment per diversos incidents racistes que implicaven treballadors de seguretat dels accessos. La convocatòria per les xarxes d’un miler de joves cridats a protestar per aquests episodis de discriminació va derivar en un llançament d’objectes contra el local –van volar pedres, bengales, ampolles i alguna tanca– i l’entrada al pati de la discoteca d’una trentena de persones. El balanç va ser de tres persones ferides: un porter de la discoteca que va rebre una pedrada a l’ull i dos agents dels mossos, segons ha informat la policia catalana, que ha obert una investigació per identificar els participants. Al tancament d’aquesta edició no s’havia fet cap detenció. El departament d’Interior també ha obert un expedient informatiu per investigar no només aquests fets, sinó també els episodis polèmics recents en què s’ha vist implicada la discoteca. L’últim va ser la pallissa que va denunciar per les xarxes un jove colombià a finals d’octubre per part dels controladors d’accessos del local. L’expedient d’Interior es vehicularà a través de la direcció general d’Administració de Seguretat i mentre estigui en marxa, el Waka Sabadell funcionarà normalment. A més, la conselleria que lidera Joan Ignasi Elena convocarà els pròxims dies una junta de seguretat local a Sant Quirze del Vallès en la qual participaran els Mossos, la Policia Local de la ciutat així com el mateix Ajuntament.;successos
Presó per a un agressor sexual que assaltava dones i fugia en patinet;https://www.ara.cat/societat/abusos/preso-agressor-sexual-assaltava-dones-fugia-patinet_1_4203472.html;04/12/2021;BarcelonaS'abraonava sobre de les víctimes al carrer a la nit per fer-los tocaments, no dubtava en fer ús de la violència (a una dona fins i tot va agredir-la a cops de puny) i després fugia en patinet o bicicleta. Aquest era el modus operandi d'un home detingut a Barcelona com a presumpte autor d'almenys una agressió sexual i quatre abusos sexuals comesos entre el gener i el novembre d'aquest any. L'home, de 25 anys, va passar aquest divendres a disposició judicial i el jutge n'ha decretat l'ingrés a presó. La primera denúncia va tenir lloc el mes de gener passat, quan un home va agredir sexualment una dona mentre accedia al portal de casa seva. Els fets van succeir en plena època de restriccions de lliure mobilitat per la pandèmia, segons ha explicat l'ACN. A partir de la denúncia d’aquesta agressió, els Mossos d'Esquadra van obrir una investigació per identificar, localitzar i detenir el presumpte autor dels fets.;successos
Destapen una trama de narcotràfic i corrupció policial amb almenys quatre mossos implicats;https://www.ara.cat/societat/successos/destapen-trama-narcotrafic-corrupcio-policial-almenys-quatre-mossos-implicats_1_4202794.html;03/12/2021;BarcelonaEn els últims anys Catalunya s'ha convertit en el primer productor de marihuana d'Europa amb un creixement exponencial de l'activitat delictiva entorn d'aquest nou mercat de droga. Les organitzacions criminals hi han vist una oportunitat de negoci i cada cop l'aprofiten més. Les intervencions de plantacions per part dels Mossos d'Esquadra son diàries i les detencions de criminals s'han duplicat en els últims dos anys. Les últimes s'han produït en el marc d'una investigació d'un jutge de Reus d'una trama de narcotràfic i corrupció policial, en la qual almenys hi hauria quatre mossos implicats. Tres dels agents van ser arrestats dimarts passat i han quedat en llibertat amb càrrecs. El quart és un caporal en excedència, detingut en les últimes hores. El jutge havia ordenat el seu ingrés a presó sota fiança de 30.000 euros que ha pagat i per tant no ha ingressat entre reixes. Els Mossos, juntament amb la Policia Nacional, també han arrestat dos empresaris i un treballador més vinculats a la trama. De moment la investigació -que encara continua oberta i en part, sota secret de sumari- ha revelat dues primeres potes de l'entramat: una la formarien els tres mossos en actiu, que s'haurien quedat diners intervinguts en un operatiu policial en el que ells mateixos havien participat i que haurien d'haver lliurat al jutge. Segons els investigadors, un d'aquests policies, a més, es dedicava a extreure informació de les bases de dades policials i sobre futures operacions policials contra el narcotràfic i les facilitava a delinqüents. Això, asseguren els Mossos, hauria perjudicat diverses de les operacions que tenien en actiu contra el narcotràfic a Catalunya.;successos
Un vídeo amb els escorcolls dels Mossos i la Policia Nacional a una de les empreses vinculades a la trama de narcotràfic i corrupció policial;https://www.ara.cat/societat/successos/video-escorcolls-dels-mossos-policia-nacional-empreses-vinculades-trama-narcotrafic-corrupcio-policial_8_4202992.html;03/12/2021;;successos
Detinguda per matar la seva parella a Manresa;https://www.ara.cat/societat/detinguda-matar-seva-parella-manresa_1_4196725.html;28/11/2021;BarcelonaUna dona ha apunyalat mortalment la seva parella aquesta matinada a Manresa i ha quedat detinguda després que ella mateixa contactés a primera hora del matí amb els serveis d'emergència per avisar de la mort del seu company sentimental, amb qui hauria mantingut una forta discussió. La víctima és un home de 48 anys a qui la policia ha trobat mort, amb una ferida d'arma blanca al pit, a l'interior del pis on vivia la parella, al barri de les Escodines de la capital del Bages. A banda d'efectius dels Mossos d'Esquadra i de la policia local de Maresa, també s'han desplaçat fins al pis de la parella unitats del Sistema d'Emergències Mèdiques, que no han pogut fer més que confirmar la mort de l'home.;successos
Almenys 52 morts en un accident en una mina de carbó a Sibèria;https://www.ara.cat/internacional/almenys-11-morts-49-ferits-accident-mina-carbo-siberia_1_4193855.html;25/11/2021;"BarcelonaAlmenys 52 persones han mort en un accident en una mina de carbó a Sibèria aquest dijous, que també ha deixat desenes ferits per inhalació de fum. Entre les víctimes hi ha 46 miners i sis membres d'un equip de rescat que ha quedat atrapat sota terra, segons les últimes informacions. Les autoritats alerten que el balanç de morts pot augmentar. És el tràgic resultat d'un incendi produït per una explosió al sistema de ventilació de la mina Listvyazhnayaque ha provocat una densa fumera a 250 metres de profunditat, segons han informat fonts de l'administració de la instal·lació citades per l'agència russa Interfax. El president rus, Vladímir Putin, que ho ha qualificat de ""gran desgràcia"", s'ha mostrat esperançat de poder salvar ""el màxim de persones"" atrapades, tot i que les tasques de cerca i rescat s'han hagut de suspendre, de moment, pel perill d'una explosió degut a la concentració de metà i diòxid de carboni. ""La probabilitat d'una explosió és molt alta. Hem decidit suspendre l'operació fins que la concentració de gas es redueixi"", ha dit el governador regional, Sergei Tsivilev.";successos
Imatges de la detenció dels 14 membres dels Boixos Nois en un vídeo cedit per la Policia Nacional;https://www.ara.cat/societat/successos/imatges-detencio-dels-14-membres-dels-boixos-nois-video-cedit-policia-nacional_8_4193398.html;25/11/2021;;successos
Un accident mortal posa el focus sobre la seguretat laboral a la central nuclear d'Ascó;https://www.ara.cat/societat/accident-mortal-posa-focus-seguretat-laboral-central-nuclear-d-asco_1_4193345.html;25/11/2021;BarcelonaAccident mortal a la central nuclear d'Ascó, on ahir al vespre va morir un dels bombers de la planta per una descàrrega inesperada de CO₂ –s'utilitza contra els focs perquè extingeix l'oxigen– durant la recàrrega d'un sistema contra incendis. La víctima s'hauria desplaçat fins al lloc de l'accident per ajudar els companys de la brigada que feien tasques de manteniment. L'accident va deixar tres persones més ferides de poca gravetat per la inhalació de diòxid de carboni. La Guàrdia Civil ja ha obert una investigació sobre els fets, que van passar fora de la zona radiològica i mentre la unitat 1 de la central, que és on hi va haver l'accident, està aturada pels treballs de la 28a recàrrega de combustible. El telèfon 112 va rebre un avís ahir quan faltaven pocs minuts per a les set del vespre que hi havia un incident que comprometia la seguretat de treballadors de la planta, com confirmen des dels Bombers. El cos hi va desplaçar set dotacions i el Sistema d'Emergències Mèdiques (SEM) en va mobilitzar quatre més per atendre els ferits. Els cossos d'emergència van comprovar que no hi havia més persones a la zona i van traslladar els ferits a l'Hospital de Móra d'Ebre. La víctima mortal és un home de 46 anys i l'incident es tracta com un accident laboral.;ciberseguretat
El policia narco de Llinars liderava una xarxa de franquícies de marihuana;https://www.ara.cat/societat/successos/franquicies-marihuana-caporal-titan-llinars-naus-1-500-euros-mes-confident_1_4180774.html;12/11/2021;BarcelonaQuan el desembre del 2019 van disparar a un home mentre parlava amb un policia local de Llinars del Vallès es va dir que podia ser un confident. I efectivament ho era, i també treballava pels Mossos d’Esquadra. “Facilitava informació”, diu el cap de la divisió d’investigació criminal de la policia catalana a la regió metropolitana nord, l’inspector Josep Antoni López Garzón. La investigació del tiroteig, en què el confident va morir, encara no s’ha resolt i López Garzón no en vol donar més detalls, però el crim va destapar una trama de narcotràfic de marihuana que liderava el policia amb qui parlava l’home: el caporal conegut a Llinars amb el sobrenom de Titán, que va quedar detingut fa tres setmanes. Després de l’homicidi, els Mossos van començar a sospitar que alguns agents de la policia local podien estar implicats amb un grup que cultivava plantacions de marihuana, però no s’esperaven que l’organització la dirigís el mateix caporal. Se’n van adonar a mesura que avançaven amb la investigació i van veure que els agents no donaven “seguretat” a les plantacions sinó que gestionaven unes franquícies de marihuana. Titán “manegava” la trama i decidia qui hi treballava. Segons López Garzón, el caporal llogava les franquícies als cultivadors amb “més rendiment” per una tarifa plana d’entre 1.000 i 1.500 euros al mes per cada nau industrial o a canvi d’un percentatge dels beneficis.;successos
Un vídeo dels Mossos d'Esquadra mostra com les càmeres de seguretat dels establiments van enxampar els lladres;https://www.ara.cat/societat/successos/video-mossos-esquadra-mostra-cameres-seguretat-dels-establiments-enxampar-lladres_8_4176119.html;09/11/2021;;successos
El Govern Balear posa seguretat privada a les escoles d’un barri de Palma;https://www.ara.cat/societat/govern-balear-posa-seguretat-privada-escoles-d-barri-palma_1_4173479.html;06/11/2021;PalmaDel barri de Son Gotleu, situat a Palma, Mallorca, només se’n parla quan salten les alarmes: quan al carrer hi ha un conflicte, hi intervé la policia o s’hi fa una batuda. La gent que hi viu i els professionals que hi treballen estan farts de l’estigma amb què, des de fora, sempre els miren. Però episodis com el de la setmana passada tornen a posar el focus en la barriada i n’empitjoren la imatge. El fet va passar davant de l’escola pública Gabriel Vallseca, on dos grups de persones es van barallar i la directora del centre, que els intentava aturar, va acabar agredida. La Policia Nacional encara n’investiga els motius. Lluny dels reclams i les queixes, la directora de l’escola, Asun Gallardo, va assegurar que es tractava “d’un fet aïllat que no representa ni el barri ni l’alumnat”, i va reclamar asseure’s amb l’administració per assegurar que res similar no torni a passar. La reacció immediata de la conselleria d’Educació balear va ser posar seguretat privada davant dels tres centres d’infantil i primària del barri. Finalment, n’hi ha dos que l’han acceptada. Amb tot, no creuen que sigui la solució a llarg termini. La directora del CEIP Es Pont, que està situat a la zona, Maria Antònia Crespí, explica que les seves necessitats van molt més enllà: “Necessitem que la gent amb poder de decisió i de gestió de recursos vulguin, de veritat, fer alguna cosa per garantir els drets més bàsics dels infants”, exposa. Crespí assegura que, a les aules, s’esforcen perquè els nens mirin el seu entorn “des d’un punt de vista constructiu”. Però un fet com aquesta baralla els fa fer passes enrere i tornar a construir. “La societat posa una imatge negativa a uns infants que lluiten contra aquesta etiqueta tota l’estona”, diu la directora.;ciberseguretat
Les denúncies per violacions creixen un 10% en dos anys;https://www.ara.cat/societat/detenen-home-lleida-violar-ferir-dona_1_4172154.html;05/11/2021;BarcelonaCada cop es denuncien més agressions sexuals, i més greus. Segons les últimes dades del ministeri d'Interior –el balanç policial més recent–, entre els mesos de gener i setembre s'han denunciat 462 violacions a Catalunya, un 44% més que les que van investigar els cossos policials l'any passat. El 2020 es van produir menys delictes en tots els àmbits, a causa de la pandèmia. Però fins i tot si la comparativa es fa amb l'any anterior, el 2019, el creixement és del 10%. L'estadística policial es tradueix en una altra mitjana: cada dia es denuncien dues violacions. I això que els registres del ministeri només inclouen les agressions sexuals amb penetració però no altres tipus d'atacs sexuals o els casos que encara ara estan tipificats al Codi Penal com a abusos, perquè considera que no es produeixen amb violència i intimidació. L'acarnissament en la violació d'una menor de 16 anys a Igualada, a qui es va trobar malferida i inconscient en un descampat del polígon industrial Les Comes d'Igualada dilluns a la matinada, és un dels exemples més recents, però no l'únic. La Guàrdia Urbana de Lleida va detenir dimecres a la matinada un home de 45 anys acusat d'haver agredit sexualment i haver causat lesions a una dona. La víctima va acudir a la comissaria de la policia local buscant ajuda després d'haver aconseguit alliberar-se del seu agressor. Allà va fer una descripció de l'home que va permetre als agents localitzar-lo i detenir-lo, tal com ha avançat al diari Segre i han confirmat a l'ARA fonts policials. Les mateixes fonts han precisat que la víctima es dedicava puntualment a la prostitució i que el detingut era un client que l'hauria forçat i agredit. Aquest divendres l'arrestat ha passat a disposició del jutge del cas, que ha decretat el seu ingrés provisional a la presó, sense fiança. La causa investiga un delicte d'agressió sexual.;violència masclista
El pàrquing dels horrors;https://www.ara.cat/societat/parquing-dels-horrors_1_4161196.html;02/11/2021;BarcelonaDos homes cridaven i corrien cap a ella. Un ja el tenia pràcticament a sobre i l’altre estava més lluny perquè havia anat a buscar un bat de beisbol. La Sònia (nom fictici) estava molt nerviosa. Va validar el tiquet de l’aparcament que tenia preparat i la tanca es va començar a obrir. Però no va anar prou de pressa: el primer dels nois va arribar abans que la tanca s’aixequés del tot i es va situar davant del vehicle per impedir-li el pas. Ella, però, va mantenir el pla previst i va pitjar el gas. Va envestir el primer dels atacants, que va volar per sobre del cotxe. El seu acompanyant, que circulava darrere d’ella amb un altre vehicle, tampoc no va dubtar i va accelerar en una perillosa maniobra per sortir de l’aparcament. Quan per fi van ser fora del pàrquing del centre comercial van aparcar els dos cotxes i van trucar els Mossos. Mentrestant, els treballadors s’afanyaven a avisar la Guàrdia Urbana per denunciar l’atropellament. Aquella reacció li va costar a la Sònia que els Mossos la retinguessin a les Corts i alguns diaris digitals van reproduir la notícia: “Deu 4.000 euros i es fuga atropellant el vigilant a Barcelona”. El judici per l’atropellament encara no s’ha celebrat, com tampoc s’ha resolt la denúncia per coaccions i amenaces que ella va interposar. Aquest episodi digne d’una pel·lícula d’acció va passar fa deu mesos i semblava un fet aïllat provocat per un deute puntual, però en realitat amagava una situació dantesca que fins ara havia quedat silenciada: l’empresari que gestiona el pàrquing del Centre Comercial La Vila, a la Vila Olímpica, ho fa sense permís de la propietat i acumula denúncies de diferents clients a qui no els deixa treure els vehicles si no paguen sumes desorbitades. A l'aparcament hi han quedat atrapats alguns cotxes de compravenda, motos de lloguer per a turistes i, per si encara faltés color en aquesta història, 350 cotxes d’alta gamma entre els quals es poden comptar desenes de Ferraris.;successos
Detingut el jove que presumptament ha assassinat la seva mare a Ripoll;https://www.ara.cat/societat/busquen-jove-mare-ripoll-assassinat-recerca-mossos-zona-boscosa_1_4167838.html;02/11/2021;BarcelonaEls Mossos d’Esquadra han detingut aquest dilluns el jove de Ripoll que presumptament hauria assassinat diumenge la seva mare. Feia 32 hores que no se sabia on era i, finalment, ha estat localitzat en una zona boscosa pròxima al municipi de Les Llosses gràcies a la col·laboració ciutadana. Segons fonts properes a la investigació, en el moment de la detenció el jove de 19 anys anava armat amb un ganivet i estava agressiu. La investigació apunta que el crim va produir-se després d'una discussió, quan la dona va arribar a casa, on hi havia el seu fill. Segons fonts policials, no era el primer cop que es vivia un episodi violent entre la víctima i el sospitós. Fa dos anys, quan encara era menor d'edat, l'agressor ja havia amenaçat la seva mare amb una ballesta, informa l'ACN. El detingut s'ha acollit al seu dret a no declarar davant dels Mossos i passarà dimecres a disposició judicial. L'operatiu per localitzar el jove va començar el mateix diumenge després que uns agents de seguretat ciutadana dels Mossos fossin requerits pels volts de les nou del matí per dirigir-se a un habitatge de l’avinguda del Ripollès, a tocar de l’autovia C-17. Hi van localitzar una dona ferida per arma blanca dins el pis on suposadament vivia amb el seu fill. Els serveis sanitaris -tres ambulàncies i un helicòpter del Sistema d’Emergències Mèdiques (SEM)- no van poder salvar la vida de la dona, de 46 anys, que va acabar morint a causa de la ferida, de caràcter greu. L'anàlisi de l'escena del crim i l'autòpsia apunten que el presumpte parricida de Ripoll va atacar la mare amb dos ganivets diferents. Segons ha avançat l'ACN, la primera arma que va fer servir va ser una navalla automàtica que va trencar-se i va quedar allotjada a l'esquena de la dona. Malferida, la víctima hauria sortit del domicili per demanar ajuda i el sospitós l'hauria rematat amb un ganivet, agredint-la al cap i al coll.;successos
Torna a la presó el detingut per matar un nen a la Rioja quan estava en llibertat condicional;https://www.ara.cat/societat/torna-preso-detingut-matar-nen-rioja-llibertat-condicional-lardero_1_4167712.html;31/10/2021;BarcelonaEl municipi de Lardero, a la Rioja, de poc més de 10.000 habitants, fa quatre dies que està commocionat pel crim que hi va passar dijous al vespre. Un home de 54 anys va quedar detingut per matar un nen de 9 anys, després de segrestar-lo en un parc, mentre estava en llibertat condicional -complia una condemna que acabava el 2023 per l’assassinat i la violació d'una noia-. La Guàrdia Civil ha posat l’home a disposició judicial aquest diumenge i el jutjat d’instrucció ha decidit el seu reingrés a presó. La jutge ha decretat presó provisional sense fiança després que hagi rebutjat respondre cap pregunta. Aquest assassinat ha reobert el debat de la reinserció, i la família del menor pensa que el crim s’hauria pogut evitar. Ho ha dit Gonzalo Martín, un oncle del nen, en un acte d’homenatge multitudinari que s’ha fet aquest migdia al parc on va desaparèixer el menor dijous. Martín ha assegurat que en els 19 mesos que han passat des que el detingut havia sortit de la presó -gaudia de llibertat condicional des de l’abril del 2020- “la justícia hi podria haver fet alguna cosa”. El portaveu de la família ha retret que l’home no estigués tancat i que per “bon comportament” hagués tingut 39 permisos penitenciaris al llarg de la condemna.;successos
Maten al seu pis un home que regentava un bar de copes del Gaixample;https://www.ara.cat/societat/maten-home-local-oci-nocturn-eixample-pis_1_4165907.html;29/10/2021;BarcelonaLa majoria dels veïns del número 66 del carrer Comte d’Urgell de Barcelona, a tocar de la Gran Via, desconeixien aquest divendres al migdia l’escena que s’havia viscut unes hores abans al seu bloc. Però en un pis de l’edifici hi ha dos precintes dels Mossos d’Esquadra a la porta, i encara s’hi veu també una resta de sang marcada amb un número –la policia científica l’ha recollit com a indici–. De matinada s’ha produït un crim dins d'aquest domicili: han matat, tot apunta que amb una arma blanca, un dels homes que hi vivia, de 65 anys i nacionalitat espanyola. La víctima regentava amb la seva parella el bar de copes People Lounge a pocs metres del pis, al Gaixample, la zona de la ciutat coneguda així perquè concentra establiments gay-friendly. Els Mossos han detingut un home de 44 anys i nacionalitat colombiana per aquest assassinat.;successos
Resolt el crim de la perruqueria de Sarrià després d’un nou assassinat;https://www.ara.cat/societat/resolt-crim-perruqueria-sarria-assassinat-tarragona-autor-suicidat-pistola_1_4165677.html;29/10/2021;BarcelonaJa fa més de dos anys, el juliol del 2019, que un jove encaputxat va entrar un dissabte al vespre en una perruqueria del barri de Sarrià de Barcelona amb una arma de foc, va començar a disparar trets i va matar un home de 47 anys, marit de la propietària del local, que també va presenciar el crim. El marit havia anat a buscar la dona a l’hora de tancar l’establiment, que no estava obert al públic. Els Mossos d’Esquadra van obrir una investigació per identificar l’autor del tiroteig mortal, però no havia donat resultat fins fa poc, segons ha avançat La Vanguardia. La policia ha resolt l’assassinat de la perruqueria quan l’ha pogut vincular amb un nou crim i ha certificat que l’autor dels dos casos és el mateix. El segon assassinat va passar durant la matinada de l’11 de setembre d’aquest any, quan els Mossos van rebre un avís perquè s’havien sentit trets en un pis del centre de Tarragona. Els agents van trobar dins del domicili un home que havien matat amb una arma de foc. Aleshores van muntar un dispositiu per localitzar l’autor del crim i enmig d’aquesta recerca, en un carrer pròxim, van veure un jove que encaixava amb la descripció que havien donat alguns testimonis. Els Mossos el tenien acorralat al carrer i el noi es va suïcidar: es va disparar amb l’arma amb la qual se sospitava que acabava de cometre l’assassinat.;successos
A presó tres dels quatre policies de Llinars detinguts en l'operació de dimarts contra el narcotràfic;https://www.ara.cat/societat/corrupcio-policial-llinars-detinguts-preso-jutjat-granollers_1_4164757.html;29/10/2021;BarcelonaTres dels quatre agents de la Policia Local de Llinars de Vallès detinguts dimarts en una operació contra el tràfic de marihuana han entrat a la presó. El jutjat d'instrucció número 4 de Granollers ha decretat presó provisional i sense fiança per a ells, un dels quals és el caporal conegut al municipi amb el sobrenom de Titán. En la mateixa operació contra la trama de corrupció policial, els Mossos d'Esquadra van fer 11 detencions més de membres de la banda dedicada al cultiu de marihuana amb qui els agents de Llinars feien negocis. La jutge també ha decretat l'ingrés a presó per a sis dels presumptes narcotraficants.;successos
Titán, el caporal de la policia de Llinars vinculat al narcotràfic;https://www.ara.cat/societat/titan-detinguts-quatre-policies-locals-llinars-valles-narcotrafic_1_4161717.html;26/10/2021;"Llinars del VallèsEls veïns de Llinars del Vallès coneixen amb el sobrenom de Titán un dels quatre agents de la Policia Local del municipi detinguts aquest dimarts en una operació contra el narcotràfic de marihuana. Els Mossos d’Esquadra els han arrestat aquest matí per la seva vinculació amb un grup dedicat al cultiu d’aquesta droga i per blanqueig de diners. Però la detenció de Titán, caporal de la Policia Local, no ha estranyat gaire els veïns, que feia temps que el tenien fitxat. ""Sorpresa, cap. Ho sabia tot el poble. Estàvem esperant que caigués en un moment o altre, perquè estava ficat en moltes històries"", assegura l'Anna. Un altre grup de veïnes, que prefereixen no identificar-se, el defineixen com un home que ""xulejava quan patrullava, amb fisonomia de gimnàs"", i el qual ""no és el primer cop que relacionen amb algun camell"". Fins ara el balanç oficial d’aquesta operació, que ha avançat a primera hora El Periódico, no inclou més detencions, però no es descarta que, a part dels quatre agents, hi hagi més arrestats per la implicació en aquesta trama del tràfic de marihuana, sobretot de membres de la banda amb la qual feien negocis. Pel que fa al caporal de Llinars, ja feia uns anys que aixecava sospites entre els veïns. “Se l’anomenava Titán perquè se’l veu com un heroi amb una part fosca”, comenta el Joan. Els dubtes van augmentar quan, el desembre del 2019, va acabar ferit en un tiroteig a tocar d'una àrea de servei de l'AP-7. El van disparar mentre parlava amb un confident que va morir pels trets. Aleshores els Mossos van obrir una investigació que hauria desencadenat el dispositiu d'aquest matí i que fins ara no s'havia fet públic que hagués donat resultat.";ciberseguretat
Un dels dos detinguts per la mort d'un comerciant de Rubí té antecedents per un altre robatori;https://www.ara.cat/societat/dels-detinguts-mort-d-comerciant-rubi-antecedents-robatori_1_4155114.html;21/10/2021;BarcelonaLa nit del 8 d'octubre un comerciant de Rubí va sortir corrents darrere de dos joves que li acabaven de robar una ampolla d'alcohol de l'establiment que regentava a prop de la plaça Onze de Setembre del municipi. L'home va aconseguir atrapar-los però ells el van atacar i el van deixar malferit. La víctima va acabar morint com a conseqüència de les lesions rebudes, segurament amb l'ampolla de vidre que li havien pres. Dotze dies després de l'homicidi, els Mossos d'Esquadra donen el cas per tancat. Aquest dimecres els agents han arrestat dos joves a qui s'atribueix l'homicidi del botiguer, segons ha avançat El Periódico i han confirmat a l'ARA fonts policials. Segons ha pogut saber aquesta redacció, un dels dos detinguts té antecedents per un robatori anterior, mentre que de l'altre no consta que hagués delinquit abans. Malgrat tot, les fonts consultades precisen que els dos arrestats, dos joves d'uns vint anys, no corresponen al perfil de grans delinqüents reincidents.;successos
Un pedòfil fugit de la justícia ha estat onze anys treballant de professor;https://www.ara.cat/societat/pedofil-fugit-justicia-onze-anys-treballant-professor-detingut-barcelona_1_4153577.html;19/10/2021;BarcelonaL'any 2010 la policia de Nova York (EUA) va detenir G.O.O. a casa seva, després de trobar-li a l'ordinador centenars d'arxius amb contingut pedòfil que intercanviava amb altres usuaris. El jutge que el va interrogar va ordenar el seu arrest domiciliari i que li col·loquessin una polsera de localització, però ell se la va arrencar i va aconseguir fugir del país. Tot i tenir una ordre internacional de recerca i detenció, durant onze anys l'home ha pogut treballar com a professor d'anglès a Oviedo, Barcelona, Londres i Berlín, segons explica la Guàrdia Civil, que finalment ha aconseguit arrestar-lo. El fugitiu fins i tot va aconseguir la nacionalitat espanyola l'any 2018. En la nova documentació, es va girar els cognoms i es va posar un nom compost per fer més difícil la seva recerca i localització. La Guàrdia Civil va començar a seguir-li la pista des de llavors i, després de fer totes les comprovacions, l'ha arrestat a Barcelona, on feia classes online per a una acadèmia.;successos
La detenció del pedòfil fugitiu de la justícia americana en un vídeo cedit per la Guàrdia Civil;https://www.ara.cat/societat/detencio-pedofil-fugitiu-justicia-americana-video-cedit-guardia-civil_8_4153619.html;19/10/2021;;successos
Els comerciants de Rubí protesten per l'atac mortal a un botiguer divendres a la nit;https://www.ara.cat/societat/comerciants-rubi-rebutgen-atac-mortal-botiguer-divendres-nit_1_4145183.html;11/10/2021;"BarcelonaLa mort d'un comerciant de Rubí divendres a la nit a mans d'uns lladres a qui empaitava perquè li havien robat a l'establiment ha indignat els botiguers de la ciutat, que juntament amb desenes de persones s'han concentrat davant l'ajuntament aquest migdia per demanar ""justícia"" i més seguretat. La víctima va sortir corrents rere dos lladres que s'havien emportat sense pagar una ampolla d'alcohol del seu comerç. Aleshores el van atacar, probablement amb la mateixa ampolla, i el van deixar malferit. Tot i els esforços dels serveis d'emergències, l'home va acabar morint. La concentració ha servit per condemnar l'atac mortal i per demanar més seguretat per al comerç local: ""No estem disposats a conviure més amb la por"", han explicat els comerciants a través d'un comunicat. La comunitat del Pakistan, d'on era originària la víctima, ha denunciat més assalts violents les últimes setmanes en comerços d'altres localitats pròximes i ha lamentat la falta de suport institucional i policial. El consistori els rebrà dilluns.";successos
Uns lladres envesteixen policies amb una furgoneta i en deixen dos ferits lleus;https://www.ara.cat/societat/lladres-envesteixen-furgoneta-agents-ferits-lleus-sabadell_1_4145062.html;11/10/2021;BarcelonaUn robatori en una empresa de tecnologia de la Zona Hermètica de Sabadell ha acabat amb dos agents de la policia local ferits lleus quan els presumptes lladres, en una furgoneta, els han envestit per fugir de les instal·lacions. Els Mossos d'Esquadra i la Policia Local continuen buscant els autors de l'assalt, que s'han aconseguit escapar tot i que diverses patrulles els han perseguit per carretera. La Policia Local va rebre una trucada ciutadana alertant del robatori cap a dos quarts d'onze de la nit d'aquest diumenge. Diverses patrulles van anar fins al lloc, una empresa de tecnologia situada a la Zona Hermètica de Sabadell. Quan hi van arribar, els agents es van situar davant de la porta principal. Un vídeo difós pel sindicat SFP-Fepol mostra com mentre els policies feien diverses comprovacions, dues furgonetes blanques van sortir a tota velocitat de dins de les instal·lacions rebentant la persiana i gairebé els van passar per damunt. Dos dels agents van caure a terra i van quedar ferits lleus. En la fugida, els lladres també van provocar danys en dues motos policials i un dels cotxes patrulla.;successos
Maten un home en un robatori a Rubí;https://www.ara.cat/societat/mor-home-robatori-rubi_1_4143490.html;09/10/2021;BarcelonaUn home va morir en un robatori ahir a la nit a Rubí cap a les 23 hores. Tot apunta que dos assaltants el van ferir en una zona pròxima a la plaça Onze de Setembre, segons ha avançat la periodista Anna Punsí a Twitter i ha pogut confirmar l'ARA de fonts policials. Els dos lladres haurien intentat robar una ampolla d'alcohol al petit supermercat o botiga de conveniència del carrer Sant Cugat, a tocar de la plaça, on treballava la víctima, a qui ja havien robat diverses vegades, segons alguns testimonis. Diversos testimonis han explicat a l'ARA que els assaltants van fugir corrents amb l'ampolla, i que el treballador els va perseguir. Va ser llavors quan el van atacar, possiblement amb la mateixa ampolla que li haurien robat. Els Mossos d'Esquadra, en un comunicat, han explicat que els van avisar per actuar en una baralla a la via pública on hi havia una persona ferida. Veïns de la zona han explicat a l'ARA que van poder veure com els policies recollien les restes de vidres al lloc on s'havia comès l'agressió. L'home va quedar estès a terra, malferit, i una ambulància del Servei d'Emergències Mèdiques el va atendre, però va acabar morint.;successos
Qui és Plinia Azzena, la jutge sarda que decideix sobre l'extradició de Puigdemont?;https://www.ara.cat/politica/plinia-azzena-jutge-sarda-decideix-l-extradicio-puigdemont_1_4137316.html;05/10/2021;MilàDesprés de quatre dècades dictant sentència contra tota classe d’assassins i delinqüents, la jutge italiana Plinia Azzena s’enfronta ara a un dels casos més delicats de la seva llarga carrera. La magistrada, al capdavant del Tribunal d’Apel·lació de Sàsser, va prendre declaració aquest dilluns a l’expresident de la Generalitat Carles Puigdemont, detingut per la policia italiana la setmana passada a Sardenya i posat en llibertat sense mesures cautelars un dia més tard. El futur de l’expresident de la Generalitat està en mans d’aquesta dona menuda i amb rictus sever, que haurà de decidir si cursa o no l’ordre europea de detenció i lliurament emesa pel seu col·lega espanyol, el jutge de Tribunal Suprem Pablo Llarena. De moment, ja ha decidit que no mourà fitxa fins a saber que hi diu el Tribunal de Luxemburg. Plinia Azzena (Tempio Pausania, 1952) no és cap principiant. Des que va accedir a la carrera judicial el 1978, la magistrada ha exercit tota la seva carrera al tribunal de Sàsser. Primer, al capdavant de la secció penal, a la qual va accedir el 1996 i de la qual deu anys més tard va ser nomenada presidenta pel ple del Consell Superior de la Judicatura: va ser la primera dona a Itàlia a ocupar aquest càrrec. I des del 2012 al Tribunal d’Apel·lació, que també presideix.;violència masclista
"""Gent molt marginal"" al darrere dels aldarulls de la Mercè";https://www.ara.cat/societat/gent-marginal-darrere-dels-aldarulls-merce_1_4130286.html;27/09/2021;"BarcelonaL'última nit de la Mercè ha sigut la més tranquil·la de totes i no hi ha hagut macrobotellons ni aldarulls ni als carrers ni a les platges de Barcelona. En tot cas, però, segons el tinent d'alcaldia de Seguretat de l'Ajuntament de Barcelona, Albert Batlle, aquests dies han sigut un ""punt d'inflexió"" perquè d'una ""ocupació massiva de l'espai públic"" i de molèsties als veïns s'ha passat a un ""problema delinqüencial i d'ordre públic"" i a una ""violència extrema"". Un dels interrogants que deixen les imatges del Palau de Congressos destrossat o els restaurants de la platja saquejats és qui hi ha al darrere d'aquests aldarulls. ""Són oportunistes, gent que aprofita el sarau per delinquir"", ha dit Batlle a RAC1. Com a les manifestacions per l'empresonament de Pablo Hasél, Batlle creu que ""gent que no té res a veure amb la mobilització"" aprofita les aglomeracions per fer pillatge i actes vandàlics. Segons el tinent d'alcaldia, ""són gent molt marginal"". Diumenge el portaveu del sindicat CSIF de la Guàrdia Urbana, Eugenio Zambrano, va acusar directament el col·lectiu de menors no acompanyats, però Batlle ha dit que no vol posar ""etiquetes estigmatitzadores"" perquè li importa ""ben poc l'origen"" de les persones que causaven els aldarulls. Simplement, ha dit, ""són delinqüents i com a tals han de ser tractats"".";successos
La crònica gràfica del macrobotelló de Bogatell d'Enric Borràs;https://www.ara.cat/societat/cronica-grafica-macrobotello-bogatell-enric-borras_8_4129470.html;26/09/2021;;successos
"“T’acorralen i et diuen: «O em dones el mòbil o et fotem d’hòsties»""";https://www.ara.cat/societat/macrobotello-desplaca-platja-bogatell-noves-agressions-controls_1_4129409.html;06/10/2021;BarcelonaDels altaveus surten a tot drap els últims èxits de reggaeton. Regna Pepas de Farruko i centenars de joves ballen i ballen entregadíssims a la nit sobre la sorra del Bogatell, on es va desplaçar el macrobotelló ahir a la nit pel blindatge de la plaça d’Espanya. La nit anterior la festa va acabar amb una vintena de detinguts, tretze apunyalats i cinquanta atencions sanitàries, cotxes i contenidors cremats, destrosses i llançament d'ampolles a la policia. A la platja no constaven a primera hora del matí incidents tan greus, però joves encaputxats en grup anaven d’un cantó a l’altre buscant brega i robant mòbils. “T’acorralen i et diuen: «O em dones el mòbil o et fotem d’hòsties», de vegades amb una ampolla de vidre a la mà”, explicava un jove que ho havia viscut de prop. Quan els encaputxats avançaven a ritme ràpid i decidit pel mig de la festa, es formaven corredisses amb desenes de persones fugint cap a una altra banda. Era fàcil veure volar puntades de peu quan enxampaven algú. Alguns d'ells van ser detinguts per agents de paisà, va informar una font dels Mossos al diari ARA. “En segons quin lloc, els agents encoberts no poden entrar perquè els linxen”, deia la mateixa font.;successos
Caos, baralles, ferits i cotxes cremats al macrobotelló de plaça Espanya;https://www.ara.cat/societat/caos-baralles-ferits-cotxes-cremats-macrobotellon-placa-espanya-segona-nit-merce-barcelona_1_4128279.html;25/09/2021;BarcelonaNomés calia caminar uns quants passos per veure una baralla o sentir algú a qui havien robat o pegat. Uns passos més i desenes de persones totalment alienes al problema seguien ballant al voltant dels seus altaveus portàtils. Tot i que per a molts va ser una gran festa, el macrobotelló de desenes de milers de persones a plaça Espanya va acabar descontrolat i amb aldarull. Es van cremar dos cotxes i almenys un arbre i algunes motos i un grup de joves llançava ampolles de vidre amb força als furgons de la Guàrdia Urbana cap a quarts de cinc de la matinada. Van trencar els vidres de la Fira de Barcelona, punt de vacunació massiva, i van entrar-hi. “A cremar-ho tot, contra els Mossos!”, cridava un d’ells des de l’avinguda Maria Cristina. També van cremar contenidors. Dissabte al matí, l'Ajuntament de Barcelona reconeixia més de 50 assistències mèdiques i 13 ferits per arma blanca en una festa amb 40.000 persones. Cap a les tres de la matinada ja es veia que la festa s’havia descontrolat i que una minoria havia anat a rebentar la diversió de la majoria. Molts menors d’edat i una immensa majoria vorejant els 20 anys. Aquest periodista va presenciar una baralla entre un grup de joves, un dels quals n'amenaçava un altre amb una ampolla de vidre. Avisat, un agent dels Mossos va assegurar que no podien fer-hi res. “Hi ha moltes coses allà a dins, però nosaltres hi som pel que ens vingui”, explicava.;successos
A presó una dona per la mort de la seva filla d'un any per desnutrició;https://www.ara.cat/societat/preso-dona-mort-seva-filla-d-any-desnutricio_1_4123796.html;21/09/2021;BarcelonaUn jutge de Granollers ha enviat provisionalment a la presó una dona per la mort de la seva filla de només un any dijous passat a l'autopista AP-7. Segons ha avançat la periodista Anna Punsí i han confirmat fonts policials a l'ARA, la dona va aturar la furgoneta amb la qual viatjava amb les seves dues filles a l'àrea de servei del Montseny, a Llinars del Vallès, assegurant que la petita es trobava malament i tenia problemes per respirar. Equips d'emergències van intentar reanimar la criatura, que presentava símptomes evidents de desnutrició, però no van poder fer res per salvar-li la vida. Els Mossos també han denunciat el pare de les criatures, que no convivia amb elles. La germana gran, de quatre anys, ha quedat sota tutela de la direcció general d'Atenció a la Infància (DGAIA).;successos
Una dona embarassada perd el fill en un tiroteig a Sabadell;https://www.ara.cat/societat/tiroteig-sabadell-dona-embarassada-perd-fill-ferits_1_4122404.html;20/09/2021;Barcelona Els Mossos d’Esquadra investiguen un tiroteig que ha passat aquesta matinada a Sabadell i que ha acabat amb cinc persones ferides: tres dones i dos homes. Una de les dones estava embarassada, en estat avançat de gestació, i a causa de les ferides ha perdut el fill que esperava. La disputa ha passat cap a dos quarts de dues de la matinada durant un botelló al carrer. L’autor dels trets ha disparat contra el grup, que estava en un polígon del municipi que acull la zona comercial coneguda amb el nom de Via Sabadell. El Sistema d'Emergències Mèdiques (SEM) ha enviat tres unitats per atendre els ferits. Tots han hagut de ser traslladats a centres sanitaris per rebre assistència mèdica. Fins ara no consta que s’hagi identificat ni detingut l’agressor, que hauria fugit del lloc després del tiroteig. Pel que fa a la investigació, els Mossos volen determinar si es tracta d’una revenja entre bandes o d’una disputa sentimental, a part de determinar la relació entre els implicats.;successos
La policia investiga la mort a trets de dos homes a Tarragona;https://www.ara.cat/societat/policia-investiga-mort-trets-homes-tarragona_1_4112783.html;11/09/2021;BarcelonaDos homes han mort a Tarragona, en un succés en què els Mossos d'Esquadra no descarten cap hipòtesi. Cap a les dues de la matinada, un dels homes ha disparat dos trets contra un altre que en aquells moments era en un balcó d'un pis situat al carrer Reding. Alertats pels veïns, els Mossos d'Esquadra s'han presentat poc després al pis en qüestió i han trobat el cadàver del resident, mort per les bales. Tot seguit una patrulla ha localitzat el suposat tirador, mort també a causa de trets, segons ha informat la policia en un comunicat breu en què no aclareix les circumstàncies d'aquesta segona mort. L'ACN apunta que el suposat homicida s'hauria suïcidat disparant-se un tret amb la seva arma al veure's acorralat pels agents i sense sortida per fugir o hauria mort en un intercanvi de trets amb la policia. Per la seva banda, el Diari de Tarragona indica que totes dues víctimes es coneixien.;successos
Suspenen la recerca d'una noia desapareguda al mar a Barcelona;https://www.ara.cat/societat/busquen-noia-desapareguda-mar-barcelona-des-d-ahir-nit_1_4110361.html;09/09/2021;BarcelonaDesprés de disset hores de recerca intensa per mar i aire, els efectius de salvament han suspès la recerca d'una noia que hauria desaparegut dimecres a la nit al mar a Barcelona. Un ciutadà va donar l'alerta que feia hores que havia vist la dona entrant a l'aigua a la platja de la Nova Icària però les seves pertinences continuaven encara a la sorra. Després d'hores buscant sense resultat la dona o alguna evidència del que li podria haver passat, Salvament Marítim ha decidit suspendre el dispositiu. Fonts consultades de l'organisme expliquen que el motiu d'abandonar la recerca és que durant totes aquestes hores no s'ha rebut cap denúncia sobre la desaparició d'una persona a la zona.;successos
Dos operaris greus en l'ensorrament de part d'un edifici en obres a Barcelona;https://www.ara.cat/societat/operaris-greus-l-ensorrament-part-d-edifici-obres-barcelona_1_4109449.html;08/09/2021;L'enfonsament de part de la façana d'un edifici en obres al barri de Provençals del Poblenou de Barcelona ha deixat dos operaris ferits greus. Un d'ells ha quedat atrapat a l'obra, a la confluència dels carrers Fluvià i Pere VI, i ha hagut de ser rescatat pels Bombers. Segons informa l'Ajuntament, vuit dotacions de Bombers, entre les quals una ambulància, estan treballant al lloc dels fets. Es tracta d'una obra nova on s'estan aixecant els forjats i cimentats de la planta setena. Aquest matí, per causes que encara es desconeixen, l'encofrat s'ha enfonsat i el ciment tou ha baixat a la planta de sota. Els ferits han sigut traslladats als hospitals de Sant Pau i Vall d'Hebron, segons ha informat el sistema d'emergències mèdiques (SEM), que ha desplaçat quatre unitats al lloc de l'ensorrament.;successos
Un mosso, ferit per una trampa parada per un grup de narcos per protegir una plantació;https://www.ara.cat/societat/mosso-ferit-trampa-grup-narcos-protegir-plantacio_1_4109335.html;08/09/2021;BarcelonaUn mosso d'esquadra ha quedat ferit aquest dimecres en una operació que afectava cinc plantacions de marihuana a la partida de Grenyana del terme d'Alcoletge, al Segrià. Segons fonts dels Mossos d'Esquadra, en el dispositiu d'una de les plantacions, resultat de dues setmanes d'investigació, els agents han escorcollat una tenda de campanya on dormien els vigilants. En aquell moment no hi havia ningú a dins, però el grup de traficants responsable de la plantació hi havia deixat un parany que s'ha activat i ha fet que es disparés un cartutx d'escopeta. L'agent ha rebut el tret al bessó de la cama. El policia ferit ha estat traslladat a l'Hospital Arnau de Vilanova de Lleida, on continua ingressat, i els Mossos han cridat els especialistes en desactivació d'explosius, els TEDAX, perquè inspeccionessin la zona. Hi han trobat cinc trampes més, fetes també amb cartutxos com la que ha ferit l'agent, i un parany mecànic amb punxes. Tal com es pot veure a les imatges, les trampes amb cartutxos estaven fetes amb tubs de metall i munició d'escopeta, perquè es disparessin quan algú passés per un punt determinat. La investigació continua oberta.;successos
"El Kremlin nega els suposats vincles amb l'entorn de Puigdemont: ""No és més que una mentida""";https://www.ara.cat/politica/kremlin-nega-suposats-vincles-l-entorn-puigdemont-no-mes-mentida_1_4108271.html;07/09/2021;"BarcelonaDavant l'extens reportatge del New York Times sobre presumptes vincles amb Rússia de Josep Maria Alay, cap de l'oficina de l'expresident Carles Puigdemont, i l'advocat Gonzalo Boye, el Kremlin ha negat aquest dimarts tots els suposats contactes amb l'entorn de Puigdemont. I no només amb l'expresident, sinó que el govern rus ha desmentit qualsevol vincle amb el moviment independentista. ""No és més que una mentida"", ha assegurat el portaveu del Kremlin, Dmitri Peskov, en declaracions als mitjans recollides per l'agència de notícies Sputnik. La font d'informació del diari nord-americà són informes ""d'intel·ligència europeus"" i investigacions de la Guàrdia Civil en la causa que hi ha al jutjat d'instrucció número 1 de Barcelona, pilotat per Joaquín Aguirre, coneguda com l'operació Volhov, que va detenir 21 persones l'octubre de l'any passat, entre les quals Alay. Les noves informacions detallen que Alay va viatjar el 2019 a Moscou i es va reunir amb exoficials d'intel·ligència russos, un net d'un espia del KGB i diversos funcionaris del Kremlin. Alay, de fet, confirma les trobades, però tant al New York Times com en entrevistes posteriors a la publicació del reportatge les emmarca en el contacte normal amb persones a l'estranger.";violència masclista
Desmantellen un clan albanès que volia fer un imperi de la marihuana a Tarragona;https://www.ara.cat/societat/desmantellen-clan-albanes-volia-imperi-marihuana-tarragona_1_4102289.html;01/09/2021;"BarcelonaCatalunya s'ha convertit en l'epicentre del cultiu de marihuana d'Europa, i això ha fet proliferar l'assentament de màfies i grups criminals que viuen del negoci i que tenen la violència com a principal mecanisme per imposar el seu domini sobre la resta. Segons els Mossos d'Esquadra, cada any es registren ja a casa nostra almenys tres homicidis relacionats exclusivament amb el tràfic de marihuana i un 11% de les plantacions desmantellades disposaven d'armes. ""Espanya és el número u en exportació de marihuana a Europa, i això vol dir que importem crim organitzat molt violent"", advertia aquest dimecres el cap de la Divisió d'Investigació Criminal (DIC) dels Mossos, Ramon Chacón. L'últim exemple del clúster de la droga que s'ha creat és la macroinvestigació que ha acabat amb el desballestament d'una organització criminal que estava creant a Tarragona un autèntic imperi de la marihuana. En un any, els Mossos, juntament amb la Policia Nacional, l'albanesa i l'alemanya, han arrestat 107 persones i han intervingut una tona de marihuana i 25.000 plantes que la xarxa cultivava en una trentena de plantacions disperses per tot el territori però que es concentraven sobretot a les comarques de Tarragona. El gruix de la macrooperació es va fer aquest juliol, quan es van arrestar 86 dels detinguts en un dispositiu policial conjunt amb més de 400 agents. Dinou dels arrestats han ingressat a la presó per ordre del jutge de Reus que coordinava la investigació.";successos
Arresten tres persones més per l'assassinat descobert arran d'un control de trànsit a Tarragona;https://www.ara.cat/societat/nous-detinguts-assassinat-home-descobert-control-transit-tarragona_1_4101255.html;31/08/2021;BarcelonaJa són sis els detinguts per l'últim assassinat que s'investiga a Catalunya. El cas ha requerit que els Mossos d'Esquadra ajuntessin diverses peces d'un puzle que encara s'ha d'acabar de completar. Primer una patrulla de trànsit va detenir dos homes i una dona, quan els van trobar una mà al maleter del cotxe durant una inspecció rutinària. Dos dies més tard, es localitzava la resta del cadàver d'un home 80 quilòmetres més al sud, en un canal del riu Ebre. La incògnita ara és el mòbil del crim que va portar els sis arrestats a assassinar la víctima. El jutge va decretar presó incomunicada i sense fiança per als primers tres detinguts –dos homes i una dona de 44, 57 i 54 anys, respectivament– durant el cap de setmana. Els altres tres arrestats, dues dones de 46 i 36 anys i un home de 20 anys, estan pendents encara de passar a disposició judicial.;successos
Detingut a Barcelona un mafiós napolità fugit de la justícia des de feia tres anys;https://www.ara.cat/societat/detingut-barcelona-mafios-napolita-fugit-justicia-des-feia-tres-anys_1_4096388.html;26/08/2021;BarcelonaFugit de la justícia italiana des del juliol del 2020, Gennaro Esposito, membre destacat del clan Mazzarella de la Camorra napolitana, s'acabava de retrobar amb la seva dona quan la policia espanyola el va detenir a Barcelona. Esposito, de 34 anys, tenia dues ordres d'arrest pendents per extorsió, agreujades per propòsits mafiosos i associació criminal, i actualment està ingressat a la presó a l'espera que arribi l'ordre d'extradició que el porti, un altre cop, a Itàlia per respondre de les acusacions. L'actuació policial que ha acabat amb la detenció del mafiós va començar el novembre passat, quan es va tenir sospita que Esposito s'havia refugiat a Espanya, i ha involucrat cossos policials de tots dos països, coordinats pel departament antimàfia de la Fiscalia de Nàpols. Finalment, per indicació dels carabinieri, dimecres a la matinada el van detenir mentre estava acompanyat de la seva dona, que acabava d'arribar a la capital catalana per reunir-se amb ell procedent de Nàpols.;successos
"Petards i un ""accident domèstic"" en un hotel alarmen el Gòtic la vigília del 17-A";https://www.ara.cat/societat/petards-accident-domestic-hotel-alarmen-gotic-vigilia-17a_1_4087241.html;16/08/2021;"BarcelonaUna sèrie de detonacions al barri Gòtic de Barcelona ha provocat el desplegament d'un ampli dispositiu policial i d'emergència i ha disparat les alarmes aquest migdia, la vigília dels atemptats del 17-A, en una zona que és molt a prop d'on hi va haver els atemptats de la Rambla demà farà quatre anys. Tal com han explicat diversos testimonis, la majoria turistes, al migdia es van sentir una sèrie de detonacions a la vora de l'Hotel Petit Palace del carrer de la Boqueria. ""Primer hem pensat que eren [petards] per una festa popular, però la policia ha vingut molt ràpid"", ha explicat a l'ARA un turista d'origen indi que era a la Rambla. Al final, segons ha explicat el tinent d'alcalde de Seguretat de Barcelona, Albert Batlle, l'alarma l'ha causada la coincidència entre els petards d'una cercavila propera i un ""accident domèstic"" a l'hotel, on hauria caigut una mampara. Els Mossos d'Esquadra han fet un tuit explicant que la causa més probable de l'alarma ha sigut l'""ús de material pirotècnic al carrer"". Els Mossos d'Esquadra s'han desplaçat a la zona a tota velocitat, després de les detonacions, i han tallat el carrer de la Boqueria. També ho han fet efectius de la Guàrdia Urbana, els Bombers i el Servei d'Emergències Mèdiques. L'espectacularitat del desplegament ha fet que desenes de passavolants i turistes s'apleguessin davant dels cordons policials. L'incident, segons ha explicat Batlle, ha causat un ferit lleu, però segons fonts dels Mossos no hi ha hagut desperfectes estructurals a l'edifici.";successos
Mor un presumpte lladre després que un guàrdia urbà de Barcelona el fes caure de la bicicleta;https://www.ara.cat/societat/mor-home-despres-agent-guardia-urbana-barcelona-fes-caure-bicicleta_1_4080709.html;09/08/2021;BarcelonaUn home de 32 anys ha mort pocs dies després que un agent de la Guàrdia Urbana de Barcelona, fora de servei, el fes caure de la bicicleta quan acabava de cometre un presumpte furt. Segons ha avançat Tot Barcelona i han confirmat a l'ACN diverses fonts, els fets van passar dimarts a l'Hospitalet de Llobregat (Barcelonès), a prop de la Ciutat de la Justícia, després que la víctima prengués un objecte a una noia i fugís en bicicleta. Un policia fora de servei que passava per allà el va fer caure a terra mentre evitava que fugís i, a causa del cop, va haver de ser hospitalitzat fins que finalment ha mort uns dies més tard. Els Mossos d'Esquadra s'han fet càrrec de la investigació, mentre que la Guàrdia Urbana ha obert, paral·lelament, una informació reservada.;successos
Detinguts set membres d'una organització que cultivava marihuana en una zona boscosa del Priorat;https://www.ara.cat/societat/set-detinguts-d-organitzacio-cultivava-marihuana-zona-boscosa-priorat_1_4080113.html;08/08/2021;BarcelonaEls Mossos d'Esquadra han desarticulat una xarxa de cultiu i tràfic de marihuana que tenia almenys tres plantacions en zones boscoses del Priorat. Conjuntament amb la Policia Local de Cambrils s'han detingut fins a set persones, entre elles els líders de la banda, que havien portat ciutadans albanesos per fer de jardiners dels cultius. En concret, les plantacions eren a Ulldemolins, Cabacés i la Figuera. La investigació va començar l'octubre de l'any passat arran d’un pis sospitós a Cambrils. En aquest municipi hi havia els líders de l'organització, un home de 50 anys i una dona de 47, així com el germà del primer, de 33. El dispositiu per desmantellar l'activitat va permetre detenir quatre persones més que treballaven a les plantacions, tots homes d'entre 19 i 32 anys. Tots set han ingressat a presó després de passar a disposició del jutjat d'instrucció en funcions de guàrdia a Reus.;successos
Els Bombers superen els 1.000 rescats al medi natural aquest 2021;https://www.ara.cat/societat/bombers-superen-1-000-rescats-medi-natural-aquest-2021_1_4079921.html;07/08/2021;BarcelonaEls Bombers de la Generalitat han fet un total de 1.044 rescats al medi natural aquest 2021 i han superat la xifra del 2020, l'any que fins ara n'havia acumulat més tot i els mesos de confinament per la pandèmia. Aquest mateix dissabte han hagut de fer almenys vuit intervencions, la majoria en espais de muntanya, però també a la costa, segons ha informat el cos en un comunicat. Hi ha hagut rescats a Castell-Platja d'Aro (Baix Empordà), Sant Pere de Torelló (Osona), Sant Feliu de Guíxols (Baix Empordà), la Febró (Baix Camp), la Vall d'en Bas (Garrotxa), Gombrèn (Ripollès), Queralbs (Ripollès) i Tavertet (Osona), que se sumen a un rescat d'ahir divendres al Pedraforca, a Gósol (Berguedà), segons recull l'ACN.;successos
"L'autòpsia confirma la mort de Samuel per una pallissa de ""sis minuts fatals""";https://www.ara.cat/societat/l-autopsia-confirma-mort-samuel-pallissa-sis-minuts-fatals_1_4074945.html;02/08/2021;"Samuel Luiz va morir per ""multitud de cops"" al cap durant ""sis minuts fatals"" i els dos informes d'ADN que la policia judicial ha lliurat aquest dilluns al jutge de la Corunya que porta el cas situen directament els dos primers detinguts per aquest crim com els ""principals"" agressors. El delegat del govern espanyol a Galícia, José Miñones, ha detallat que tant l'ADN detectat a la roba i al cos de la víctima com l'extret d'una ampolla de vidre que es va fer servir en l'atac ""impliquen directament els dos principals autors dels fets"", que són dos homes de la Corunya d'entre 20 i 25 anys. La víctima va morir en una agressió que va començar al crit de ""maricon"" el 3 de juliol a la matinada. Miñones ha destacat, coincidint amb l'aixecament del secret de sumari que ha recollit l'agència Efe, que tenen 41 proves testificals dels fets. Dels sis detinguts inicialment, n'hi ha tres en presó provisional, un està en llibertat però obligat a comparèixer al jutjat, i els dos menors d'edat estan internats en un centre. La policia ha insistit que la investigació continua oberta i que no descarta més detencions.";successos
Critiquen que la dona assassinada a Sant Vicenç de Castellet no tingués una ordre d'allunyament del marit;https://www.ara.cat/societat/critiquen-dona-assassinada-sant-vicenc-castellet-no-tingues-ordre-d-allunyament-marit_1_4073520.html;01/08/2021;"L'assassinat d'una dona aquest divendres a Sant Vicenç de Castellet (Bages), en el que tot apunta que és un nou cas de violència masclista –el marit s'hauria suïcidat dins el cotxe després de matar-la i davant de la filla de dos anys del matrimoni– ha fet esclatar el grup d'acompanyament a víctimes de violència masclista Punt Lila de Sant Pere, de Terrassa, que havia atès la víctima. En un comunicat, han lamentat que un jutge hagués decidit que no calia cap ordre d'allunyament del marit tot i que la dona, que era veïna d'aquest municipi del Vallès Occidental, l'havia denunciat, i han afegit que havia ""intentat en va diverses vegades"" posar denúncies contra l'agressor a la comissaria dels Mossos d'Esquadra. Segons va informar el Tribunal Superior de Justícia de Catalunya (TSJC), la víctima hauria denunciat el seu presumpte assassí, a l'abril, per violència verbal i el judici del cas s'havia de celebrar el pròxim mes d'octubre, i es tramitava, en paral·lel, el procediment de divorci. Des del Punt Lila de Sant Pere expliquen que la dona assassinada es deia Antonella i tenia 30 anys i que ha mort ""víctima de la violència roïna i cruel d'un home dolent"". Critiquen que a l'espera que se celebrés el judici no s'hagués previst cap mesura de protecció per a ella: ""Es va veure obligada a viure sota el mateix sostre que el seu assassí"". Per això, ara han emès un comunicat en què denuncien la ""ineficàcia"" del sistema judicial i la ""resposta insuficient"" del sistema de benestar social i dels recursos municipals per casos de violència masclista. ""L’Antonella no pot ser només una xifra i un nom que es reciti el 25 de novembre, el 8 de març..."", lamenten.";successos
La dona cremada al Bages havia denunciat el marit per violència masclista;https://www.ara.cat/societat/feminicidi-sant-vicenc-castellet-investiguen-mort-dona-home_1_4071111.html;30/07/2021;BarcelonaEl crim d’una dona cremada que s’ha descobert aquesta matinada a Sant Vicenç de Castellet, al Bages, té tots els números de ser un nou assassinat masclista. La principal hipòtesi és que un home ha acabat amb la vida de la seva parella i li ha calat foc abans de suïcidar-se. La filla de dos anys del matrimoni, que era a l’escena del crim, ha acabat ferida per cremades. La família vivia a Terrassa. Fa tres mesos, a l’abril, la dona havia denunciat el marit per violència verbal. El judici s’havia de fer a l’octubre. La parella també s’estava divorciant, segons el jutjat de violència contra la dona de Terrassa, que portava tant la denúncia per violència masclista com el tràmit civil. Els Mossos d’Esquadra han trobat a les tres de la matinada el cadàver de la dona totalment calcinat després d’haver rebut un avís per un incendi en una zona de matolls al costat de la carretera BV-1229. A pocs metres, la policia ha localitzat un cotxe amb l’home mort i a dins del vehicle també hi havia la filla de la parella. Tot apunta que ell s’ha suïcidat a l’interior del cotxe amb un cinturó del vehicle. Pel que fa a la nena, ha estat atesa pel SEM per cremades lleus i se l’ha traslladada a l’Hospital de Manresa per fer-li una revisió mèdica. La direcció general d’Atenció a la Infància i l’Adolescència (DGAIA) s’ha quedat amb la menor fins que es trobi un familiar que se’n faci càrrec.;successos
"""Ens vam mirar, vam deixar la por de banda i ens vam coordinar per salvar-li la vida""";https://www.ara.cat/societat/vam-mirar-vam-deixar-banda-vam-coordinar-salvar-li-vida_1_4063992.html;23/07/2021;"BarcelonaNingú sap què hauria passat si Dani Polanco i Elbis Torrelles no haguessin passat per l'Estació del Nord de Barcelona just quan un home s'acabava de desplomar a terra. Però eren al lloc indicat en el moment precís i els dos estudiants de segon curs d'infermeria de la Universitat de Barcelona van reaccionar ""amb seguretat i sense tremolar"": li van fer una reanimació cardiopulmonar (RCP) mentre esperaven els serveis d'emergència, una actuació clau per salvar-li la vida. ""L'home va sobreviure. Vam aconseguir reanimar-lo"", expliquen a l'ARA per telèfon els dos amics. Ara esperen que l'home estigui bé i que es pugui recuperar aviat, tot i que amb prou feines en saben res: té entre 55 i 65 anys, vestia amb bermudes o banyador, duia un barret de palla de Canet de Mar i és probable que sigui estranger. Va ser traslladat a l'Hospital de Sant Pau el 7 de juliol. Els fets van passar cap a dos quarts de nou del vespre, quan com tants altres dies l'Elbis i el Dani van sortir del gimnàs i van anar caminant des de la plaça de les Glòries fins a plaça d'Espanya. Quan passaven per l'Estació del Nord van veure una persona estirada a terra. ""Pensàvem que era un borratxo que potser havia caigut. Tenia la cara molt vermella i ensangonada"", recorden. El vigilant de l'estació, que ja trucaa al Servei d'Emergències Mèdiques (SEM), els va explicar que s'acabava de desplomar. Sense dubtar-ho, els dos joves van decidir actuar: ""Ens vam agenollar per prendre-li el pols, que era molt dèbil. La respiració estava en apnea i la cara començava a estar blava"".";successos
Un home mata la seva parella a Sabadell i s'entrega a la policia;https://www.ara.cat/societat/detingut-home-sabadell-presumpte-autor-mort-parella-assassinat_1_4062557.html;22/07/2021;BarcelonaEls Mossos d'Esquadra han detingut un home d'uns 60 anys pel presumpte assassinat de la seva parella a Sabadell (Vallès Occidental). L'autor dels fets es va presentar aquest dimecres a la nit, al voltant de les 23.30 hores, a les dependències de la comissaria de Sabadell i va manifestar que havia matat la seva parella. Els mossos van anar fins al domicili -ubicat al número 83 de la Rambla de Sabadell-, juntament amb un metge forense, que va certificar la mort de la víctima. El cos presentava signes de violència i, davant d’aquests fets, l’home va quedar detingut. Segons ha informat el Tribunal Superior de Justícia de Catalunya (TSJC), no consta que hi hagués denúncies prèvies de la víctima contra l'home per maltractaments, tot i que el detingut sí que tenia antecedents per haver colpejat una altra parella que havia tingut amb anterioritat, expliquen fonts de la investigació consultades per l'Agència Catalana de Notícies (ACN). El jutjat d'instrucció 5 de Sabadell s'ha fet càrrec del cas. A nivell policial, la investigació està a mans de la unitat d'investigació criminal de la regió metropolitana nord dels Mossos d'Esquadra.;violència masclista
Condemnada a quatre anys de presó la mare del nadó d'un mes mort a Tàrrega el 2020;https://www.ara.cat/societat/condemnada-quatre-anys-preso-mare-nado-d-mes-mort-tarrega_1_4059753.html;19/07/2021;"BarcelonaLa mare del nadó d'un mes que va morir a Tàrrega el 18 de novembre de l'any passat ha acceptat la pena de quatre anys de presó per un delicte d'homicidi imprudent. Les parts van arribar a un acord a finals del mes de juny i la mare va ingressar a la presó. El pacte no s'ha ratificat fins aquest dilluns, al penal 3 de Lleida, segons recull l'ACN. El nadó va morir després d'estar tretze dies ingressat en estat greu a l'Hospital Sant Joan de Déu de Barcelona per suposats maltractaments. El nen no presentava cap lesió física superficial sinó que patia la síndrome del nen sacsejat, que consisteix en una sèrie de lesions cerebrals que s'originen quan s'agita un bebè amb violència. Segons fonts judicials, el jutge ja va arxivar la causa contra el pare. L'acord considera provat que la mare del nadó, que es va quedar sola a casa amb el bebè el 5 de novembre del 2020 al matí, com que no parava de plorar ""va agafar el nen i el va sacsejar enèrgicament i va provocar que es colpegés el cap amb una superfície llisa"", cosa que li va causar danys com una hemorràgia intracranial.";successos
Dos menors moren en un xoc entre dos cotxes i els Mossos detenen un dels conductors;https://www.ara.cat/societat/menors-moren-xoc-cotxes-mossos-arresten-dels-conductors_1_4058607.html;18/07/2021;BarcelonaDos menors de tretze i quatre anys han mort cap a tres quarts d'onze d'aquesta passada nit en un accident de trànsit a la carretera C-63, a l'altura de Vidreres (Selva), després que els cotxes en què viatjaven xoquessin frontalment per causes que encara s'investiguen. Tot apunta que un dels conductors s'hauria adormit al volant. Els Mossos d'Esquadra han detingut l'home, de 46 anys i resident a Alemanya, per una imprudència greu. Des del Servei Català de Trànsit també han apuntat que, segons les primeres investigacions, una de les víctimes mortals no feia ús dels sistemes de seguretat passiva recomanats per a infants (cadireta i cinturó de seguretat). En l'accident s'han registrat vuit ferits més, i tres d'ells estan en estat greu.;successos
Presó per a tres dels sis detinguts per l'assassinat del Samuel;https://www.ara.cat/societat/detinguts-mes-menors-edat-pallissa-mortal-samuel_1_4048760.html;09/07/2021;BarcelonaLa Policia Nacional ha detingut fins aquest divendres sis persones en relació amb l'assassinat del Samuel, el noi de 24 anys que va ser apallissat dissabte passat davant una discoteca de la Corunya, a Galícia. El cas ha posat de manifest l'escalada d'agressions contra la comunitat LGTBI en les últimes setmanes. Aquest divendres la jutge que investiga el cas ha decretat l'ingrés a presó de tres d'ells. Es tracta de tres homes –amics entre si però sense relació amb la víctima– que van ser arrestats entre dilluns i dimecres passat. La jutge els relaciona amb la pallissa mortal i a un d'ells el responsabilitza també d'haver robat el mòbil a la víctima. En canvi, la quarta arrestada, una noia que també formava part del grup que va apallissar el Samuel, ha quedat en llibertat amb càrrecs perquè la Fiscalia, segons fonts del cas consultades per l'agència Efe, no n'ha demanat l'ingrés.;successos
Arresten un menor que ha arrencat els ulls a un treballador d'un hotel de Cambrils;https://www.ara.cat/societat/detingut-menor-arrencar-ulls-treballador-hotel-cambrils_1_4045036.html;06/07/2021;BarcelonaL'Hotel El Dorado de Cambrils, un dels establiments més populars de la Costa Daurada, ha sigut l'escenari d'un episodi dantesc aquesta nit. Els Mossos d'Esquadra han hagut de reduir i arrestar un menor de 17 anys que havia atacat amb violència un dels treballadors de l'establiment, fins al punt d'arrencar-li els ulls. La víctima, de 62 anys, és a l'hospital en estat greu amb ferides a tota la cara. Els agents dels Mossos i de la Policia Local van haver de reduir l'agressor amb contundència, i actualment està sota custòdia policial en un centre hospitalari barceloní. L'agressió va passar pocs minuts després de mitjanit. El noi era client de l'hotel i s'hi allotjava amb la seva mare que, segons ha avançat La Vanguardia i ha pogut confirmar aquesta redacció, hauria demanat ajuda al personal de l'establiment i a la policia perquè el noi tenia un brot psicòtic i la seva conducta era molt violenta. Quan el treballador de l'hotel –de 62 anys– ha respost a la petició d'ajuda el noi ha reaccionat atacant-lo amb cops de puny i puntades de peu. L'agressor s'hi ha acarnissat, sobretot a la zona del cap i de la cara i li ha acabat arrancant els ulls.;successos
Un any retinguts cultivant marihuana a la força;https://www.ara.cat/societat/cau-grup-criminal-traficava-ciutadans-xinesos-explotava-plantacions-marihuana_1_4044688.html;06/07/2021;"BarcelonaQuan a finals de maig va ser alliberada d'una de les naus industrials on havia estat explotada cultivant marihuana durant mesos, una de les víctimes va relatar als Mossos d'Esquadra que feia tant de temps que estava tancada que quan en va sortir es va sorprendre perquè, de cop, a Catalunya, tothom duia mascareta. L'exemple evidencia la magnitud del cas: vuit persones membres d'una organització criminal xinesa havien introduït il·legalment deu compatriotes seus –vuit homes i dues dones– a Catalunya, per forçar-los a cultivar marihuana en quatre naus industrials, on vivien en condicions infrahumanes i d'on no podien sortir. Explotant les víctimes i venent la marihuana, el grup criminal va arribar a guanyar dos milions d'euros en set mesos, segons la policia. La investigació va començar a finals del 2019 quan agents de la unitat central de tràfic d’éssers humans van descobrir l'organització, encapçalada per un conegut cap de la comunitat de Fujian, a la Xina. ""Ens va arribar una informació que hi havia una màfia que cultivava marihuana i que podia estar tractant amb persones"", explica a l'ARA l'inspector Antoni Salleras, cap de l'àrea central de crim organitzat. La investigació va confirmar les sospites i els agents van accelerar la feina per alliberar les víctimes com més aviat millor. ""No sabíem quantes n'hi havia exactament, ho vam veure quan vam entrar a les naus, on vivien en un estat lamentable i insalubre, en unes condicions molt dolentes"", afirma. Els tenien en habitacions petites, molt brutes, amb tots els matalassos junts, i només els donaven menjar un cop a la setmana. Alguns feia un any que no sortien a l'exterior.";successos
La investigació confirma el suïcidi de John McAfee;https://www.ara.cat/societat/investigacio-confirma-suicidi-john-mcafee_1_4041096.html;02/07/2021;"BarcelonaTotes les proves indiquen que el creador del primer antivirus comercial, John McAfee, es va suïcidar a la seva cel·la de Bians II el dimarts 22, poc després de saber que l'Audiència Nacional havia decidit extradir-lo als Estats Units. Tot i que tant el seu entorn més proper com el seu advocat havien posat en dubte que s'hagués matat, tots els indicis apunten a un suïcidi i cap no fa pensar el contrari, segons fonts penitenciàries. Els informes interns del centre deixen clar que es va penjar quan era tot sol a la cel·la, on havia anat voluntàriament en unes hores en què podia sortir-ne per fer activitats o estar-se al pati. Els resultats de l'autòpsia, segons les mateixes fonts, també ho indiquen i no hi ha cap prova que indiqui que algú altre va entrar a la cel·la quan McAfee es va treure la vida. Així doncs, la investigació sobre la mort del pres, com a mínim per ara, confirma la hipòtesi inicial del suïcidi, que investiga un jutjat de Martorell. Cal recordar que sectors propers vinculats a la xarxa conspirativa QAnon i fins i tot la portaveu del ministeri d’Afers Exteriors rus, Maria Zakhàrova, havien alimentat la teoria que McAfee podria haver estat víctima d'un assassinat. ""M’agradaria que, per una vegada, el misteri de la mort de figures públiques occidentals no es resolgués 50 anys després"", va publicar Zakhàrova al seu canal de Telegram, fent referència a la mort de McAfee. Sectors vinculats a QAnon, per la seva banda, feien circular per Telegram i les xarxes socials que McAfee tenia 31 terabytes d'informació compromesa que podia perjudicar el govern dels EUA i altres autoritats, i que per això l'havien fet matar.";successos
Multa de 180.000 euros a Iqoxe per l'explosió en què van morir tres persones;https://www.ara.cat/societat/multa-180000-euros-iqoxe-explosio-morir-tres-persones_1_4040603.html;02/07/2021;"BarcelonaL'empresa química Iqoxe haurà de pagar una multa de 180.000 euros per l'explosió que va costar la vida a tres persones –dos treballadors de la fàbrica a la Canonja i un veí de Tarragona– i en va ferir vuit més. La Inspecció de Treball de Catalunya considera una infracció ""molt greu"" l'actuació de l'empresa que va derivar en la deflagració mortal i detecta ""diversos incompliments preventius de seguretat i salut laboral"" en la producció de la substància química –MPEG 500– que es feia a les instal·lacions. Els fets van passar el 14 de gener del 2020, quan un reactor va explotar a la planta, dedicada a la producció d'òxid d'etilè i altres derivats de l'etilè i el propilè. La Inspecció de Treball constata ""continues dilacions en l'entrega de documentació requerida"" a la companyia per aclarir els fets i l'acusa de posar ""obstacles"" en el curs de les actuacions que han derivat finalment en la proposta de sanció.";successos
Investiguen l'autoria d’un incendi que ha deixat una dona i un nadó ferits;https://www.ara.cat/societat/investiguen-autoria-incendi-casa-dona-nado-sant-quirze_1_4039525.html;01/07/2021;BarcelonaContinua oberta la investigació dels Mossos d’Esquadra per aclarir l’autoria d’un incendi en un habitatge que ha deixat una dona i el seu nadó de sis mesos ferits. Els serveis d’emergències han rebut un avís a dos quarts de dotze d’aquest matí per un foc als baixos d’un domicili a Sant Quirze del Vallès. Les flames han causat cremades a la dona, que l’han traslladada en estat crític a l’Hospital de la Vall d’Hebron de Barcelona. També han portat el nadó al mateix centre en estat menys greu. La primera hipòtesi de la investigació policial apuntava a un home –parella de la dona i pare del nadó– com a possible autor del foc. Segons ha avançat SER Catalunya, com que la dona l’han trobada lligada, d’entrada se sospitava que l’home hauria pogut intentar matar la família calant foc a l’immoble, amb la mare i el nadó a dins. Però tampoc es descarta que fos una acció de la dona per autolesionar-se. En tot cas, res fa pensar que sigui un incendi accidental.;successos
La CNews, la Fox News francesa que dona ales a l'extrema dreta;https://www.ara.cat/media/cnews-fox-news-francesa-dona-ales-l-extrema-dreta_1_4035074.html;27/06/2021;"ParísEn vigílies de les eleccions regionals i departamentals franceses, i quan falta menys d'un any per a les presidencials, la televisió que diferents mitjans de comunicació han batejat amb el nom de Fox News francesa, la CNews, ha superat els seus competidors directes —els canals de 24 hores de notícies— per primera vegada des de la seva fundació, el 2017. CNews, que té presentadors i col·laboradors d'extrema dreta, va registrar el mes passat una quota del 2,7%, contra el 2,5% de la cadena líder fins ara, BFM TV. Així, també s'ha situat per davant de la LCI i FranceInfo, entre d'altres. Tot i que les xifres d'audiències no són gaire elevades si es comparen amb les dels canals generalistes, la victòria simbòlica de CNews sobre les cadenes de 24 hores de notícies ha protagonitzat portades i nombrosos articles d'opinió de la premsa francesa. ""Més enllà de la importància que va agafant en el panorama televisiu, el que desperta més interès és la seva influència en la resta de mitjans"", assegura Mihaela Alexandra Tudor, professora de sociologia dels mitjans de comunicació de la Universitat Paul Valéry de Montpeller. ""Veig CNews com l'encarnació d'un mitjà alternatiu als tradicionals, menys institucionalitzat i que correspon més a les expectatives d'alguns francesos desencantats amb el sistema"", afegeix Tudor. D'altra banda, l'assessora sobre decisions empresarials dels mitjans de comunicació Marine Balansard considera que s'està parlant massa de CNews, fet que, precisament, provoca que creixi la seva influència.";violència masclista
Mor ofegat un nen de 12 anys al pantà de la Llosa del Cavall;https://www.ara.cat/societat/mor-ofegat-nen-12-anys-panta-llosa-cavall_1_4023916.html;17/06/2021;BarcelonaUn noi de 12 anys de Calaf ha mort ofegat al pantà de la Llosa del Cavall, a Sant Llorenç de Morunys, al Solsonès. El menor havia anat d'excursió amb l'institut del seu poble al pantà, on han fet una activitat de rem en caiac, i ha desaparegut quan s'estava banyant a la riba de l'embassament. Els Bombers s'han desplaçat fins al lloc dels fets després de rebre un avís a les 14.39 h i han localitzat el menor dins el pantà a les 16.06 h. L'han extret de l'aigua i els efectius del Sistema d’Emergències Mèdiques l’han començat a atendre però no han pogut salvar-li la vida. Ara els Mossos d’Esquadra obriran l’atestat corresponent.;successos
Cap de setmana tràgic, amb sis morts a les carreteres;https://www.ara.cat/societat/cap-setmana-tragic-sis-morts-carreteres_1_4019398.html;13/06/2021;BarcelonaEl cap de setmana acaba amb un balanç tràgic de sis morts a les carreteres catalanes, quatre dels quals conductors de motocicletes, segons el balanç de trànsit des de divendres a les 15 hores. L'últim accident ha tingut lloc aquesta tarda, quan un motorista ha mort al caure del vehicle a la C-245 a Sant Boi de Llobregat. Aquest sinistre se suma a les víctimes que hi va haver en dos accidents de moto dissabte: un als túnels de Vallvidrera, en què va morir un home veí de Sant Cugat del Vallès, i l'altre a Moià, la víctima del qual era veí de Caldes de Montbui. Divendres al vespre va morir un jove a Alcoletge, al Segrià, en un xoc entre la moto que conduïa i una furgoneta.;successos
Ferit crític l'home accidentat a l'Estació de França de Barcelona;https://www.ara.cat/societat/ferit-critic-home-accidentat-estacio-franca-barcelona_1_4019251.html;13/06/2021;BarcelonaUn home ha quedat ferit crític aquest diumenge al migdia a l'Estació de França de Barcelona quan ha intentat pujar al tren que ja arrencava i s'ha vist arrossegat pel comboi, segons les primeres informacions. El comboi, de la R2 sud, ja estava tancant les portes i la víctima hauria quedat atrapada mentre el tren ja avançava per sortir de l'estació. Renfe ha demanat a Adif les imatges enregistrades de l'accident per aclarir els fets, segons informa l'ACN. La víctima, d'uns 35 anys, ha patit l'amputació d'una cama i està en estat crític a l'Hospital del Mar a l'espera de ser intervingut.;successos
Busquen l'autor del tret que va ferir ahir un home a l'Eixample de Barcelona;https://www.ara.cat/societat/busquen-l-autor-tret-ferir-ahir-home-l-eixample-barcelona_1_4018811.html;13/06/2021;BarcelonaEls Mossos d'Esquadra busquen l'autor d'un tret que ahir va ferir de gravetat un home de 46 anys a prop de la Sagrada Família, segons la informació que va avançar la Cadena SER i que han confirmat a l'ARA fonts del cos. La policia va rebre l'avís cap a les 22.30 hores de dissabte i els fets haurien tingut lloc en una terrassa a l'avinguda Gaudí, una zona amb molts bars i restaurants on a aquella hora de dissabte hi havia força gent. Tot i que fonts oficials dels Mossos no detallen el punt exacte de l'atac, treballadors d'un restaurant de l'avinguda Gaudí han confirmat a l'ARA que va ser a la seva terrassa, al número 19, on va actuar l'home. Segons les primeres informacions, l'atacant s'hauria aproximat a la víctima i li hauria disparat al pit. L'home ferit va ser traslladat a l'Hospital de Sant Pau, el més pròxim a la zona dels fets, i els Mossos busquen ara l'agressor, que va fugir corrents.;successos
Troben mort el noi de 15 anys desaparegut mentre es banyava al riu Segre;https://www.ara.cat/societat/busquen-noi-14-anys-desaparegut-banyava-riu-segre_1_4018551.html;12/06/2021;BarcelonaEl Grup d'Actuacions Especials (GRAE) dels Bombers de la Generalitat ha localitzat cap a tres quarts de deu de la nit d'aquest dissabte el cadàver del noi de 15 anys que havia desaparegut al riu Segre mentre s'hi banyava amb uns amics, a la zona del Parc de la Mitjana de Lleida. Segons han explicat fonts dels Mossos d'Esquadra a l'ACN, l'han trobat a aproximadament uns 50 metres del pont de ferro, des d'on s'ha llançat a l'aigua i on se li havia perdut el rastre. L'avís de la desaparició ha arribat cap a les 18 hores i efectius dels Bombers i equips d'emergències, els Mossos d'Esquadra i la Guàrdia Urbana han participat en el dispositiu de recerca del noi, que finalment ha aparegut mort aquest vespre.;successos
Confessa la parricida de Sant Joan Despí;https://www.ara.cat/societat/confessa-parricida-sant-joan-despi-filla-4-anys_1_4017337.html;11/06/2021;El jutjat d'instrucció número 7 de Sant Feliu de Llobregat ha enviat a la presó, de manera provisional i sense fiança, la dona detinguda per haver matat la filla de 4 anys a Sant Joan Despí el 31 de maig. Segons fonts amb accés a dades de la investigació, el jutge ha pres la decisió quan ella ha declarat i confessar que havia assassinat la Yaiza ofegant-la amb una bossa de plàstic, cap a les vuit del matí. La nit abans ja l'havia drogada amb un comprimit de Lorazepam. La parricida confessa, Cristina R. E., s'havia separat i ha explicat al jutge que feia dos o tres mesos que es plantejava matar la filla per motius relacionats amb la disputa que mantenia amb l'exparella, de manera que s'entén que ho va fer per venjar-se'n. De fet, segons fonts pròximes a la família, ja havia intentat fer servir la filla com a moneda de canvi per negociar amb l'exmarit, tot i que mai l'havia amenaçada ni havia insinuat de fer-li res.;successos
Troben el cos d'una menor a la zona on buscaven les dues nenes desaparegudes de Tenerife;https://www.ara.cat/societat/troben-cos-d-menor-zona-buscaven-dues-nenes-desaparegudes-tenerife_1_4016028.html;11/06/2021;BarcelonaEl cas de l'Ana i l'Olivia, les dues menors desaparegudes a Tenerife juntament amb el seu pare el 27 d'abril, pot acabar amb un fatal desenllaç al mar. El buc oceanogràfic especialitzat, que ja fa dies que treballa per rastrejar a gran profunditat el fons marí en el punt on es va trobar la llanxa a la deriva del pare de les petites, ha localitzat aquest dijous el cos aparentment d'una menor, segons ha confirmat la delegació del govern canari a l'agència Efe. La troballa ha estat comunicada també a la família de les nenes, d'un i sis anys. Ara l'autòpsia haurà de certificar la identitat del cos. En les últimes hores, el buc, equipat amb un sonar i un robot submarí, havia localitzat i extret una funda nòrdica i una bombona d'oxigen. Els investigadors van confirmar que eren propietat del pare de les menors, desaparegut juntament amb les petites. D'aquesta manera, pren força la línia d'investigació que apuntava que el pare hauria assassinat les nenes i que s'hauria desfet dels cossos tirant-los al mar, abans d'acabar també amb la seva vida. Tot i així, la Guàrdia Civil manté totes les línies d'investigació obertes, mentre el cas continua sota secret de sumari.;successos
Presó provisional per a la dona que va tallar el penis a l'amo del bar on treballava;https://www.ara.cat/societat/preso-provisional-dona-tallar-penis-l-amo-bar-treballava_1_4008225.html;03/06/2021;BarcelonaLa dona que dilluns va tallar el penis del seu a l'amo del bar on treballava, a de Sant Andreu de la Barca, ingressarà a la presó de manera provisional i sense fiança, segons ha informat el Tribunal Superior de Justícia de Catalunya (TSJC). La dona va declarar que va actuar en defensa pròpia per repel·lir una agressió sexual de l'home, i que no era la primera vegada que intentava abusar d'ella. Després d'examinar la investigació del cas que han fet els Mossos, però, la magistrada no ha avalat aquesta versió. Segons ha pogut saber l'ACN, hi havia discrepàncies de consideració entre la versió de l'acusada i els indicis i les proves recollits. Tampoc quadren els testimonis, alguns dels quals han explicat que la dona i l'home es presentaven com a matrimoni. Els fets van tenir lloc cap a les dues de la matinada de dimarts, quan l'home es va presentar a la comissaria de la Policia Local de Sant Andreu de la Barca amb ferides de gravetat a la zona genital, per les quals va ser intervingut a l'Hospital de Bellvitge, on segueix ingressat. Després, la dona també es va presentar a la Policia Local per explicar que l'home volia agredir-la sexualment i que ella li havia tallat el penis per defensar-se. Els Mossos la van detenir per un delicte de lesions. L'home va ingressar a l'hospital, i la policia preveia detenir-lo perquè respongués davant les autoritats per un delicte d'agressió sexual.;successos
Crim masclista a Porqueres: s'entrega després de matar la parella;https://www.ara.cat/societat/crim-masclista-porqueres-s-entrega-despres-matar-parella_1_4007245.html;03/06/2021;Barcelona / PorqueresCrim masclista a Porqueres, al Pla de l'Estany, a la vora de Banyoles. Un home es va presentar ahir cap a les deu de la nit a la comissaria de Banyoles per confessar que havia matat la seva parella, Alla, de 48 anys i originària de Letònia. La policia va localitzar el cos de la víctima amb senyals de violència a casa seva, a Porqueres, i efectius del Sistema d'Emergències Mèdiques (SEM) en van certificar la mort. L'home, de nacionalitat espanyola i de 45 anys, ha quedat detingut acusat del crim. Davant la comitiva judicial, l'arrestat ha admès que aquest dimecres va assassinar la seva parella. Segons ha relatat, cap a quarts de dotze del migdia van començar a discutir perquè ella li va retreure que no tingués feina i que estigués enganxat a les drogues. Segons informa l'ACN, llavors l'home va agafar un ganivet de la cuina, la va apunyalar per l'esquena i, quan la dona va caure, li va clavar diverses ganivetades més. Després va marxar del domicili unes hores, fins que va anar a la comissaria per entregar-se.;violència masclista
Investiguen una dona per matar la seva filla de quatre anys a Sant Joan Despí;https://www.ara.cat/societat/mossos-investiguen-mort-nena-quatre-anys-sant-joan-despi_1_4004680.html;01/06/2021;BarcelonaEls Mossos d’Esquadra investiguen una dona per matar la seva filla de quatre anys a Sant Joan Despí. La hipòtesi de la policia és que la mare va causar la mort de la nena amb pastilles i després es va intentar suïcidar amb el mateix mètode. La dona està ingressada a l’Hospital Moisès Broggi en estat molt greu i sota la custòdia dels Mossos perquè formalment l’han detingut com a presumpta autora del crim. El pare de la nena, que estava separat de la mare, l’havia d’anar a buscar aquest dilluns a la tarda a l’escola. Però el centre li va dir que no havia anat a classe. Llavors va intentar contactar amb la dona i al final va alertar la família d’ella, que cap a dos quarts de set de la tarda va anar al pis de Sant Joan Despí on vivien la mare i la filla. Quan van entrar al domicili, es van trobar la nena morta i la dona inconscient i van avisar la policia.;successos
Troben el cadàver d'un home dins d'un dinosaure decoratiu a Santa Coloma de Gramenet;https://www.ara.cat/societat/troben-cadaver-d-home-d-dinosaure-decoratiu-santa-coloma-gramenet_1_3994768.html;23/05/2021;BarcelonaUn pare i un fill que jugaven a l'antic cinema City de Santa Coloma de Gramenet, a l'edifici Cubics, van donar l'avís dissabte: a dins del dinosaure decoratiu hi havia un cos. Es tracta d'un home de 39 anys a qui la seva família buscava i que, segons ha avançat SER Catalunya, intentava recuperar el telèfon mòbil que li havia caigut en una pota del dinosaure quan va caure cap per avall i no va poder sortir. Els Bombers van haver de serrar part del dinosaure per treure el cadàver, que segons les primeres conclusions no presentava signes de criminalitat. Els Mossos d'Esquadra s'han fet càrrec de la investigació i estan a l'espera dels resultats de l'autòpsia per determinar les causes de la mort i esbrinar com l'home va poder entrar a l'interior de la figura decorativa, que és a l'exterior dels antics cinemes, a tocar de l'avinguda de Francesc Macià i de la B-20.;successos
S'estavella una avioneta a les vies del tren de Sabadell;https://www.ara.cat/societat/s-estavella-avioneta-vies-tren-sabadell_1_3977348.html;08/05/2021;BarcelonaUna dona ha resultat ferida menys greu aquest dissabte en un accident amb l'avioneta que pilotava i que s'ha estavellat contra les vies del tren de Sabadell durant les maniobres d’aterratge. Afortunadament, no passava cap comboi, però el sinistre ha obligat a tallar la circulació de les línies R4 i R12 entre Barberà del Vallès i Sabadell. L'aeronau accidentada s'havia enlairat a Reus, on havia d'aterrar, però el trajecte s'ha vist interromput per problemes amb la pressió d'oli i la pilot ha avisat que havia d'aterrar a Sabadell. Amb tot, no ha tingut marge de maniobra i ha caigut a les vies. El Sistema d’Emergències Mèdiques (SEM) ha atès la pilot, única tripulant de l’avioneta, que ha resultat ferida menys greu i ha sigut traslladada a l’Hospital Parc Taulí de Sabadell. El Centre de Coordinació Operativa de Catalunya (CECAT) de Protecció Civil ha rebut un avís a les 18.03 de l'aeroport de Sabadell indicant que activaven el seu pla d'emergències en alerta local a causa d'una avioneta biplaça que havia d'aterrar amb baixa pressió d'oli. Set minuts després, l'avioneta s'ha estavellat i ha quedat atrapada a les vies.;successos
Una lleidatana perd 118.000 euros per l'estafa d'un fals militar enamorat;https://www.ara.cat/societat/lleidatana-perd-118-000-euros-l-estafa-d-fals-militar-enamorat_1_3972692.html;05/05/2021;BarcelonaContacta, ataca i remata en nom de l'amor. És el procediment habitual de l'estafa coneguda com la del fals militar o el fals enamorat virtual que els Mossos d'Esquadra van detectar a les comarques de Ponent el cap de setmana passat. El cas es remunta a fa unes setmanes, quan una dona rep i accepta una sol·licitud d'amistat a les seves xarxes socials d'un desconegut que diu que és general de l'exèrcit dels Estats Units destinat en una missió humanitària a l'Afganistan. El suposat militar també diu que té la nacionalitat espanyola i, en els molts missatges que la parella comparteix, li explica que s'està plantejant deixar la seva carrera per trobar-se amb ella i iniciar una relació, però que per fer-ho ha de pagar una indemnització. Tota la relació és per xarxes o per missatgeria instantània (WhatsApp) i mai mantenen cap contacte telefònic. Amb tot, el general en qüestió sap guanyar-se la confiança de la dona, que accedeix a les demandes econòmiques i li va fent transferències a un suposat compte bancari de l'ONU. El primer pagament és de 1.500 euros per a uns hipotètics tràmits inicials i en van seguint d'altres amb quantitats més considerables –la majoria de 15.000 euros i un de 50.000–, fins a arribar a desemborsar 118.000 euros en total, informen els Mossos en un comunicat.;successos
Investigat un pare desaparegut pel presumpte segrest de les dues filles menors;https://www.ara.cat/societat/investiguen-segrest-menors-pare-tenerife-nenes_1_3966245.html;30/04/2021;Un jutjat de Tenerife investiga com un presumpte segrest parental la desaparició de dues nenes d'un i sis anys juntament amb el seu pare, que havia amenaçat la seva exdona i mare de les criatures que no les tornaria a veure. De moment, els investigadors mantenen obertes totes les hipòtesis i en la batuda que s'ha fet al voltant del port s'ha localitzat el vaixell propietat de l'home buit i a la deriva, a més d'una cadireta de retenció infantil per a vehicles, que no ha estat identificada. Dins del vaixell, segons ha publicat l'agència Efe, els agents han trobat restes de sang que estan analitzant per saber a qui pertanyen. D'acord amb la denúncia de la mare, Tomás Antonio G., de 37 anys, es va endur les seves filles de la casa materna dimarts a les 17 h i hauria de haver-les tornat a les 21 h però no ho va fer. Segons fonts de la investigació, l'últim que se sap del pare és que hores després, cap a la mitjanit, una càmera de vigilància del port el va captar salpant tot sol en el seu vaixell, que més tard va ser localitzat a la deriva i sense cap ocupant a bord. Un vigilant el va veure treure del cotxe bosses i maletes per carregar-les a l'embarcació, informa l'agència Efe. De moment, però, no hi ha cap rastre ni pista d'on poden ser les menors.;violència masclista
Detingut un mestre a Madrid per abusar sexualment d'almenys 36 menors;https://www.ara.cat/societat/detingut-professor-madrid-abusar-sexualment-d-almenys-36-menors_1_3958966.html;23/04/2021;BarcelonaAgents de la Policia Nacional han detingut a Madrid un perillós depredador sexual infantil que, presumptament, utilitzava la seva condició de mestre en un centre educatiu de la capital espanyola per abusar dels menors. Han estat identificades 36 víctimes, totes d'edats compreses entre els quatre i els vuit anys, segons la direcció superior de la Policia Nacional de Madrid. L'arrestat, de nacionalitat anglesa, també exercia ocasionalment de cuidador infantil a domicili, i feia servir fòrums ocults de temàtica pedòfila a la xarxa TOR per difondre el material que ell mateix generava i obtenir altres imatges generades per tercers. Les investigacions policials van començar a principis del 2020 gràcies a la cooperació i la coordinació entre especialistes dedicats a la lluita contra l'explotació sexual de menors a internet i a la identificació de víctimes. En aquest cas va ser la policia de Queensland, a Austràlia, qui va detectar la comissió d'un delicte de distribució de material relatiu a l'explotació sexual de menors en fòrums de temàtica exclusivament pedòfila de la xarxa TOR, i que l'autor, amb una alta probabilitat, podria localitzar-se a Espanya.;successos
Troben un cadàver amb signes de violència al maleter d'un cotxe a Roses;https://www.ara.cat/societat/troben-cadaver-signes-violencia-maleter-d-cotxe-roses_1_3946086.html;13/04/2021;BarcelonaLa divisió d’investigació criminal dels Mossos d'Esquadra ha oberta una investigació després d'haver localitzar, ahir cap a les 11 de la nit, el cos sense vida d'un home tancat al maleter d'un cotxe a Roses (Alt Empordà). El cos presentava senyals de criminalitat, segons ha informat la policia en un comunicat. Els Mossos van rebre una trucada alertant de la troballa del cadàver i, un cop al lloc dels fets, al carrer Bernat Metge, van confirmar els signes de criminalitat del cas. Segons la cadena SER, van ser el germà de la víctima i un amic els que van avisar el 112 i van alertar que feia quatre dies que no en sabien res. Els agents de la divisió d’investigació criminal de la regió policial de Girona s’han fet càrrec de la investigació per aclarir les circumstàncies de la mort.;successos
Mor d'una ganivetada després d'entrar a robar en una casa a Rubí amb una plantació de marihuana;https://www.ara.cat/societat/mor-ganivetada-robar-casa-rubi-plantacio-marihuana_1_3944347.html;11/04/2021;BarcelonaUn home va morir ahir a la nit a Rubí d'una ganivetada quan va entrar a robar en una casa a mig construir i la presumpta víctima del robatori el va apunyalar, segons han informat els Mossos. Els agents van trobar una plantació de marihuana al lloc dels fets i han detingut l'habitant de la casa per la seva implicació en la mort i també per un delicte contra la salut pública. Els Mossos van rebre un avís a la mitjanit que hi havia una persona ferida durant la presumpta comissió d'un robatori violent en una casa a Rubí, a la zona de la urbanització de Sant Muç. Es tractava d'una barraca a mig construir, als baixos de la qual hi havia plantes de marihuana, segons van comprovar els agents. Tot i la intervenció del Servei d'Emergències Mèdiques no es va poder salvar la vida del ferit. La investigació dels fets continua oberta.;successos
Detenen una noia de 20 anys i la seva mare per haver matat un nadó a Tarragona;https://www.ara.cat/societat/detenen-noia-20-anys-seva-mare-matat-nado-tarragona_1_3941069.html;08/04/2021;Els Mossos d'Esquadra han detingut a Tarragona aquest dijous dues dones, de 42 i 20 anys i nacionalitat espanyola, per presumptament haver matat el nadó de la noia. Segons un breu comunicat dels Mossos, la investigació es va iniciar el 4 de desembre del 2020 quan els agents van rebre un avís informant-los que una dona podria haver tingut un nadó cap al març d'aquell any –és a dir, quan començava el confinament–, i que entre ella i la seva mare l'haurien matat i s'haurien desfet del cos.;successos
La mort de l'ós Cachou fa caure una xarxa de tràfic de droga a la Vall d'Aran;https://www.ara.cat/societat/mort-l-cachou-caure-xarxa-trafic-droga-vall-d-aran_1_3929617.html;28/03/2021;BarcelonaLa investigació oberta l'abril de l'any passat per determinar qui va enverinar i matar amb anticongelant l'ós Cachou a Les, a la Vall d'Aran, ha tingut una derivada sorprenent: durant les escoltes telefòniques que s'han fet per a aquest cas, els Mossos van descobrir un moviment sospitós de cocaïna que, segons ha explicat La Vanguardia, ha acabat amb la desarticulació d'un grup criminal. S'han fet un total de dotze detencions a Castelló, Lleida i Viella i s'han confiscat dos quilos de cocaïna i desarticulat un laboratori d'elaboració de drogues a Lleida, on presumptament transformaven pasta de cocaïna importada des de Colòmbia en droga preparada per al consum. Entre els detinguts, hi ha l'alcalde de la pedania de Casau, Juan Berdié, que aquest dissabte va ser posat en llibertat provisional. La jutge ha dictat presó provisional eludible amb fiança de 6.000 euros per a un dels arrestats, presó comunicada sense fiança per a quatre més, i llibertat amb retirada de passaport i prohibició de sortir del territori per als altres set. La causa està oberta per un delicte contra la salut pública, organització criminal i blanqueig de capitals.;successos
Demanen 10 anys de presó a un home per apunyalar-ne un altre en una discussió a Puigcerdà;https://www.ara.cat/pirineus/demanen-10-anys-preso-home-apunyalar-ne-discussio-puigcerda_1_3914168.html;25/03/2021;"PuigcerdàL'Audiència de Girona ha començat a jutjar un acusat que afronta 10 anys de presó per apunyalar un jove al coll en una discussió de trànsit a Puigcerdà. Els fets van tenir lloc la matinada del 26 de novembre del 2018. Segons la fiscalia i l'acusació particular, el processat formava part d'un grup de persones que ""ocupava la calçada"" per on la víctima, que anava amb cotxe, va intentar passar. En aquell moment, l'acusat va colpejar el vehicle, els ocupants van baixar i va començar a discussió. Les acusacions apunten que, durant la batussa, el processat va treure una navalla, va punxar una roda, va amenaçar la víctima i li va assestar la punyalada. L'acusen d'intent d'homicidi amb abús de superioritat, danys i amenaces. El processat, per la seva banda, ho nega.";successos
Fascinats pel 'true crime': les sèries que dignifiquen els successos;https://www.ara.cat/media/fascinats-pel-true-crime-series-dignifiquen-successos_1_3890609.html;05/03/2021;"Convertir un crim monstruós en una obra d'art. Aquesta acció defineix curosament A sang freda (1965), de Truman Capote, considerada el tret de sortida d'una de les grans revolucions periodístiques i literàries del segle XX: la novel·la de no-ficció. El nou periodisme nord-americà (autors com Norman Mailer, Gay Talese, Harper Lee) va enllustrar un fenomen que ha arribat als nostres dies en el seu millor moment gràcies a la fascinació pel true crime. Aquest subgènere narratiu, que investiga i reconstrueix crims reals, viu un creixement sense precedents motivat per la proliferació de plataformes de contingut televisiu. L'èxit del format es demostra en les moltes hores de no-ficció criminal que hi ha a Netflix i la HBO, però sobretot en el fet que un espai que relata crims reals –Crims de Carles Porta, a TV3– pugui liderar els índexs d'audiència d'una televisió publica amb mà de ferro. Una de les bases fundacionals d'aquest exitós programa és preguntar-se ""Per què matem?"", i d'aquí se'n deriva una altra qüestió igual d'inquietant: ""Per què ens agrada veureu-ho?'";successos
Cau el grup criminal que estafava enviant milers de SMS amb enllaços fraudulents;https://www.ara.cat/societat/cau-grup-criminal-estafava-enviant-milers-sms-enllacos-fraudulents_1_3890631.html;05/03/2021;BarcelonaHavien enviat 71.000 SMS amb un link que en realitat era un enllaç trampa que derivava a una web on se suplantaven entitats bancàries i operadors mòbils per obtenir les claus i les contrasenyes de les víctimes que picaven. Un cop tenien aquesta informació, duplicaven la targeta SIM de la línia de mòbil de la víctima per accedir als codis de validació dels bancs i, alhora, evitar que la víctima s'adonés del frau. Els Mossos d'Esquadra han desarticulat el grup criminal que hi ha al darrere d'aquesta estafa, anomenada smishing, amb la detenció de quatre persones d'entre 19 i 27 anys, als quals s'atribueix un delicte d'estafa i pertinença a grup criminal. La investigació, que segueix oberta, va començar l'octubre de l'any passat amb la denúncia d'un ciutadà i ha permès concloure que els integrants del grup usurpaven la identitat d'entitats bancàries, companyies d’assegurances, empreses de paqueteria i correus i empreses de telefonia. Enviaven massivament milers de SMS a usuaris de telefonia mòbil on se’ls advertia que les seves claus i contrasenyes es cancel·larien si no accedien a l’enllaç que se’ls adjuntava a través dels missatges per SMS.;successos
L'home trobat mort a Cabanelles (Alt Empordà) havia rebut una pallissa;https://www.ara.cat/societat/l-home-trobat-mort-cabanelles-alt-emporda-havia-rebut-pallissa_1_3887003.html;01/03/2021;L'autòpsia que els forenses han començat a fer aquest dilluns a l'home trobat mort en una rasa al voral de la carretera GIP-5237 a Cabanelles (Alt Empordà) apunta que va rebre una pallissa i que li van clavar diverses ganivetades al coll. Segons fonts properes a la investigació, recollides per l'ACN, l'examen preliminar a la víctima indica que la mort va ser violenta i intencionada. Un ciclista va localitzar el cos de l'home a la carretera cap al santuari de la Mare de Déu del Mont diumenge cap a tres quarts de dotze del migdia. L'home, d'entre 25 i 35 anys i vestit amb una granota negra de feina, anava indocumentat i no hi havia cap denúncia de desaparició. Segons les mateixes fonts, encara no l'han pogut identificar. El cas està sota secret de sumari.;successos
Presó per al presumpte autor del doble homicidi d'una parella d'edat avançada a Barcelona l'estiu del 2019;https://www.ara.cat/societat/preso-presumpte-autor-doble-homicidi-d-parella-d-edat-avancada-barcelona-l-estiu_1_3881496.html;23/02/2021;BarcelonaEls Mossos d'Esquadra han detingut un home de 52 anys a Sant Antoni de Vilamajor (Vallès Oriental) com a presumpte autor del doble homicidi d'una parella d'edat avançada a casa seva, al districte de Sants-Montjuïc de Barcelona, el 24 d'agost del 2019. La Divisió d'Investigació Criminal (DIC) va obrir una investigació que va permetre determinar que havien mort de manera violenta, i que l'ara detingut podria estar-hi implicat, després d'haver tingut relacions comercials amb les víctimes dies abans de la seva mort. El 16 de febrer els Mossos van detenir l'home i es va escorcollar el seu domicili. Un cop ha passat a disposició judicial, el jutge ha ordenat l'ingrés a presó provisional de l'arrestat. L'avís que va permetre trobar els cossos el van fer els veïns del matrimoni, que vivien en un pis situat al carrer Mossèn Amadeu Oller. Van denunciar que feia dies que sentien una forta pudor a l'escala i que podia procedir de l'interior del domicili del matrimoni, de qui no tenien notícies en els últims dies. Agents de la Guàrdia Urbana es van desplaçar fins a l'immoble, i van comprovar que la pudor que se sentia a l'escala procedia de l'interior de l'immoble. Un cop va arribar el fill de la parella, va ser ell qui va obrir la porta amb clau, i van trobar la parella morta, amb indicis de criminalitat i de fer dies que havien mort.;successos
Presó per a dos agents de la Policia Nacional que van agredir un home i la seva filla de 14 anys a Linares;https://www.ara.cat/societat/preso-policies-nacionals-agredir-home-seva-filla-14-anys-linares-jaen_1_3872468.html;15/02/2021;BarcelonaLa titular del jutjat número 3 de Linares, a Jaén, ha ordenat l'ingrés a la presó d'un agent i un subinspector de la Policia Nacional que van ser detinguts divendres per agredir, quan estaven fora de servei, un home al mig del carrer i la seva filla de 14 anys. Tant l'agent com el subinspector es van negar a declarar davant dels seus companys de la policia per uns fets que van passar a la terrassa d'un bar i que diversos vianants van enregistrar amb el mòbil. L'home ferit pateix lesions a la cara i ahir va haver de tornar a ser ingressat a l'Hospital San Agustín del municipi per problemes a al còrnia. La menor va quedar ferida de menys gravetat.;successos
Els Mossos investiguen el caçador que va ferir d'un tret un ciclista per una imprudència greu;https://www.ara.cat/societat/cacador-batuda-contra-porcs-senglars-maresme-investigat-pels-mossos-ferir-ciclista-greument-disparar-contra-cami_1_3841450.html;01/02/2021;BarcelonaEls Mossos investiguen el caçador que dissabte va ferir d'un tret un jove ciclista que circulava per un camí forestal a Massanes, a la comarca de la Selva, com a presumpte autor d'un delicte de lesions per imprudència greu, mentre que els Agents Rurals han afegit a aquesta causa el responsable del terreny. Segons confirmen aquests dos cossos, els fets van passar cap a les 12.30 hores de dissabte a l'àrea privada de caça situada al Collet del Mascle, prop del turó dels Dròpols, durant una batuda de senglars. L'investigat, un home de 53 anys i veí del municipi, va disparar en direcció al camí proper. La bala va impactar contra la mà i el quàdriceps d'un jove de 22 anys que passava amb bici per una pista forestal apta per a la circulació de vehicles de motor.;successos
Detingut un home per la mort de la seva mare a Badia del Vallès;https://www.ara.cat/societat/detingut-home-mort-seva-mare-badia-valles_1_3587137.html;25/01/2021;BarcelonaEls Mossos d'Esquadra han detingut aquest matí un home acusat de la mort d'una dona, el cadàver de la qual ha estat trobat amb signes de violència a casa seva, a Badia del Vallès (Vallès Occidental). Segons ha avançat la Cadena SER, el detingut té 48 anys i és el fill de la víctima, de 94. La SER també ha informat que l'home podria tenir algun trastorn psíquic. Segons sembla, els Mossos han rebut l'avís d'una veïna de la víctima, que havia passat per casa seva per interessar-se pel seu estat, atès que no havia sentit cap soroll al pis durant tot el matí.;successos
Els Mossos investiguen la mort d'una dona trobada al jardí de casa seva a Lloret de Mar;https://www.ara.cat/societat/mossos-investiguen-mort-dona-jardi-casa-lloret-mar_1_2543770.html;05/01/2021;Lloret de MarEls Mossos d'Esquadra investiguen la mort d'una dona de 44 anys trobada al jardí de casa seva a Lloret de Mar aquest dimarts a la matinada. Segons fonts pròximes a la investigació, la dona havia sigut agredida per la seva parella, un home de 62 anys, dilluns a la tarda. Cap a les nou del vespre una patrulla de la Policia Local la va localitzar caminant pel carrer. Tenia un cop a l'ull esquerre i símptomes d'haver consumit alcohol. En dependències policials la dona va dir que no volia denunciar l'home i va marxar de la comissaria. Dues hores més tard va saltar l'alarma del seu domicili i quan una patrulla s'hi va adreçar va localitzar-la al jardí, encara amb vida. Segons les mateixes fonts, la dona, encara sota els efectes de l'alcohol, va dir que no tenia claus de casa i no podia entrar però va rebutjar qualsevol tipus d'assistència. Aleshores li van donar una manta per protegir-se del fred.;successos
Un home dispara contra un lladre que intentava robar a casa seva de matinada;https://www.ara.cat/societat/home-dispara-fereix-bala-lladre-inentava-robar-casa-seva-vilobi-girona_1_1002780.html;02/01/2021;BarcelonaSense botí i amb un tret a la cama. Així ha acabat un dels lladres que la matinada passada van intentar robar els residents d'una casa d'una urbanització de Vilobí d'Onyar, a la comarca de la Selva. El propietari ha disparat amb la seva escopeta a un dels atacants, que ha acabat amb una ferida de bala i ingressat a l'Hospital Josep Trueta de Girona, tot i que no es tem per la seva vida. La resta del grup ha fugit corrent i han ferit amb una petita falç el fill dels propietaris. Els fets han tingut lloc a la matinada, quan un grup d'homes ha entrat en una casa del carrer Avellaner de la urbanització Cal Ferrer i Pagès de Vilobí d'Onyar. Els propietaris de la casa estaven dormint i els lladres els han intimidat amb una arma blanca, segons informa l'ACN.;successos
Condemnen a catorze anys i tres mesos de presó l'exlíder de Vox a Lleida per haver abusat sexualment de discapacitats;https://www.ara.cat/societat/condemnen-vox-lleida-sexualment-discapacitats_1_1010760.html;29/12/2020;BarcelonaL'Audiència de Lleida ha condemnat a catorze anys i tres mesos de presó l'exlíder de Vox a Lleida, José Antonio Ortiz Cambray, per haver abusat sexualment de persones amb discapacitat. El tribunal avala així el testimoni de les víctimes, que van detallar que l'acusat els donava petites quantitats de diners, entre 5 i 10 euros, a canvi de tocaments i abusos i, també, per enviar-li imatges de caràcter sexual. Se'l condemna a vuit anys de presó per un delicte continu d'abusos sexuals a una persona amb discapacitat, a més de dues condemnes de dos anys i sis mesos de presó cadascuna per corrupció de dues persones amb discapacitat, i una altra d'un any i tres mesos de presó per un delicte de pornografia amb ús de persones amb discapacitat. Per tots els delictes se li imposa una pena de presó de catorze anys i tres mesos i vuit anys de llibertat vigilada que haurà de complir un cop surti de presó. La sentència també recull que Ortiz Cambray, de 55 anys, haurà d'indemnitzar una de les víctimes amb 15.000 euros i una altra amb 5.000, pels danys causats, i li prohibeix acostar-se a menys de 150 metres ni comunicar-se amb elles durant tres anys i sis mesos en el cas d'una d'elles, i durant dos anys i tres mesos pel que fa a la segona. Durant el judici, celebrat el 25 de novembre, la Fiscalia va sol·licitar una condemna d'onze anys de presó per haver abusat de dos homes de 26 i 30 anys amb incapacitat i d'intentar abusar d'un altre, entre el març del 2018 i el març del 2019. L'acusació particular, al seu torn, demanava 27 anys de presó per a l'acusat.;successos
"Els propietaris de la nau de Badalona diuen que van permetre l'ocupació per raons ""humanitàries""";https://www.ara.cat/societat/badalona-albiol-nau-cremada-critica-propietaris-ocupacio-illegal_1_1010588.html;11/12/2020;"BadalonaL'empresa propietària de la nau incendiada al barri badaloní del Gorg va optar per no denunciar les persones que il·legalment ocupaven el local per raons ""humanitàries"", ja que van entendre que sense cap alternativa digna on viure, si els haguessin expulsat, la seva situació encara hauria empitjorat més. En un comunicat transmès per un despatx d'avocats de Barcelona, els propietaris expliquen que ""coneixien"" algunes de les persones que van entrar ""sense consentiment"" a les naus en una data que no especifiquen i asseguren que durant un temps van intentar que marxessin ""voluntàriament"" perquè consideren que ""no és un lloc adequat per viure"". Afegeixen, però, que finalment van desistir i van acabar acceptant l'ocupació perquè l'única sortida que els Mossos d'Esquadra els van donar era una ""denúncia"". Aquesta empresa s'ha situat en el punt de mira de l'alcalde, Xavier García Albiol, que l'ha acusat d'haver consentit l'ocupació. El popular ha assegurat que tot just tornat a l'alcaldia en el seu segon mandat, el juny del 2019, ja va requerir als propietaris el ""restabliment de la legalitat"" però que després de quatre mesos sense resposta l'Ajuntament va iniciar al novembre un tràmit judicial perquè ""si acceptaven que hi visqués gent, havien de demanar el canvi de qualificació"" d'industrial a habitatges, ha expressat l'alcalde en una compareixença a l'Ajuntament aquest divendres en què també ha informat que reclamarà el cost de les tasques d'enderrocament de la nau sinistrada a la companyia propietària i que, de moment, avançarà el consistori.";successos
"SOS Racisme denuncia que l'incendi a Badalona és conseqüència del ""racisme institucional""";https://www.ara.cat/societat/sos-racisme-incendi-badalona-nau-victimes-persones-migrades_1_1027096.html;10/12/2020;"BarcelonaL'ONG SOS Racisme ha lamentat profundament l'incendi d'aquest dimecres a la nit en una nau industrial ocupada de Badalona que ha deixat almenys tres morts, i ha denunciat que fets com aquest posen en evidència el ""racisme institucional"" que hi ha a la societat. ""En el Dia Internacional dels Drets Humans denunciem com, més que mai, s'han convertit en un privilegi"", lamenta l'ONG en un comunicat, en què subratlla que accidents com el d'ahir ""són una conseqüència directa d'un sistema capitalista, classista i racista que vulnera els drets econòmics, socials i culturals de les persones migrades"". L'entitat afirma que les institucions de tots els nivells -municipals, autonòmiques i estatals- ""han vulnerat i vulneren sistemàticament"" els drets humans, i subratlla que els fets succeïts a Badalona ""són la conseqüència d'haver privat totes aquestes persones de drets fonamentals, com el dret a un habitatge digne, a la seguretat social, al treball i a la salut"". Per això insisteix que és ""obligació i deure"" de les administracions ""respectar, protegir i garantir"" l'accés a aquests drets per part de tots els ciutadans. En aquest punt assenyala directament l'Ajuntament de Badalona i el seu alcalde, Xavier García Albiol, als quals considera ""còmplices necessaris, per acció o omissió"", dels fets ocorreguts, alhora que responsabilitza concretament Albiol de ""promoure els discursos d'odi i la xenofòbia envers una part de la població, desviant el focus d'atenció (quan hi ha vides humanes en joc) cap a l'incivisme i la suposada delinqüència"", i de ""liderar una política racista que nega els drets més bàsics, al padró, a l'atenció social o a un habitatge digne"", denuncia.";successos
Nou robatori de matinada en una botiga del passeig de Gràcia de Barcelona;https://www.ara.cat/societat/nou-robatori-matinada-gracia-barcelona_1_1025505.html;30/11/2020;BarcelonaNou robatori de matinada en un establiment del passeig de Gràcia de Barcelona. Els lladres, fent servir el mètode de l'encastament, han aconseguit entrar per l'aparador de la botiga de roba Salvatore Ferragamo, a l'altura del carrer Rosselló. Els Mossos d'Esquadra ja han obert una investigació sobre aquest robatori, que se suma als tres que es van produir de manera successiva en establiments de luxe fa dues setmanes. Fonts policials remarquen que, a causa de la reiteració d'aquest tipus de delictes, tenen desplegat un reforç en el patrullatge nocturn al passeig de Gràcia. En aquest últim cas, l'alarma de l'establiment afectat s'ha disparat cap a les sis del matí i fonts policials no concreten l'import que s'haurien emportat els lladres, que forma part de la investigació. El toc de queda no ha evitat la delinqüència nocturna contra establiments de luxe del centre de Barcelona. El 16 de novembre a la matinada hi ha haver dos robatoris separats per poca estona i la policia sospita que al darrere hi havia el mateix grup de lladres. El primer va ser al voltant de les cinc a la botiga Tommy Hilfiger, que queda entre la Gran Via i el carrer Diputació. Els lladres van fer servir una tapa de claveguera per trencar els vidres de l'aparador i poder accedir a l'interior del local.;successos
Barcelona revisarà els protocols d'actuació policial després del tiroteig contra el sensesostre;https://www.ara.cat/societat/ajuntament-barcelona-protocols-policials-sensesostre_1_1032486.html;25/11/2020;"BarcelonaTot està en investigació, els protocols s'hauran de revisar perquè el desenllaç ha sigut greu i l'Ajuntament no vol entrar en especulacions. Són les tres premisses que ha defensat el tinent d'alcalde de Seguretat de Barcelona, Albert Batlle, sobre l'actuació de la Guàrdia Urbana que va acabar amb un agent disparant contra una persona sense sostre al passeig Sant Joan. Batlle ha evitat fer concrecions sobre el cas, i no ha aclarit si s'ha pogut confirmar que l'home amenaçava la policia amb un ganivet o si els agents hi havien interactuat abans. En canvi, ha insistit que el que va passar dissabte al vespre són fets ""molt excepcionals"" a la ciutat, on és poc habitual que la policia faci ús d'una arma de foc, i que precisament per això, i tenint en compte que el resultat de l'operatiu ""no va ser el desitjat"", estan obligats a fer una ""anàlisi acurada dels fets"" i dels elements de millora que es puguin introduir. Tampoc ha volgut entrar a matisar les seves paraules quan va assegurar que el Marjan, l'home de 43 anys que va rebre el tret, s'hauria abraonat sobre els agents, i ha defensat que aquesta era la informació que ell tenia en el moment de la primera valoració. Preguntat sobre si es considera justificat que l'agent que va disparar portés l'arma a la mà mentre el sensesostre ferit fugia, com es podia veure en unes imatges difoses per aquest diari, ha assegurat que serà la investigació la que haurà de determinar aspectes com aquest.";successos
L'exlíder de Vox a Lleida, a judici per haver abusat de discapacitats, jura que no hi va tenir sexe;https://www.ara.cat/societat/exlider-vox-lleida-judici-discapacitats_1_1010746.html;25/11/2020;"BarcelonaL'exlíder de Vox a Lleida, José Antonio Ortiz Cambray, acusat d'haver abusat de dos homes de 26 i 30 anys amb discapacitat, ha jurat ""per Déu i per la memòria"" dels seus pares que no va tenir trobades sexuals físiques amb una de les suposades víctimes. En el judici celebrat a l'Audiència de Lleida sí que ha reconegut, en canvi, que va pagar diners per fotos i vídeos sexuals i ha explicat que van ser els dos homes els qui li van oferir les imatges. Però les suposades víctimes han dit que era Ortiz Cambray qui els proposava mantenir relacions, fer-se fotografies i veure pornografia, i que els va fer tocaments i abusos a canvi de 5 o 10 euros. Així ho van explicar als psicòlegs de l'Equip d'Atenció a la Víctima (Eatav) i així consta en la gravació que s'ha emès aquest dimecres al judici. Tot i que la defensa ha insistit que els denunciants no estaven incapacitats judicialment, els psicòlegs asseguren que la seva discapacitat és ""evident"" i que són persones ""manipulables"".";successos
El jutjat investiga el sensesostre que va rebre el tret d'un guàrdia urbà;https://www.ara.cat/societat/jutjat-investiga-sensesostre-tret-guardia-urbana-agent-atemptat-autoritat-llibertat_1_1032517.html;24/11/2020;"BarcelonaL'home sense sostre que continua ingressat pel tret que va rebre dissabte d'un guàrdia urbà serà investigat. El jutjat d'instrucció número 21 de Barcelona ha rebut aquest matí l'informe dels Mossos d'Esquadra sobre el tiroteig i l'actuació de la Guàrdia Urbana i ha decidit imputar el ferit per atemptat a l'autoritat. Segons fonts judicials, l'atestat dels Mossos parla d'atemptat a un agent de l'autoritat i no planteja cap altre delicte, tampoc contra el guàrdia urbà que va disparar el tret. Evidentment, això no exclou l'opció que més endavant es pugui presentar una denúncia contra l'agent, però de moment l'únic investigat és en Marjan, el sensesostre ferit de bala. El conseller d'Interior, Miquel Sàmper, ha dit que els Mossos donen la seva investigació per acabada amb l'atestat que han entregat al jutjat. Segons Sàmper, l'informe inclou testimonis dels fets i imatges. El conseller ha al·legat que l'atestat ""no ha fet cap valoració"" sobre si l'actuació del guàrdia urbà és correcta. ""Ha fet una recopilació d'elements probatoris significatius i necessaris per tal que el jutjat i la Fiscalia prenguin la determinació oportuna"", ha argumentat. Després que la CUP hagi demanat la seva compareixença, ha respost que no hi ha ""cap problema"" tot i que ha recordat que només podrà explicar la part que afecta Interior, que és l'elaboració de l'informe.";successos
L'agent que va disparar contra el sensesostre ja havia tret la pistola quan la víctima intentava fugir;https://www.ara.cat/societat/disparar-contra-pistola-victima-intentava_1_1029205.html;24/11/2020;BarcelonaL'agent de la Guàrdia Urbana que va disparar contra Marjan, un home sense llar de 43 anys, aquest dissabte al passeig de Sant Joan de Barcelona ja havia tret la pistola quan la víctima intentava fugir. Imatges dels fets recollides per l'ARA contradiuen el relat del tinent d'alcalde de Seguretat de l'Ajuntament, Albert Batlle, que va assegurar que l'agent va treure l'arma i va disparar dos trets just després que l'home intentés agredir-los. Segons la Guàrdia Urbana, la víctima portava un ganivet de grans dimensions, fet que va desencadenar l'acció policial. Un vídeo gravat per un veí mostra com Marjan duu una bossa penjant d'un braç i intenta fugir mentre el persegueixen quatre agents, un d'ells ja amb l'arma a la mà. Acorralat per un furgó, l'home canvia la trajectòria i avança cap als agents. El policia que portava l'arma dispara dos trets i l'abat a una distància d'uns dos metres.;successos
"Els veïns, indignats amb el tiroteig de la Guàrdia Urbana al sensellar: ""Era inofensiu""";https://www.ara.cat/societat/sensellar-ferit-urbana-tenia-captura_1_1029122.html;23/11/2020;"BarcelonaMarjan, el sensesotre ferit de bala dissabte per un agent de la Guàrdia Urbana de Barcelona, està hospitalitzat en un estat crític. Els Mossos d'Esquadra el custodien perquè tenia una ordre de cerca i captura d'un jutjat d'Algesires, segons ha explicat el conseller d'Interior, Miquel Sàmper. En una atenció als mitjans de comunicació, el conseller ha dit que es tem per la vida de l'home, de 43 anys, després que la ferida a l'abdomen s'hagi ""complicat"". Els agents de la Guàrdia Urbana van explicar que la víctima els havia intentat agredir amb un ganivet i que li van disparar per evitar-ho. En aquest sentit, el sindicat policial CSIF, majoritari a la Guàrdia Urbana, ha assegurat que l'home portava el ganivet a l'avantbraç enganxat ""amb precinte"". El conseller Sàmper ha assegurat que aquest dimarts s'acabarà la investigació, que s'enviarà al jutjat, on encara no han rebut res sobre el cas. Mentre dura la inspecció, l'agent que va disparar està en actiu però sense fer tasques operatives i la seva arma de foc està a disposició dels investigadors.";successos
Detenen set pederastes en una operació estatal contra la pornografia infantil, un dels quals al Prat de Llobregat;https://www.ara.cat/societat/detenen-set-pederastes-un-prat-llobregat-menor-abusat-pare-pornografia-infantil_1_1032600.html;22/11/2020;"Agents de la Policia Nacional han detingut set pederastes en una operació estatal contra la pornografia infantil. Entre els detinguts hi ha un veí del Prat de Llobregat, un de la Corunya, un de Las Palmas, un de Madrid i dos de Màlaga. A més, hi ha un ciutadà de Saragossa que treballava com a monitor esportiu i participava en nombroses activitats amb menors, tant en el període escolar com en campaments d'estiu. A més, investiguen dues altres persones per intercanviar presumptament pornografia infantil a través de diferents servidors de la xarxa. La policia també ha identificat i trobat un menor a Barcelona que patia abusos sexuals per part del seu progenitor gràcies a les anàlisis d'una fotografia. Les gestions policials es van iniciar després d'una informació rebuda per part de departament Homeland Security Investigations, dels Estats Units. Agents especialitzats en delinqüència tecnològica van començar aleshores un procés d'investigació que va acabar amb les detencions i l'entrada i escorcolls dels domicilis dels investigats. S'ha intervingut una gran quantitat de material informàtic amb una ""enorme suma"" d'arxius de contingut pedòfil.";successos
"La fundació Arrels sosté que l'home ferit per la Urbana és ""tranquil  i pacífic""";https://www.ara.cat/societat/arrels-consternada-home-sense-sostre-ferit-bala-guardia-urbana-barcelona_1_1030301.html;22/11/2020;"BarcelonaLa fundació Arrels ha mostrat el seu suport a l'home ferit per un tret d'un agent de la Guàrdia Urbana de Barcelona aquest dissabte. Es tracta, han confirmat, d'un home sense sostre de 43 anys i l'entitat s'ha mostrat ""consternada"" amb els fets, alhora que ha dit que el seu equip jurídic ""seguirà el cas"". El president d'Arrels, Ferran Busquets, ha explicat a RAC1 que coneixien l'home des del juny, que és una persona ""molt tranquil·la i molt pacífica"" i que li han sobtat els fets. L'entitat defensa que cal esbrinar què va passar ahir a la tarda. Els agents de la Guàrdia Urbana van explicar que la víctima els havia intentat agredir amb un ganivet, segons la versió que va traslladar l'Ajuntament de Barcelona.";successos
Agents de la Guàrdia Urbana de Barcelona disparen a un home que hauria intentat agredir-los;https://www.ara.cat/societat/guardia-urbana-dispara-intentat-agredir_1_1030337.html;21/11/2020;"BarcelonaUn home sensellar ha resultat ferit de gravetat aquesta tarda a Barcelona després de rebre l'impacte d'un tret disparat per un agent de la Guàrdia Urbana. Alertats per una denúncia d'un veí que assegurava que l'home estava causant molèsties, els agents s'han desplaçat fins al lloc dels fets, davant del número 44 del passeig de Sant Joan, i l'han trobat amb un ganivet de grans dimensions a la mà i una actitud ""agressiva"" i ""alterada"", segons el relat dels fets que ha donat el tinent d'alcalde de Seguretat de l'Ajuntament, Albert Batlle. Els agents han assegurat, segons Batlle, que l'home hauria intentat agredir-los i un d'ells ha tret l'arma i ha disparat dos trets. Una bala ha ferit la víctima a l'abdomen i l'ha deixat estès a terra i inconscient, segons han explicat a l'ARA diversos testimonis que han presenciat els moments posteriors al tiroteig.";successos
Brutal agressió a una jove transsexual a Barcelona quan sortia de casa;https://www.ara.cat/societat/brutal-agressio-jove-transsexual-barcelona-lgtbi-discriminacio_1_1034379.html;21/11/2020;"BarcelonaUna jove transsexual de 19 anys de Barcelona ha denunciat haver estat apallissada i insultada a les portes de casa per la seva condició sexual, segons ha explicat a les xarxes socials, on ha difós també fotografies de com li ha quedat la cara després de l'agressió. La jove, Eva.V., ha narrat que l'agressió va ser divendres ""just al sortir"" de casa, quan li van cridar ""¡Puto travelo!"" i ""¡Engendro!"" i li van donar dos cops de puny a la cara, puntades de peu i cops pel cos. ""Soc una noia normal de 19 anys. Soc transsexual, sí, però és que això no em fa menys normal, no em fa un engendro, no em fa menys. Tinc dret a sortir al carrer, tinc dret a fer amb les meves xarxes socials el que jo vulgui i tinc tots els drets que hauria de tenir tothom"", diu la jove en el seu missatge a les xarxes.";successos
Mor el nadó de Tàrrega ingressat per suposats maltractaments de la mare;https://www.ara.cat/societat/mor-tarrega-ingressat-suposats-maltractaments_1_1033180.html;19/11/2020;BarcelonaEl nadó de Tàrrega de només un mes que estava ingressat per suposats maltractaments de la mare ha mort, segons ha avançat el diari Segre i han confirmat a l'ACN fonts pròximes al cas. El nadó es trobava ingressat en estat greu a l'Hospital Sant Joan de Déu de Barcelona des de principis de mes, on va ser traslladat en helicòpter des de l'Hospital Arnau de Vilanova de Lleida. Va ser precisament el centre barceloní el que va donar l'alarma per possibles maltractaments després de la seva valoració. La mare, una noia de 18 anys, és la principal investigada. El nen no presentava cap lesió física superficial, sinó que patia la síndrome del nen sacsejat, que consisteix en una sèrie de lesions cerebrals ocasionades per agitar el bebè amb violència.;successos
Barcelona revisarà la  vigilància d'edificis municipals;https://www.ara.cat/societat/barcelona-vigilancia-municipals-manifestacio-antidesnonaments_1_1033015.html;18/11/2020;"BarcelonaL'Ajuntament de Barcelona defensa que el fet que la manifestació de protesta contra el desallotjament de la Casa Buenos Aires, a Vallvidrera, i els desnonaments en plena pandèmia acabés, el 31 d'octubre, amb el trencament de vidres d'un dels edificis municipals a la plaça Sant Miquel era un escenari difícil de preveure i que, per això, les destrosses no es van poder evitar. La trencadissa, però, ha inquietat els grups de l'oposició pel paper del cos de la Guàrdia Urbana, que no hi va intervenir. I també ha generat inquietud en el mateix govern municipal, que ja ha anunciat que està revisant els protocols de vigilància dels edificis municipals. Així ho ha detallat el tinent d'alcalde de Seguretat, Albert Batlle, en una compareixença sol·licitada pel PP i Cs a la comissió municipal de presidència. La mateixa comissió ha aprovat, de fet, una proposició de JXCat per fer aquesta revisió i prevenir atacs i desperfectes en el marc de protestes. Segons Batlle, es va decidir que els 15 agents de la Guàrdia Urbana que hi havia a la plaça de Sant Miquel quan hi va arribar la manifestació, amb prop d'un miler de persones, es retiressin atenent a un possible risc per a la seva integritat física. ""Va ser una decisió tècnica, justificada i necessària"", ha assegurat, i ha indicat que aquests agents van passar a protegir l'edifici des de dins per evitar una possible invasió i que intervenir a la plaça era perillós perquè hi havia molta gent en un espai que queda molt tancat.";successos
Els Mossos aparten un agent per haver pegat a un home que s'havia saltat el toc de queda a Ciutat Vella;https://www.ara.cat/societat/mossos-aparten-agent-colpejar-home-saltar-se-toc-queda-ciutat-vella_1_1039743.html;16/11/2020;BarcelonaEls Mossos d'Esquadra van apartar un agent de les seves funcions aquest dissabte per haver pegat la nit anterior a un home que s'havia saltat el confinament nocturn a Ciutat Vella. En un vídeo es veu com, després d'una breu discussió amb un home que incompleix el toc de queda, un agent li pega i el tira a terra. A les imatges apareixen altres agents que presencien els fets, que acaben amb la detenció del jove. Arran del vídeo captat per un veí, el cos policial ha informat de l'obertura d'una informació reservada per analitzar l'actuació de l'agent, aclarir amb precisió els fets i determinar l'obertura d'un expedient disciplinari si es confirma que va incórrer en mala praxi. L'agent, de la unitat ARRO de la regió policial de Barcelona, participava la nit de divendres a dissabte en un dispositiu per vetllar pel compliment de les restriccions de mobilitat i les mesures adoptades per prevenir el contagi del coronavirus quan, cap a quarts d'una de la nit, va veure una dotzena de persones a la plaça del Pes de la Palla, al barri de Raval. Els agents que participaven en el dispositiu van comprovar que el grup de dotze persones estaven consumint begudes alcohòliques al carrer i que incomplien la restricció de mobilitat pel toc de queda, de manera que els van identificar.;successos
Operació de rescat per recuperar el cos del segon ocupant de l'avioneta de Reus accidentada;https://www.ara.cat/societat/operacio-recuperar-avioneta-reus-accidentada_1_1040978.html;13/11/2020;BarcelonaEls equips de rescat han desplegat aquest matí un operatiu per recuperar el cos del segon tripulant de l'avioneta de Reus que va caure al mar la setmana passada. L'operació té lloc davant de la costa del delta de l'Ebre, segons han informat aquest divendres el subdelegat del govern espanyol a Tarragona, Joan Sabaté, i representants dels Mossos d'Esquadra i la Guàrdia Civil, que han confirmat que el cos és dins de l'aeronau, que es va localitzar a 110 metres de profunditat, i que, per tant, el rescat no serà fàcil. L'operatiu preveu la possibilitat d'arribar a l'avioneta amb submarinistes o bé amb robots subaquàtics. S'analitzarà si és viable elevar l'aeronau amb globus de flotació per poder treballar a menys profunditat i, fins i tot, si es pot reflotar fins a la superfície. La immersió, però, té riscos i és de màxima complexitat. Només el període d'aclimatació dels dotze submarinistes del GEAS que participen en l'operatiu durarà una setmana.;successos
Investiguen una parella de Tàrrega pel possible maltractament al seu nadó d'un mes, ingressat en estat greu;https://www.ara.cat/societat/investiguen-nado-maltractat-tarrega-pares-estat-greu_1_1033162.html;12/11/2020;BarcelonaUn nadó de només un mes ha hagut de ser ingressat en estat greu a l'Hospital Sant Joan de Déu de Barcelona. Els Mossos d'Esquadra investiguen si els pares, veïns de Tàrrega, hi estarien implicats i intenten aclarir si es tracta d'un cas de maltractament, negligència o accident. El jutjat els ha deixat en llibertat amb càrrecs i ha dictat com a mesures cautelars l'obligatorietat de comparèixer cada quinze dies al jutjat, la retirada del passaport i la prohibició que surtin del territori. Els pares, que han declarat aquest dijous al titular d'instrucció número 1 del jutjat de Cervera, han perdut la custòdia del nadó, ingressat a causa de les greus lesions que presentava. La parella podrà visitar-lo a l'hospital.;successos
Detinguts 99 grafiters per haver fet pintades en vagons de metro i tren entre el 2017 i el 2019;https://www.ara.cat/societat/detinguts-grafiters-pintades-vagons-metro_1_2552182.html;11/11/2020;BarcelonaUn operatiu conjunt dels Mossos d'Esquadra i la Policia Nacional ha detingut 99 grafiters per haver fet pintades i actes vandàlics en vagons de Renfe i metro de Barcelona durant els anys 2017, 2018 i 2019. Segons estimacions de Renfe i Transport Metropolitans de Barcelona (TMB), els danys tenen un valor de 22 milions d'euros. L'operació s'ha dividit en dues fases, una primera a tot l'Estat –amb 39 detinguts per la Policia Nacional i 9 pels Mossos– i la segona només a Catalunya, en la qual s'han detingut 48 grafiters amb residència a diferents municipis de l'àrea metropolitana de Barcelona i les demarcacions de Tarragona i Girona. Durant els anys 2017, 2018 i 2019 Renfe i TMB van fer 6.741 denúncies per grafitis, i només aquest 2020 s'han denunciat 1.255 fets. En fer-se públic el resultat de l'operació policial, la companyia ferroviària ha celebrat les detencions i ha recordat, a través de la directora de Rodalies de Catalunya, Mayte Castillo, que cada any destina vuit milions d'euros a netejar els grafits, als quals cal afegir les despeses en matèries de seguretat.;successos
Desnonen Angela Dobrowolski, l'exparella de Mainat;https://www.ara.cat/societat/desnonen-angela-dobrowolski-exparella-mainat_1_2553588.html;04/11/2020;BarcelonaLa policia ha desnonat, aquest matí a primera hora, Angela Dobrowolski, l'exparella del productor de televisió Josep Maria Mainat. La comitiva judicial l'ha fet fora de la casa de Mainat al barri d'Horta de Barcelona en una actuació que, segons fonts policials, s'ha dut a terme sense incidents i que ha començat a les vuit del matí i s'ha donat per acabada abans de les deu. El desallotjament l'havia ordenat el jutjat de primera instància número 16 de Barcelona, que és el que tramita el divorci de la parella, Dobrowolski, que era coneixedora de la data fixada per al desallotjament, està acusada d'haver intentat matar Mainat administrant-li dosis d'insulina mentre dormia. El matrimoni té dos fills, que ara viuen amb el pare perquè la mare té una ordre d'allunyament d'ells i de Mainat.;successos
"Troben sana i estàlvia la nena de tres anys que algú s'havia endut de l'escola a Calella per ""error""";https://www.ara.cat/societat/busquen-nena-calella-endut-escola_1_2557801.html;28/10/2020;"BarcelonaHan trobat bé l'Amèlia, la nena de tres anys de Calella que havia desaparegut quan sortia de l'Escola El Far, ubicada a la Fàbrica Llobet, perquè algú se l'ha emportat ""per error"", segons ha dit el cap de la comissaria dels Mossos d'Arenys de Mar, l'inspector Salvador Rossell. Les alarmes han saltat quan els pares han anat a buscar la petita a l'escola i no l'han trobat. No hi era perquè una estona abans d'acabar les classes un individu havia anat a buscar una nena de nom Amèlia i que feia P3. Més enllà d'això, però, els Mossos no volen dir res, almenys fins que la investigació aclareixi els fets.";successos
Un pres de Brians 2 mata un altre intern a punyalades;https://www.ara.cat/societat/pres-brians-mata-intern-punyalades_1_2560252.html;14/10/2020;BarcelonaHi ha pocs precedents d'un assassinat amb acarnissament a l'interior d'una presó i encara menys a Catalunya. Un intern de la presó de Brians 2 ha assassinat a ganivetades un altre pres al pati del mòdul 3 del centre penitenciari aquest dimarts al vespre. El presumpte agressor, que complia una condemna llarga per delictes greus –l'havien condemnat per assassinat i robatori amb violència i intimidació– i que ara està en situació d’aïllament, ha clavat una trentena de ganivetades a la víctima, un reclús condemnat per prostitució de menors i persones amb incapacitat i violència masclista que era des de l'estiu de l'any passat a Brians 2, però que ja havia complert condemna en altres presons catalanes, segons fonts penitenciàries consultades per l'ARA. Es tracta d’un fet excepcional en una presó de Catalunya, on poques vegades es cometen delictes d’aquesta magnitud. Un dels últims casos es va produir a la presó de Ponent de Lleida el 2018, quan es va responsabilitzar un altre intern de l’homicidi d’un company que va aparèixer mort a la seva cel·la. Segons fonts del departament de Justícia consultades per l'ARA, les càmeres de seguretat van gravar el moment de l'agressió. Les imatges estan ja a disposició del jutjat, que ha obert una investigació per aclarir les circumstàncies de l'assassinat.;successos
Un entramat de tres nacionalitats per controlar el narcotràfic del Raval;https://www.ara.cat/societat/operacio-policial-entramats-controlen-raval_1_2562496.html;07/10/2020;BarcelonaUn miler d'agents dels Mossos d'Esquadra, la Policia Nacional i la Guàrdia Urbana de Barcelona han omplert aquest dimecres al matí els carrers del barri del Raval de Barcelona durant una macrobatuda contra el tràfic de drogues. És la tercera en tres anys, però aquest cop era diferent: hi ha implicats fins a tres grups de tres nacionalitats diferents que s'havien unit per aconseguir el mercat de la droga al centre de la ciutat. Durant l'operació Coliseu s'han arrestat 61 persones i s'han inspeccionat 40 habitatges. Arran dels anteriors cops policials, els narcotraficants s'havien adaptat a les noves circumstàncies i havien creat noves estructures per tornar a vendre drogues. Des del 2018 fins ara s'ha passat dels narcopisos –on es ven i es consumeix– als punts de venda –on només es ven– i a la venda al carrer. Aquesta última macrooperació ha actuat contra una xarxa que venia heroïna i cocaïna al carrer. La investigació, dirigida pel jutjat d'instrucció número 7 de Barcelona, ha detectat que la xarxa actual sorgia de tres entramats. A diferència dels dispositius anteriors (Bacar es dirigia a un grup de dominicans i Suricat a un de pakistanesos), en el cas Coliseu l'organització està formada per tres branques: una de nacionalitat romanesa, una de pakistanesa i una de nigeriana. La policia ha necessitat més d'un any per preparar l'operació a causa de la dificultat de demostrar la venda de drogues al carrer, perquè hi havia molt moviment entre els membres i el confinament pel covid-19 va alterar el funcionament de la xarxa.;successos
Tercera macrobatuda en tres anys al Raval per combatre les drogues;https://www.ara.cat/societat/tercera-macrobatuda-raval-combatre-drogues_8_1048903.html;07/10/2020;;successos
Els Mossos investiguen la mort violenta d'una dona a Girona;https://www.ara.cat/societat/dona-morta-girona-indicis-criminalitat-successos_1_1048769.html;26/09/2020;BarcelonaEls Mossos d'Esquadra investiguen la mort violenta d'una dona trobada aquest matí al seu pis situat a la carretera Barcelona de Girona. La víctima estava lligada i tenia signes evidents de violència, segons fonts pròximes al cas citades per l'ACN. A la víctima l'han trobat a faltar en un centre mèdic de Girona on treballava i han intentat contactar-hi sense èxit. Per això un familiar s'ha dirigit fins al seu domicili, on ha localitzat la dona ja sense vida. Els primers indicis apunten que la dona podria haver rebut un cop al cap. Els Mossos han inspeccionat el pis i estan recopilant proves per aclarir el cas. També estan reconstruint les últimes hores de la víctima per situar l'hora de la mort. Segons fonts pròximes a la investigació, no es descarta que haguessin passat hores des del moment del crim. La comitiva judicial ha fet aquest migdia la inspecció ocular i l'aixecament del cadàver. Ara els forenses li faran l'autòpsia per determinar la causa de la mort.;successos
Els Mossos busquen un home a Lleida que n'hauria matat un altre en un pis del barri de Cappont;https://www.ara.cat/societat/mossos-busquen-lleida-hauria-cappont_1_1053888.html;19/09/2020;BarcelonaEls Mossos d'Esquadra busquen un home que n'hauria matat a punyalades un altre en un pis del barri de Cappont, a Lleida. Segons ha pogut saber l'ACN de fonts de la investigació, el sospitós de l'assassinat és un home de nacionalitat francesa de 57 anys, un vell conegut de la policia que ja hauria estat detingut una desena de vegades en el passat. Les mateixes fonts apunten que els Mossos han rebut una trucada des de França de la germana del sospitós que els indicava que el seu germà havia matat una persona. Segons les investigacions, la germana del presumpte assassí estava fent una videoconferència amb el sospitós quan l'home li ha explicat que havia matat algú i la germana ha vist el cadàver a terra. A més, a les imatges també es veia que al pis, a part del presumpte assassí, hi havia una dona, la qual els Mossos també estan buscant.;successos
A presó dues dones per la mort d'una altra en una discoteca de Cornellà al juny;https://www.ara.cat/societat/detenen-dona-altra-discoteca-cornella_1_1053371.html;19/09/2020;BarcelonaTres mesos després dels fets, els Mossos d'Esquadra han detingut quatre persones per la seva presumpta relació amb un crim que va tenir lloc el 28 de juny prop d’una zona d’oci de Cornellà de Llobregat. Entre els arrestats hi ha dues dones que serien les presumptes responsables de l'apunyalament mortal, segons ha considerat el jutge que investiga el cas, que de moment els atribueix un delicte d'homicidi o assassinat, que s'haurà de concretar en funció de les conclusions de la investigació. Durant tot aquest temps, les quatre persones presumptament implicades s'haurien amagat amb l'ajuda de membres de la seva família, que les canviaven repetidament de domicili per dificultar-ne la localització, fins al punt de traslladar-se temporalment a un altre país per eludir l’acció de la justícia. Finalment, el dia 16 de setembre es va poder detenir un home i una dona, de 30 i 26 anys, per la seva relació amb els fets. L'endemà els agents van detenir una altra dona i un home, de 32 i 33 anys, respectivament. Segons els Mossos d'Esquadra, aquesta dona seria la presumpta autora material de l’assassinat. Tots els arrestats són de nacionalitat espanyola i veïns de Gavà i Viladecans.;successos
Almenys dos morts en una festa en una casa de Rochester, a l'estat de Nova York;https://www.ara.cat/internacional/tiroteig-rochester-festa-casa-eua_1_1053312.html;19/09/2020;BarcelonaUn tiroteig durant una festa il·legal al pati del darrere d'una casa de la ciutat de Rochester, al nord-est de l'estat de Nova York, ha acabat amb dos joves morts i catorze més de ferits per trets de bala, segons han informat fonts policials i testimonis recollits per l'agència Efe. De moment, la policia no ha aclarit si es tractava d'una acció d'un sol pistoler o si hi podria haver més persones implicades. Els agents mantenen obert una operació de recerca per arrestar els presumptes autors. L'avís d'alerta l'ha donat una trucada al telèfon d'emergències que informava que s'havien sentit trets procedents d'un pati d'una casa de l'avinguda Pennsylvania de Rochester, on es feia una festa amb un centenar de persones.;successos
La Policia Nacional identifica tres adolescents per insultar i escopir una parella d'estrangers al metro de Madrid;https://www.ara.cat/societat/atac-racista-metro-madrid-menors_1_1056871.html;11/09/2020;"Barcelona""Això és una agressió!"", diu una dona que grava amb el mòbil mentre tres adolescents s'abaixen la mascareta i escupen i insulten una parella d'origen sud-americà a l'interior d'un vagó de la línia 4 del metro de Madrid. ""Panchito de merda"", ""ets producte d'un condó trencat, a la selva no tenen ni condons!"", li diuen a ell. La Policia Nacional ha identificat les tres noies –dues tenen 15 anys i l'altra, 16– i ha passat l'atestat a la Fiscalia de Menors perquè decideixi si les investiga com a autores d'una agressió racista. Quan les noies s'adonen que la usuària les està gravant amb el mòbil, es tornen a posar la mascareta i es tapen. Però instants després tornen a arremetre contra la parella. Primer els recriminen que són ells que les estan insultant i després tornen a atacar-los amb constants referències a la seva procedència. Al final acaben insultant la dona que està gravant les imatges. ""Grava'm, filla de puta, grava'm!"", diu una d'elles.";successos
Evacuen de nit 91 avis d'un geriàtric de Palau-solità i Plegamans per un incendi;https://www.ara.cat/societat/evacuats-91-avis-geriatric-palau-solita-plegamans-incendi-sucessos_1_1063956.html;05/09/2020;BarcelonaUn incendi aquest dissabte a la matinada en una clínica privada de Palau-solità i Plegamans (Vallès Occidental) ha obligat a desallotjar un total de 91 persones, la majoria avis. Quatre d'elles han hagut de ser ateses en estat menys greu per inhalació de fum. El foc ha començat passada la mitjanit en un quadre elèctric del Centre Mèdic Palacent per causes que encara s'investiguen. El fum s'ha propagat per tot l'edifici –tres plantes i un soterrani– i s'ha estès fins a la residència de gent gran Residencial Palau, ubicada al mateix carrer i a tocar de la clínica. El fum ha obligat a evacuar treballadors i residents a l'exterior, on han sigut atesos pels serveis mèdics per avaluar el seu estat, i tres empleats i una usuària han estat traslladats a l'hospital. Cap d'ells ha resultat ferit de gravetat: tres van rebre l'alta poc després i el quart –una dona d'edat avançada– ha quedat en observació per precaució.;successos
Sanció de 300.000 euros al propietari del pou on va morir el nen Julen;https://www.ara.cat/societat/sancio-euros-propietari-morir-julen_1_1069422.html;01/09/2020;BarcelonaEl consell de govern de la Junta d'Andalusia ha acordat sancionar amb una multa de 300.001 euros per una infracció molt greu de seguretat minera el propietari de la finca de Totalán, a Màlaga, en la qual va morir el nen Julen després de caure a un pou el gener del 2019, segons informa Efe. Durant la roda de premsa posterior al consell de govern, el conseller de la presidència i portaveu del govern, Elías Bendodo, ha informat que el procediment l'ha tramitat la delegació del govern a Màlaga, amb el nomenament d'un instructor que ha emès la proposta de resolució, que la Junta va executar, ha assegurat.;successos
Una cavitat dins del tronc i cops de vent i calor, entre les causes de la caiguda de la palmera que va matar un home;https://www.ara.cat/societat/cavitat-tronc-causes-caiguda-palmera-parc-ciutadella-matar-home_1_1068779.html;28/08/2020;"BarcelonaLes primeres conclusions de l'estudi de la palmera que dimarts va caure i va matar un home al Parc de la Ciutadella de Barcelona apunten a ""una concurrència de causes"" i no pas a una de principal, segons ha informat aquest divendres en roda de premsa el comissionat d'Ecologia Frederic Ximeno. L'estudi, encarregat pel consistori a l'empresa Doctor Árbol, ha apuntat tres possibles motius que podrien haver ocasionat la caiguda de l'arbre, que es va trencar pel terç superior: una petita cavitat dins el tronc, que ocupa un 25% del radi, una ratxa de vent d'uns 38 quilòmetres per hora en el moment dels fets i un possible cop de calor. Cap d'elles, ha assenyalat Ximeno, ""és prou important"" per si sola com per tirar a terra una palmera, i un estudi biològic que està elaborant l'Institut de Recerca i Tecnologia Agroalimentàries (IRTA) de la Generalitat determinarà si hi ha més factors associats. L'anàlisi exhaustiva, però, ""portarà més temps"", ha advertit Ximeno. Pel que fa a la cavitat detectada dins del tronc, els arboricultors assenyalen que únicament ""suposa un risc quan només hi ha un 30% del radi viu i eficaç"", per la qual cosa es considera ""un defecte lleu"". De fet, calculen que caldria multiplicar per tres el grau d'afectació per aquesta cavitat detectada perquè generès un risc real. És per això, han explicat, que no es va considerar un risc en l'últim estudi –la palmera que va caure havia superat tots els controls que s'havien fet últimament– que es va fer als arbres de la ciutat.";successos
El jove mort a Platja d'Aro va patir la picada d'un peix aranya;https://www.ara.cat/societat/jove-mort-picada-peix-aranya-platja-daro-immersio_1_1076822.html;20/08/2020;"BarcelonaEl menor de 16 anys que va morir dissabte passat a la platja gran de Platja d'Aro va patir la picada d'un peix aranya mentre feia immersió lleugera, segons els primers resultats de l'autòpsia donada a conèixer pels seus pares i que ha recollit l'agència Efe. Els pares del jove, veí de Montagut i Oix (Girona), han assegurat que, segons aquestes dades, l'adolescent va patir un ""xoc"" anafilàctic després de la picada. En un comunicat fet públic aquest dimecres, els pares atribueixen el que ha passat a la picada d'un peix aranya, Trachinus araneus, encara que això no ha pogut ser confirmat pels agents de la Unitat de Policia Judicial de la Guàrdia Civil que porten el cas perquè la família encara no els ha lliurat la càmera amb la qual el menor filmava el fons marí en el moment de la seva mort.";successos
Desallotgen una casa ocupada de Pallejà després de tres dies de protestes veïnals;https://www.ara.cat/societat/desallotgen-ocupada-palleja-despres-protestes_1_1080319.html;19/08/2020;BarcelonaEls Mossos d'Esquadra han desallotjat una casa ocupada des de feia una setmana al carrer Barcelona de Pallejà (Baix Llobregat), després de tres dies de protestes veïnals a l'entorn de l'immoble, segons informa l'agència ACN. El desallotjament s'ha fet enmig d'un fort dispositiu policial i en compliment d'una ordre judicial. Malgrat el dispositiu policial, una cinquantena de veïns s'han concentrat davant de l'immoble de nou aquesta tarda. Entre ells hi havia la presència de simpatitzants de la formació ultra Vox –informa l'ACN–, cosa que ha generat moments de tensió amb la resta de manifestants, que els han recriminat que volguessin treure rèdit polític de la situació.;successos
Es reprèn la recerca a l'abocador de Zaldibar mig any després de l'accident que va sepultar dos treballadors;https://www.ara.cat/societat/reprenen-recerca-zaldibar-abocador-primeres-restes-ossos_1_1074305.html;17/08/2020;BarcelonaEl 6 d'agost es van complir sis mesos de la tragèdia de l'abocador de Zaldibar, l'allau de residus que va sepultar dos treballadors de la planta, els cossos dels quals continuen encara desapareguts. L'emergència del coronavirus i la quantitat ingent de material acumulat a la zona van obligar a suspendre les tasques de recerca de les víctimes. Aquest dilluns, s'ha reprès l'operatiu per trobar els cossos després que diumenge els operaris que retiraven la runa trobessin unes restes òssies que podrien ser d'algun dels dos treballadors desapareguts. Les restes es van trobar sepultades a més de 23 metres –l'equivalent a una altura de vuit pisos– en la runa. Ara caldrà fer proves d'ADN per esbrinar a qui pertanyen. Mentrestant, els tècnics de rescat centraran els esforços a partir d'aquest dilluns en la zona on s'ha fet la troballa, utilitzant maquinària més lleugera o, fins i tot, manualment.;successos
Un home mata el fill de 12 anys, fereix la filla de 10 i se suïcida a Castelló;https://www.ara.cat/societat/parricidi-castello-home-mata-fill-fereix-filla-suicidi_1_1076086.html;16/08/2020;BarcelonaParricidi al municipi de Cabanes de Castelló. Un home ha matat el seu fill de 12 anys i ha ferit greument la filla de 10 anys i després s'ha tret la vida, segons han confirmat a Efe fonts de la investigació. La Guàrdia Civil s'ha fet càrrec del cas. Els fets haurien passat aquest diumenge de matinada. De moment, se'n saben pocs detalls, però tot apunta que l'home hauria agredit als dos menors d'una ganivetada. El nen, de 12 anys, ha mort arran de les ferides, mentre que la nena, de 10, ha estat traslladada a l'hospital general de Castelló amb una ferida al tòrax i el seu estat és molt greu, segons ha avançat la Cadena SER. Després l'home s'ha suïcidat llançant-se des d'un terrat.;successos
Detenen quatre menors per la mort d'un home a l'Hospitalet de Llobregat a finals de juny;https://www.ara.cat/societat/detenen-quatre-joves-menors-mort-home-hospitalet-robatori-violent_1_1083362.html;14/08/2020;BarcelonaEls Mossos d'Esquadra han detingut quatre joves menors d'edat en relació amb la mort d'un home el 28 de juny a L'Hospitalet de Llobregat. Els joves l'haurien assaltat de matinada per cometre un robatori i la víctima va caure i es va donar un fort cop al cap que li va provocar la mort. Els autors van fugir després de l'agressió, que van presenciar diversos vianants que els van increpar pels fets. Segons la policia, la descripció i informació que han donat diverses persones ha estat clau per localitzar els joves. La investigació continua oberta i no es descarten més detencions.;successos
Tres morts i un ferit crític en l'incendi d'un infrahabitatge a la Barceloneta;https://www.ara.cat/societat/tres-morts-ferit-incendi-barceloneta_1_1078759.html;14/08/2020;"BarcelonaUn incendi de matinada en un infrahabitatge al barri de la Barceloneta, a Barcelona, ha deixat tres morts i un ferit crític. És el tràgic balanç del virulent foc que ha calcinat uns baixos de 35 metres quadrats al carrer Grau i Torras. Hi vivien set homes d'una mateixa família, d'origen pakistanès, que es guanyaven la vida fent de llauners i conduint bicitaxis. Segons els Bombers, la sobrecàrrega elèctrica per les bateries dels vehicles, que s'estaven carregant dins al pis, podria ser l'origen de l'incendi mortal. Les flames han devorat ràpidament l'immoble i tres inquilins han perdut la vida. Un altre, que ha intentat auxiliar-los, està ferit crític amb cremades de molta gravetat. Els Mossos d'Esquadra han obert una investigació per determinar la causa del foc, que tot apunta que ha estat la sobrecàrrega per l'escalfament de la instal·lació elèctrica. Les víctimes, que vivien als baixos del bloc de pisos, tenien la llum punxada i carregaven les bateries dels bicitaxis a sota del llit, segons ha dit el cap de dia dels Bombers de Barcelona, Rafael Álvarez. De fet, a la vorera de davant del domicili calcinat hi havia aparcat un dels bicitaxis amb què treballaven. ""És un espai molt petit, hem vist que moltes de les bateries eren a sota de llits. Tot i que els Mossos encara estan fent la investigació, aquesta podria ser una causa probable"", ha avançat Álvarez.";successos
Un boxejador amateur agredeix dos agents de paisà i els treballadors d'un bar a Barcelona;https://www.ara.cat/societat/boxejador-amateur-agredeix-treballadors-barcelona_8_1084691.html;13/08/2020;;successos
Un boxejador amateur agredeix dos agents de paisà i els treballadors d'un bar a Barcelona;https://www.ara.cat/societat/boxejador-amateur-agredeix-mossos-agents-paisa-barcelona-treballadors-bar-italia-turista-ciutat-vella_1_1084725.html;13/08/2020;BarcelonaEls Mossos d'Esquadra han detingut aquesta matinada un home de 22 anys i nacionalitat italiana a Barcelona per haver agredit a cops de puny dos agents de paisà i dos treballadors d'un bar. L'home, que és un boxejador amateur i era a la ciutat fent turisme, ha pegat als dos cambrers quan li han recriminat que volia marxar sense pagar la consumició. A dos quarts de dues de la matinada, els agents de paisà dels Mossos que patrullaven pel districte de Ciutat Vella per prevenir els robatoris violents i els furts, han rebut l'alerta que hi havia una baralla dins d'un bar. Quan han arribat han trobat un dels treballadors amb la cara plena de sang que els ha facilitat la descripció de l'agressor, que anava acompanyat d'una altra persona. El propietari del bar ha ensenyat als agents de paisà les imatges on es veia la baralla i on es podia identificar l'autor. Amb això, els policies han començat una recerca per la zona i han vist dos homes sospitosos, un dels quals coincidia amb la descripció. Els agents han baixat del vehicle de paisà i s'han identificat com a policies mostrant les seves credencials. Un dels joves ha marxat corrents i els agents l'han seguit, mentre l'home els feia senyals amb els punys amb una actitud desafiant.;successos
Un boxejador amateur agredeix dos agents de paisà i els treballadors d'un bar;https://www.ara.cat/societat/boxejador-amateur-agredeix-agents-treballadors_8_1086891.html;13/08/2020;;successos
Tres barranquistes navarresos morts i un basc desaparegut en un accident als Alps suïssos;https://www.ara.cat/societat/tres-espanyols-morts-desaparegut-accident-barranquisme-suissa_1_1080138.html;13/08/2020;BarcelonaTres homes navarresos han mort i un basc ha desaparegut en un accident de barranquisme aquest dimecres a les gorges de Parlitobel, a Suïssa, informa la policia cantonal de Saint-Galles. L'accident es va produir després d'una forta tempesta, segons informa la premsa local. Els tres cossos han estat localitzats aquest dijous després que ahir es van haver de suspendre les tasques de rescat quan es va fer fosc. Fonts de la Delegació del govern de Navarra han explicat que hi havia dues dones més al grup, que van tornar a l'hotel abans de l'accident.;successos
Desallotgen una nau ocupada de Sant Joan Despí després d'una manifestació contra la inseguretat;https://www.ara.cat/societat/desallotgen-nau-ocupada-sant-joan-despi-manifestacio-inseguretat-robatoris-veins-pressio_1_1082420.html;12/08/2020;"BarcelonaEls Mossos d'Esquadra i la Policia Local han desallotjat aquest dimecres al matí una nau industrial ocupada a Sant Joan Despí (Baix Llobregat). El desallotjament s'ha produït després que un grup de persones es mobilitzés ahir al vespre en contra del col·lectiu que ocupava una oficina bancària abandonada, pròxima a la nau que s'ha desallotjat. Els manifestants atribuïen als ocupes un augment de la inseguretat i dels robatoris. Arran de la pressió, les tres persones que hi havia a l'entitat financera en van marxar amb un cordó dels Mossos que mantenia els concentrats a distància. Els agents van detenir dos manifestants per resistència a l'autoritat i desobediència. Pel que fa a aquest matí, s'han desallotjat una vintena de persones que ocupaven una nau industrial abandonada al carrer del Gran Capità de Sant Joan Despí des de feia uns mesos. Les persones que hi havia a la nau podrien tenir relació amb els de l'oficina bancària, segons els Mossos. Els últims dies ja hi havia hagut una pressió veïnal contra els ocupes de la nau i l'entitat financera que havia anat a l'alça. La protesta d'ahir al vespre va ser la més pujada de to, expliquen des de la policia catalana. En aquest sentit, els Mossos precisen que els manifestants ""més reivindicatius"" a les concentracions no han sigut veïns de barri, sinó persones que han aprofitat per sumar-se a les convocatòries.";successos
Mor Fernando Garfella, documentalista submarí de referència a les Balears;https://www.ara.cat/societat/mor-submarinista-fernando-garfella-documentalista-balears-mediterrani_1_1084788.html;10/08/2020;PalmaEl submarinista professional i documentalista Fernando Garfella, de 31 anys, ha mort aquest diumenge a Andratx després d'un accident mentre bussejava a la zona de Cala Estellencs amb un company que està greu, segons ha informat Efe. Garfella era un dels documentalistes submarins de referència a Espanya, compromès amb el medi ambient i, en concret, amb la protecció del Mediterrani. A més, va ser un dels impulsors de la reserva marina de la Dragonera i va participar en diverses missions del vaixell d'ajuda humanitària Open Arms. Les primeres hipòtesis apunten que, després de submergir-se, el submarinista ha tardat més temps del que és habitual a tornar a la superfície. La seva parella, que era dins d'una embarcació, ha demanat ajuda i un altre submarinista ha intentat localitzar-lo, però s'ha trobat la víctima inconscient. No obstant això, no l'ha pogut treure a la superfície, perquè ha quedat sense aire.;successos
Sis ciutadans francesos i dos ciutadans nigerins, assassinats a trets al Níger;https://www.ara.cat/internacional/assassinats-turistes-francesos-ciutadans-nigerins-niger_1_1084478.html;09/08/2020;BarcelonaVuit persones, sis cooperants francesos i dos ciutadans nigerins, han sigut assassinats a trets aquest diumenge a la regió de Tillabéri, al sud-oest del Níger. Els atacants, que anaven en motos, han disparat contra el grup de treballadors humanitaris i els trets també han matat el guia turístic i el xofer, tot dos del Níger, tal com han confirmat les autoritats locals a l'agència de notícies France Press. L'atac ha tingut lloc sobre les 11.30 hora local, una hora més a Catalunya, a uns sis quilòmetres de Kouré, a l'interior d'una coneguda reserva natural on viuen les últimes girafes de l'Àfrica occidental. A hores d'ara cap grup ha reivindicat l'atac, tot i que en els últims anys incidents similars han tingut lloc a la regió a mans de grups jihadistes. El ministeri d'Afers Exteriors de França ja ha obert una investigació per poder aportar més detalls sobre l'episodi i, mentrestant, el president francès, Emmanuel Macron, ha parlat per telèfon amb el seu homòleg nigerí, Mahamadou Issoufou. Les primeres versions apunten que la majoria de les víctimes haurien mort com a conseqüència dels trets dels atacants a excepció d'una dona, que hauria sigut decapitada després d'intentar escapar de l'atac. En primer lloc s'havia informat que els ciutadans francesos eren turistes, però hores més tard les autoritats van confirmar que eren cooperants de l'ONG francesa Acted.;successos
L'incendi en una empresa de reciclatge de Granollers activa l'alerta per risc químic;https://www.ara.cat/societat/incendi-empresa-reciclatge-granollers-alerta-risc-quimic_1_1092501.html;29/07/2020;BarcelonaUn total de 18 dotacions de Bombers continuen treballant en l'incendi que s'ha originat aquest dimarts a la mitjanit en una indústria de Granollers (Vallès Oriental). Es tracta d'un incendi en una nau de reciclatges que ha obligat Protecció Civil a activar l'alerta del pla d'emergències per risc químic Plaseqcat. Segons han informat els Bombers, aquest matí només queda foc actiu en una de les ales de la nau, mentre que la resta ja s'ha apagat i el cos d'emergències revisa si queden punts calents. Les feines d'extinció han permès salvar les dues indústries veïnes i no hi ha cap persona ferida.;successos
Les imatges de l'incendi;https://www.ara.cat/societat/imatges-incendi_8_1092476.html;29/07/2020;;successos
El misteri de l’intent d’execució d’un home a Sant Andreu;https://www.ara.cat/societat/misteri-intent-execucio-sant-andreu_1_1100351.html;20/07/2020;BarcelonaEra un diumenge a les 11 del matí, quan es van sentir uns trets a un punt cèntric del barri de Sant Andreu de Barcelona. Un tiroteig a plena llum del dia i al mig del carrer, a la placeta Sant Francesc Coll. Els trets els va rebre a boca de canó un home de mitjana edat. Els testimonis van veure com feia dues passes, començava a perdre molta sang pel coll i queia estès a terra. Va quedar-li al descobert un altre impacte de bala a l’esquena. El pistoler, que algunes persones definien com un home més gran, va fugir. Una ambulància es va endur el ferit, en estat crític, a l’Hospital de la Vall d’Hebron. De seguida també es va desplegar un dispositiu dels Mossos d’Esquadra, que van acordonar la zona per esbrinar qui havia intentat executar un home amb dos trets. El tiroteig va passar el 7 d’abril de l’any passat. Quan el ferit va rebre els trets estava amb el seu fill menor d’edat i la seva dona a tocar del portal de casa seva. L’impacte dels projectils gairebé li va costar la vida, però al final va sobreviure. Malgrat tot, l’home ha patit unes lesions irreversibles de les quals encara ara es recupera. Un any i tres mesos després, continua oberta la investigació policial i judicial perquè no s’ha identificat qui va ser l’home que va disparar els dos trets. Consultats per l’ARA, els Mossos es limiten a dir que el cas està obert i que no poden donar-ne més detalls. Fonts policials apunten que treballen per identificar el pistoler i per aclarir quina va ser la motivació d’aquest intent d’assassinat que es manté com un misteri pendent de resoldre.;successos
Detinguda una menor que seria la mare del nadó trobat mort al carrer a Barcelona;https://www.ara.cat/societat/investiguen-mort-trobat-carrer-barcelona_1_1106177.html;15/07/2020;BarcelonaEls Mossos d'Esquadra han detingut una noia menor d'edat que seria la mare del nadó trobat mort aquest matí al carrer a Barcelona. Aquesta és la hipòtesi dels investigadors de la policia, que han arrestat la menor després que fa unes hores, a les 8.30 h, s'hagués rebut l'avís que s'havia localitzat el cos d'un nounat en un carrer del districte de Nou Barris. Se sospita que la detinguda hauria abandonat el nadó poc després del part, i quan el Sistema d'Emergències Mèdiques (SEM) ha arribat només ha pogut certificar la mort. La noia ara passarà a disposició de la Fiscalia de Menors i els Mossos encara estan pendents de tenir els resultats de l'autòpsia del nounat. El jutjat d'instrucció número 20 de Barcelona, que estava de guàrdia, ha fet l'aixecament del cadàver del nadó i també ha obert una investigació.;successos
Envien a la unitat psiquiàtrica de la presó la dona que va matar una familiar al Pont de Vilomara;https://www.ara.cat/societat/pont-vilomara-dona-matar-familiar-preso-unitat-psiquiatrica-crim-fill_1_1122424.html;06/07/2020;"BarcelonaEl jutjat ha enviat a la presó la dona de 32 anys detinguda dijous per matar una familiar al Pont de Vilomara, al Bages. La jutge ha demanat que ingressi en una unitat psiquiàtrica després que s'hagués prorrogat la seva detenció. Quan dissabte la presumpta autora del crim va passar a disposició judicial, a causa del seu estat psíquic se la va traslladar a les urgències psiquiàtriques de l'Hospital Sant Joan de Déu de Manresa per estabilitzar-la. Aquest dilluns, quan la dona ja estava ""en condicions per declarar"", ha tornat al jutjat i ha manifestat que ""no recordava res"". Tot i això, la jutge ha considerat que els indicis apunten que és la responsable d'un delicte d'homicidi o assassinat i ha acordat la presó preventiva sense fiança per a ella. Segons el jutjat d'instrucció número 2 de Manresa, la presumpta autora del crim residia ""temporalment"" a casa de la familiar –la seva cosina, segons l'ACN–, a la urbanització Marquet Paradís del Pont de Vilomara. Al domicili de la víctima també hi vivien els seus dos fills. A dos quarts de nou del matí, quan el fill menor d'edat era a la casa, la processada hauria anat a l'habitació on hi havia la víctima dormint i li hauria clavat ""múltiples punyalades"" –més de 12 segons l'informe de la forense– a la zona del coll, la cara, l'esquena i les espatlles. Unes ferides, fetes amb un ganivet, que li van provocar la mort.";successos
Detinguts tres homes relacionats amb la mort d'un altre a Santa Coloma de Gramenet;https://www.ara.cat/societat/detinguts-relacionats-mort-santa-coloma-gramenet_1_1123371.html;03/07/2020;BarcelonaEls Mossos d'Esquadra van detenir ahir a la tarda tres persones relacionades amb la mort d'un altre el mateix dia a la matinada a Santa Coloma de Gramenet. La policia va rebre un avís passada la mitjanit que deia que hi havia dues persones greument ferides per una baralla que havia tingut lloc al centre de la ciutat. Els agents que es van fer càrrec de la investigació van saber que tres homes relacionats amb els fets, de 43, 53 i 65 anys, s'havien refugiat en un local ocupat pròxim després de les agressions. Cap a les 16 hores els tres homes van quedar detinguts i passaran a disposició judicial en les properes hores. El Sistema d'Emergències Mèdiques (SEM) va certificar la mort d'un dels implicats en la baralla per les lesions patides, i l'altre ferit va ser traslladat a l'hospital en estat greu. L'Ajuntament de Santa Coloma de Gramenet va explicar que els dos implicats en la disputa tenien més de 50 antecedents per delictes greus. El crim de Santa Coloma és el quart en menys d'una setmana a l'àrea metropolitana de Barcelona, després dels homicidis a Barcelona, Cornellà de Llobregat i l'Hospitalet.;successos
Detenen una dona per haver matat una familiar al Pont de Vilomara;https://www.ara.cat/societat/ferit-agressio-santa-coloma-gramenet_1_1119026.html;02/07/2020;BarcelonaEls Mossos d'Esquadra han detingut una dona per haver-ne matat una altra aquest dijous al Pont de Vilomara, al Bages. La presumpta autora del crim, de 32 anys, és una familiar de la víctima. Cap a les nou del matí els agents han rebut un avís i s'han adreçat a una casa del municipi, on hi havia una dona de 40 anys morta amb indicis de criminalitat. Segons l'ACN, els Mossos han trobat la víctima en un habitatge de la urbanització Marquet Paradís amb una ganivetada al coll. Llavors els agents han començat a buscar l'autora de l'homicidi a la zona boscosa que envolta la urbanització i al final han pogut localitzar-la. Després de detenir-la, la policia posarà la dona a disposició judicial. Aquesta ha sigut la segona mort violenta a Catalunya en poques hores, perquè els Mossos també han informat que investiguen les circumstàncies de la mort d'un home aquesta matinada a Santa Coloma de Gramenet. La policia ha rebut un avís passada la mitjanit que deia que hi havia dues persones greument ferides per una baralla que havia tingut lloc al centre de Santa Coloma. Quan el Sistema d'Emergències Mèdiques (SEM) s'hi ha desplaçat, ha certificat la mort d'un d'ells per les lesions patides, mentre que l'altre ferit ha sigut traslladat a l'hospital en estat greu.;successos
"Cop a un clan familiar de la Mina que ""atemoria"" els veïns";https://www.ara.cat/societat/cop-familiar-mina-atemoria-veins_8_1118335.html;02/07/2020;;successos
"Cop a un clan familiar de la Mina que ""atemoria"" els veïns";https://www.ara.cat/societat/macrooperatiu-mossos-mina-desarticular-extorsionava_1_1118426.html;02/07/2020;"BarcelonaUn clan familiar arrelat històricament al barri de la Mina, a Sant Adrià de Besòs, ""atemoria"" els veïns. Els seus membres estaven implicats en robatoris violents i en baralles amb armes de foc amb l'objectiu de tenir el control de la delinqüència a la zona del Besòs. També tenien plantacions de marihuana. Els Mossos d'Esquadra han detingut 26 persones que formen part del clan, nou de les quals el dirigien. La llista de delictes que els atribueixen és molt llarga. Alguns són organització criminal, robatoris violents i amb força, tinença il·lícita d'armes i intent d'homicidi, així com usurpació de funcions públiques i d'immobles. La policia ha desplegat un macrooperatiu amb més de 500 agents que, a part de fer escorcolls a la Mina, també n'han fet en diversos municipis en què arribaven els vincles del clan, tot i que no hi tenia el control com al Besòs. Fa 34 anys es va fer una operació semblant a la que ha arrencat a dos quarts de sis d'aquest matí –llavors encara no van ser els Mossos– per actuar contra el mateix clan familiar, ja situat a la Mina. La policia catalana feia temps que investigava el grup per delictes concrets, però fins ara no havia ""atacat l'estructura global i la cúspide"", segons ha assegurat el cap de l'àrea central d'investigació de patrimoni del cos, el subinspector Jonathan Herrera. El cas que ha derivat en el dispositiu amb mig miler d'agents va començar fa uns sis mesos, quan dues unitats dels Mossos –la de multireincidents i la de Badalona– van ""confluir"" les seves investigacions amb la finalitat de desarticular el clan, que tenia una estructura familiar.";successos
Decomissen un rellotge valorat en 28.000 euros provinent d'Andorra;https://www.ara.cat/pirineus/decomissen-rellotge-valorat-provinent-andorra_1_1122059.html;02/07/2020;La Farga de MolesLa Guàrdia Civil ha decomissat un rellotge valorat en 28.000 euros a la duana de la Farga de Moles que es trobava amagat dins la guantera d'un vehicle. Els fets van tenir lloc aquest dilluns cap a les sis de la tarda, quan un cotxe procedent d'Andorra va entrar al recinte duaner pel carril verd, per on passen els vehicles que no tenen res a declarar. Un cop els agents, que efectuaven un control fiscal, van comprovar què hi havia al seu interior, van trobar tant el rellotge com una capsa de fusta per guardar-lo valorada en 900 euros. Per tot plegat, van aixecar una acta per infracció de contraban a l'home que conduïa el cotxe, de 38 anys i nacionalitat espanyola. A més, la mercaderia decomissada va quedar dipositada a la duana.;successos
Una mare i la filla, hospitalitzades per les cremades provocades per un home a qui la dona havia denunciat abans;https://www.ara.cat/societat/ataca-caustica-sant-feliu-guixols_1_1115999.html;30/06/2020;BarcelonaNou cas de violència masclista. Un home va atacar ahir al migdia una dona i la seva filla de 5 anys amb sosa càustica a la via pública a Sant Feliu de Guíxols, segons han informat els Mossos d'Esquadra. No es tractava d'un desconegut. La dona l'havia denunciat feia un mes per un delicte de coaccions però en aquell moment el jutge que portava el cas, d'acord amb el criteri de la Fiscalia, va desestimar una ordre de protecció contra la víctima perquè no es donaven els requisits, han explicat fonts del Tribunal Superior de Justícia de Catalunya (TSJC). Mare i filla van ingressar a l'Hospital de la Vall d'Hebron de Barcelona amb cremades provocades per aquest producte. Ara un altre jutjat de Sant Feliu, que també porta els casos de violència masclista, ha ordenat protegir la mare i la nena i ha emès una ordre de crida i cerca contra l'home. Els fets van tenir lloc aquest dilluns al carrer València de la localitat, cap a dos quarts d'una del migdia. L'agressor, que segons l'ACN havia mantingut una relació afectiva amb la dona, va ruixar-les amb aquest producte corrosiu. Les va atacar en ple carrer, a la llum del dia. Després, l'home, que té uns 40 anys, va fugir. La dona té cremades molt greus, segons ha detallat el centre hospitalari a Europa Press. En té al llavi, a la geniva i a la còrnia de l'ull dret, fins al punt que podria perdre l'ull. La nena té lesions al llavi i a l'ull, però de poca intensitat.;successos
Els Mossos investiguen una possible mort violenta a Barcelona;https://www.ara.cat/societat/mossos-investiguen-possible-violenta-barcelona_1_1117480.html;26/06/2020;Aquest divendres a les 2 de la nit els Mossos d'Esquadra han rebut un avís per un home greument ferit en una baralla al passeig Lluís Companys de Barcelona, al barri de Ciutat Vella. Quan el Servei d'Emergències Mèdiques va arribar al lloc dels fets no van poder salvar-li la vida i van certificar la seva mort. Els agents de la divisió d'investigació criminal de la regió metropolitana de Barcelona s'han fet càrrec de la investigació per intentar aclarir les circumstàncies de la seva mort.;successos
Llibertat provisional pels dos detinguts per l'atac a un pis amb joves immigrants a Premià de Mar;https://www.ara.cat/societat/dos-detinguts-immigrants-premia-mar_1_1124863.html;16/06/2020;BarcelonaEl jutjat d'instrucció 5 de Mataró, en funcions de guàrdia, ha deixat en llibertat provisional els dos detinguts per l'atac de diumenge a la nit a un pis amb joves immigrants a Premià de Mar, que van haver de ser traslladats a una altra ubicació per seguretat. Els detinguts tenen 32 anys, són veïns de Premià i Mataró i se'ls acusa de delictes d'atemptats, resistència i desobediència a agents de l'autoritat, desordres públics, danys, lesions i un delicte d'odi i discriminació. El Tribunal Superior de Justícia de Catalunya ha informat que els detinguts, que han contestat les preguntes de totes les parts, han quedat en llibertat provisional a disposició del jutjat sempre que siguin requerits. Fonts judicials expliquen que la causa està oberta pels delictes de desordres públics i atemptat i desobediència a agents de l'autoritat i no es descarten noves detencions. Els Mossos d'Esquadra havien informat aquest dimarts que han detingut dos dels presumptes autors dels incidents. La policia va obrir una investigació dilluns que va permetre identificar-los i detenir-los. Els fets es remunten a la nit de diumenge, quan un grup de veïns organitzats va atacar amb pedres un pis ocupat en què vivien joves migrants, tal com va denunciar a través de les xarxes la Unitat Contra el Feixisme i Racisme (UCFR), que va compartir imatges en què es veia el llançament d'objectes i se sentien insults. Fonts dels Mossos d'Esquadra van confirmar a l'ARA que un dels nois va resultar ferit lleu en l'atac i que tots van haver de ser traslladats a un altre emplaçament per seguretat.;successos
Ataquen amb pedres un pis amb joves immigrants a Premià de Mar;https://www.ara.cat/societat/ataquen-pedres-immigrants-premia-mar_1_1051808.html;16/06/2020;Premià de MarUn grup de veïns organitzats van atacar amb pedres, la nit de diumenge, un pis ocupat de Premià de Mar (Maresme) on vivien joves migrants, tal com va denunciar a través de les xarxes la Unitat Contra el Feixisme i Racisme (UCFR), que va compartir imatges en què es veia el llançament d'objectes i se sentien insults. Fonts dels Mossos d'Esquadra van confirmar a l'ARA que un dels nois va resultar ferit lleu en l'atac i que tots van haver de ser traslladats a un altre emplaçament per seguretat. Els veïns que atacaven l'edifici també es van encarar als agents i van causar destrosses al mobiliari urbà. La policia va fer diverses càrregues per dispersar els concentrats i cinc agents van resultar ferits lleus. Els Mossos d'Esquadra han informat aquest dimarts que s'han fet dues detencions relacionades amb els fets i que no se'n descarten més. Els detinguts tenen 32 anys, són de nacionalitat espanyola i veïns de Premià i Mataró i se'ls acusa de delictes d'atemptats, resistència i desobediència a agents de l'autoritat, desordres públics, danys, lesions i un delicte d'odi i discriminació. Els Mossos van obrir una investigació aquest dilluns que va permetre identificar i detenir dos dels presumptes autors dels incidents. La investigació continua oberta i no es descarten noves detencions.;successos
Desarticulen una organització dedicada al tràfic de persones amb més de 1.000 víctimes;https://www.ara.cat/societat/desarticulen-organitzacio-dedicada-persones-victimes_1_1128472.html;12/06/2020;BarcelonaEls Mossos d'Esquadra i la Guàrdia Civil han desarticulat una organització internacional dedicada al tràfic de persones. S'han identificat més de 1.000 víctimes, entre les quals dones embarassades i menors, que eren abandonades quan no podien pagar la quantitat exigida pels explotadors. Les víctimes, que provenien sobretot de països africans, eren captades en origen per treballar de manera irregular i en precari. Se les traslladava a Espanya, des d'on les distribuïen a Bèlgica, França i Alemanya exigint el pagament d'entre 500 i 750 euros. En el transcurs de l'operació, que va començar el 2018, hi ha hagut 12 detencions. S'han fet escorcolls a les demarcacions de Burgos, Lleida i Barcelona, així com tres a Portugal, dos a Alemanya i una detenció als Països Baixos. Els investigadors estimen que l'organització va obtenir uns beneficis de mig milió d'euros. Una part d'aquesta organització estava establerta a l’Estat i estava formada principalment per persones subsaharianes que residien a la demarcació de Lleida, on disposaven d'un pis a càrrec del cap de l'organització a la localitat de Rosselló (Segrià). Tenien, també, un segon immoble a Mataró, on vivien la resta de membres de l'organització, tal com recull l'ACN.;successos
Investiguen l'actor porno Nacho Vidal per una mort en un ritual amb verí de gripau;https://www.ara.cat/societat/detenen-nacho-vidal-fotograf-ritual_1_1137105.html;03/06/2020;"ValènciaUn jutjat de Xàtiva investiga l'actor porno Nacho Vidal, un familiar seu i una treballadora seva com a presumptes autors de la mort d'un home durant la celebració d'un ritual místic fet amb la inhalació de vapors de verí de gripau. La Guàrdia Civil els va detenir divendres després d'arribar a la conclusió que són responsables d'un homicidi imprudent i d'un delicte contra la salut pública per haver organitzat i dirigit aquest ritual, que va resultar mortal. La celebració es va fer el juliol de l'any passat en una casa que Vidal té a la localitat valenciana d'Énguera (Canal de Navarrés), on va perdre la vida el fotògraf José Luis Abad. El jutjat d'instrucció que porta el cas els ha deixat en llibertat tot i que els manté investigats per homicidi. Des que Abad va morir, la Guàrdia Civil de Xàtiva havia investigat, com a policia judicial, la seva defunció. No ha sigut fins gairebé onze mesos després de la mort que s'ha detingut Vidal i dues persones més del seu àmbit per la mort del fotògraf. Segons la Guàrdia Civil, durant la investigació s'ha pogut demostrar que l'actor porno i el seu entorn feien, de manera habitual, activitats d'aquest tipus en què defensaven finalitats terapèutiques o medicinals que suposen ""un risc seriós"" per a la salut pública. ""Estava emmascarat sota el que semblava un ritual ancestral aparentment inofensiu, que captava persones fortament suggestionades, en un estat especial de vulnerabilitat o necessitat de sanar determinades addiccions i utilitzant mètodes alternatius"", apunta el cos armat.";successos
Detenen a Badalona l'home que presumptament ha matat la parella a Esplugues de Llobregat;https://www.ara.cat/societat/mossos-investiguen-mort-dona-esplugues-llobregat-presumpte-crim-masclista_1_1039181.html;30/05/2020;"BarcelonaEls Mossos d'Esquadra han detingut a Badalona l'home que presumptament ha matat aquest dissabte la parella al domicili que compartien a Esplugues de Llobregat (Baix Llobregat). El sospitós, del qual no ha trascendit cap informació llevat que té uns 55 anys, havia fugit en metro abans que arribessin els agents, segons explica El Periódico. La víctima és una dona de 51 anys, veïna de Viladecans, que s'havia traslladat recentment a viure a la ciutat veïna amb la seva parella, l'únic arrestat pels fets. La policia ha rebut un avís a les set del matí alertant que hi havia una dona morta a l'interior d'un pis del número 13 del carrer de la Menta, al barri de Can Vidalet. Quan els agents ha arribat, han localitzat el cadàver de la dona amb evidents senyals de violència. El crim s'hauria comès amb un ganivet després d'una discussió, segons informa Efe. El Tribunal Superior de Justícia de Catalunya ha confirmat en un comunicat la naturalesa masclista del crim i que, per tant, la hipòtesi principal de la investigació és que la dona havia estat assassinada ""per la seva parella"", que a més s'havia ""fugat"" del pis, segons han informat fonts judicials. A mitja tarda, però, la policia ha localitzat l'home a Badalona, a més de 20 quilòmetres del lloc dels fets, i ha quedat detingut com a principal sospitós del crim. La divisió d'investigació criminal dels Mossos s'ha fet càrrec de la investigació per aclarir els fets.";successos
Detingut un home per matar la mare a Santa Coloma de Gramenet després d'un incendi al pis;https://www.ara.cat/societat/santa-coloma-gramenet-mossos-investiguen-incendi-provocat-mort_1_1039131.html;29/05/2020;BarcelonaEls Mossos d'Esquadra han detingut un home per matar la seva mare a Santa Coloma de Gramenet després que s'hagi produït un incendi avui a primera hora del matí al seu pis. El presumpte autor té 37 anys, és de nacionalitat espanyola i els indicis apunten que el foc a l'interior del domicili l'hauria provocat ell mateix. Segons la investigació, el fill i la mare vivien al mateix habitatge i, quan els Bombers han entrat a apagar les flames, a tres quarts de nou del matí, han trobat el cos sense vida de la dona. L'home no ha resultat afectat per l'incendi, però s'ha atrinxerat dins l'habitatge. Fonts coneixedores de la situació expliquen a l'ARA que el fill estava molt nerviós i no feia cas a les ordres de la policia. L'home s'ha situat al balcó del pis, on al final han hagut d'intervenir els agents antiavalots de l'àrea regional de recursos operatius (ARRO). També hi havia encara els bombers que s'hi han desplaçat per extingir el foc, que s'han aproximat a la part del balcó on estava atrinxerat amb l'autoescala d'un dels seus camions. Els Mossos han fet ús de la pistola elèctrica, la Taser, per reduir-lo. Una vegada els investigadors han recollit les proves que assenyalen el fill com el responsable de l'assassinat de la mare, l'han detingut.;successos
"""La violència contra les persones sense sostre és menys puntual del que pensem""";https://www.ara.cat/societat/violencia-persones-sense-sostre-agressions-assassinats-crims-barcelona-arrels-assis-denuncies-aporofobia_1_1107920.html;06/05/2020;"BarcelonaEn 40 dies, en ple confinament, almenys cinc persones sense sostre van morir a Barcelona, quatre de les quals assassinades. Fa una setmana els Mossos d'Esquadra van detenir un home, que ara està empresonat a la unitat psiquiàtrica de Can Brians, per tres dels crims. Les morts de la gent que viu al carrer, quan no són violentes, es tornen invisibles. I el mateix passa amb les agressions físiques i verbals que reben. ""La violència contra les persones sense sostre és menys puntual del que pensem"", lamenta l'advocada i responsable de l'equip jurídic d'Arrels Fundació, Bea Fernández. Ara es volen presentar com a acusació popular en les causes judicials que s'han obert pels assassinats de les últimes setmanes per ""visibilitzar"" aquesta violència. No seria la primera vegada que Arrels exerceix d'acusació popular en una investigació pel crim d'una persona sense sostre. Ja ho va fer fa uns mesos per l'assassinat d'una dona de 46 anys que vivia al carrer. La van trobar morta l'agost de l'any passat sota el remolc d'un camió al passeig de Can Tunis de Barcelona. Encara no s'ha detingut ningú pel crim, i, de fet, costa obtenir indicis o proves sobre el cas, però la investigació no està aturada. El mateix passa amb el primer assassinat d'aquestes característiques que es va produir durant l'estat d'alarma, el d'un home d'uns 60 anys que vivia al carrer, i que els Mossos no atribueixen, de moment, a l'empresonat pels altres crims contra persones sense sostre de l'últim mes, en què van morir tres homes que tenien 22, 67 i 33 anys.";successos
Detingut un home per matar el pare a Sabadell;https://www.ara.cat/societat/successos-parricidi-sabadell_1_1158452.html;05/05/2020;BarcelonaPresumpte parricidi a Sabadell. Els Mossos d'Esquadra han detingut un home de 36 anys per matar suposadament el seu pare, de 64, al domicili on convivien d'aquest municipi. Ara els investigadors intenten aclarir les circumstàncies del crim. Els agents han rebut l'avís d'un incident al domicili de Sabadell on vivien pare i fill poc després de les cinc de la tarda. Quan els Mossos han arribat a l'habitatge han trobat el pare malferit a terra. La dotació del Sistema d'Emergències Mèdiques que l'ha atès no ha pogut fer res per salvar-li la vida.;successos
En llibertat l'home arrestat per la desaparició de la seva parella, que va aparèixer morta a Corbera de Llobregat;https://www.ara.cat/societat/successos-llibertat-detingut-mort-dona-corbera_1_1139835.html;01/05/2020;BarcelonaGir en el cas de la dona desapareguda a Corbera de Llobregat i que va aparèixer morta en una riera d'aquest municipi. Els Mossos d'Esquadra van detenir dijous la seva parella, un home de 45 anys, per la seva presumpta relació amb el cas, però aquest divendres l'han deixat en llibertat amb càrrecs a l'espera que el jutge el citi a declarar. Tant la delegació del govern espanyol com la conselleria de Presidència van comptabilitzar el cas com un crim masclista. De fet, des del govern espanyol es va comptabilitzar com la dinovena víctima de la violència masclista a l'Estat aquest any i la delegada del govern espanyol contra la violència de gènere, Victòria Rosell, va assegurar que l'arrestat tenia una ordre d'allunyament i que havia confessat el crim.;successos
Detingut un home per l'assassinat de la seva parella a Corbera de Llobregat;https://www.ara.cat/societat/detingut-assassinat-parella-corbera-desapareguda-desaparicio-dona-crim-masclista-confinament-estat-alarma-coronavirus-covid-19_1_1154926.html;30/04/2020;BarcelonaUn home de 45 anys ha quedat detingut per l'assassinat de la seva parella a Corbera de Llobregat. Fa una setmana es va denunciar la desaparició de la dona i aquest dimecres a la tarda es va trobar el seu cadàver en una riera de Corbera. Poc després, els Mossos d'Esquadra van detenir l'home com a presumpte autor del crim. És el primer assassinat considerat de violència masclista a Catalunya durant el confinament i la setena mort violenta. Des que es va declarar l'estat d'alarma fins ara s'han produït quatre assassinats de persones sense sostre a Barcelona, un homicidi a Sant Quirze en què van matar un home i un altre al Pont de Vilomara en què van matar una dona. Quan la setmana passada es va denunciar la desaparició de la dona trobada morta a Corbera, la Unitat Central de Persones Desaparegudes dels Mossos ja va començar a investigar el cas amb la sospita que hi havia el risc que poguessin haver matat la persona. També es va activar una recerca per localitzar-la i ahir a la tarda van veure un cos sense vida en una riera de Corbera. El cadàver corresponia a la dona que buscaven i tenia signes d'haver sigut víctima d'una mort violenta. Els Mossos, que portaven una setmana amb aquesta investigació, van acabar detenint la parella de la dona com a responsable de l'assassinat.;successos
Presó per al detingut pels assassinats de persones sense sostre a Barcelona;https://www.ara.cat/societat/preso-home-detingut-sense-sostre-barcelona-assassinats-morts-crims-mossos-les-planes_1_1153506.html;30/04/2020;"BarcelonaEl detingut pels assassinats de persones sense sostre a Barcelona ingressarà a la presó. El jutjat de guàrdia ha decretat presó preventiva i sense fiança per a l'home de 35 anys que els Mossos d'Esquadra van detenir dimarts a la matinada a les Planes, a Sant Cugat del Vallès. El jutge el considera responsable de tres de les morts, però no del quart cas que estava sota sospita, que va ser el primer que va passar. De fet, els Mossos estudien la implicació de l'home en aquest quart crim i també en un cinquè, que d'entrada havien descartat i que ara continuen investigant. El detingut ha passat aquest matí a disposició del jutjat i la policia li ha atribuït tres crims. En una videoconferència des de la comissaria, l'home ha respost l'interrogatori judicial però ""no ha donat una explicació raonable del que ha passat i s'ha limitat a negar els fets"", segons el jutge, que després ha decidit enviar-lo a la presó per tres delictes d'assassinat. Les imatges de càmeres de videovigilància, la presència del presumpte autor al lloc de les morts a les franges horàries en què van tenir lloc i el modus operandi similar, amb víctimes que dormien al carrer a l'Eixample, són indicis que, per al jutjat, apunten al detingut. ""Els atacava per sorpresa i de manera violenta, sense possibilitats de defensa"", explica el jutge, que afegeix que deixava l'arma que havia utilitzat per assassinar els homes sense sostre a la mateixa escena del crim. Feia servir objectes contundents: una barra de ferro en dos casos i un pal en el tercer. El detingut vivia en una caravana aparcada al carrer, a les Planes, on els Mossos han trobat peces de vestir que coincideixen amb la roba que portava en el moment de cada fet, com una gorra i uns guants sense dits, segons les imatges que van enregistrar-lo.";successos
Un detingut pels assassinats en sèrie de persones sense sostre a Barcelona;https://www.ara.cat/societat/mossos-esquadra-investiguen-mort-sensesostre-eixample-barcelona-detingut-confinament-coronavirus-covid-19-sant-cugat_1_1153422.html;28/04/2020;"BarcelonaQuatre assassinats a Barcelona en 40 dies des que es va declarar l'estat d'alarma pel coronavirus. Les víctimes són quatre homes que vivien al carrer, alguns de joves i altres de 60 anys o més, i tres d'ells van rebre cops al cap amb objectes contundents. Els Mossos d'Esquadra havien obert una investigació per estudiar la relació dels assassinats en sèrie de persones sense sostre a la ciutat, que han passat en un radi de menys d'un quilòmetre. L'autor acostumava a atacar quan les persones dormien. L'últim crim s'ha comès aquesta nit a l'Eixample, a pocs metres dels anteriors, i ha acabat amb la detenció d'un home de 35 anys a les Planes, a Sant Cugat del Vallès. Segons fonts pròximes a la investigació, la policia té clar que és el responsable de tres de les morts i ara treballa per comprovar si també és l'autor del cas que falta, en què l'actuació no és la mateixa. Un element que connecta els quatre assassinats és la violència que utilitzava l'autor contra les persones sense sostre, que era ""desmesurada i gratuïta"", segons ha assegurat el responsable de la investigació dels Mossos, l'intendent Joan Carles Granja. ""No deixava cap mena de defensa a les víctimes"", ha afegit. Un testimoni ha vist el crim d'aquest dilluns a les 11 de la nit, a la cruïlla entre els carrers Sardenya i Rosselló, i l'alerta al 112 ha permès activar el dispositiu policial que s'havia planificat per atrapar l'autor dels assassinats. L'han detingut 20 minuts després de la una de la matinada a les Planes, on vivia en una caravana aparcada al carrer. ""Estàvem protegint vides humanes d'un col·lectiu invisible i vulnerable"", ha apuntat Granja, que ha remarcat que els agents treballaven a contrarellotge per trobar el responsable.";successos
"""Hem estat convivint amb un assassí en sèrie?""";https://www.ara.cat/societat/dia-entrar-botiga-destral-motxilla_1_1156341.html;28/04/2020;"Sant Cugat del VallèsLa Maria, botiguera de la Cooperativa Santa Rosalia, al barri de les Planes de Sant Cugat, ja feia un cert temps que li havia agafat por al Thiago, el jove de 35 anys detingut aquest dilluns a la matinada a la caravana on vivia, a uns 50 metres de l'establiment, i a on havia tornat després dels assassinats a l'Eixample de Barcelona pels quals se l'investiga. I això que, malgrat que parlava sol i ""no estava bé del cap"", sempre reaccionava amb educació. ""Si li deia que deixés d'ensumar per aquí o per allà, em feia cas i ho feia molt educadament"", explica la Maria. Però fa unes setmanes això va canviar. ""Va entrar amb una destral a la motxilla, es veia el mànec, i vaig trucar als Mossos. Em van dir que era per tallar uns ossos i que no em preocupés i no li van treure"". Em va indignar quedar com una paranoica"", afegeix, i el Félix, client de 46 anys, remata: ""Potser no n'hi havia tanta, de paranoia"". La seva filla, la Rita, d'11 anys, llança una pregunta que ara té fàcil resposta: ""¿O sigui que hem estat convivint amb un assassí en sèrie?"" La botiguera explica que només comprava cerveses i que ella un dia li va regalar una miqueta de pernil. Els veïns es pregunten què menjava i com ho aconseguia. Qui més qui menys, els clients que fan cua a la porta de la botiga (només dues persones poden entrar a la vegada per mantenir la distància sanitària) el coneixien de vista, al Thiago. ""Va entrar a robar a un pis i a un altre veí li va robar una bicicleta. Fa poc li van fotre una bona pallissa, li van obrir el cap uns a qui havia robat i va acabar a l'hospital"", explica el Jose, que el va veure ahir per últim cop, hores abans de cometre l'últim assassinat. ""Amb tots els controls que hi ha, ¿com ha pogut anar i tornar totes aquestes vegades?"", es pregunta. ""A casa meva va intentar entrar i després em va preguntar que si bordaven gaire els gossos, i jo li vaig dir que esclar que bordarien si s'intentava colar a casa meva"", completa. Però no els consta que cap dels veïns robats haguessin posat alguna denúncia.";successos
"Els juristes qüestionen les sancions per saltar-se el confinament i Marlaska insisteix en aplicar la ""llei mordassa""";https://www.ara.cat/societat/reaccions-sancions-saltar-se-confinament-instruccions-marlaska-policia-coronavirus-covid-19_1_1130372.html;16/04/2020;BarcelonaNo tot s'hi val: les multes per saltar-se el confinament han d'acreditar que s'ha produït una desobediència o un incompliment manifest de la llei. És l'advertiment que fan els juristes després que la mateixa Advocacia de l'Estat hagi qüestionat que els més de 550.000 expedients sancionadors que ha obert la policia a tot Espanya es puguin arribar a fer efectius. L'informe avisava que l'article 36.6 de la llei de seguretat ciutadana o llei mordassa que estava fent servir la policia fins ara per sancionar els incompliments de l'estat d'alarma només es pot aplicar en aquells casos en què es desobeeixi de manera clara la policia, i plantejava l'alternativa de la llei de salut pública i de protecció civil, que també qüestionen alguns juristes. La policia ha incoat fins ara més de mig milió d'expedients. Només durant el període de Setmana Santa, coincidint amb el moment de més restriccions, els Mossos d'Esquadra van tramitar 1.187 denúncies a Catalunya. Però això no vol dir que s'acabin concretant totes en multes. Caldrà que les autoritats administratives, sigui la Delegació del govern espanyol, el departament d'Interior o els ajuntaments en el cas de les policies locals, considerin que hi ha motiu d'infracció. Per això és important el criteri dels advocats de l'Estat.;successos
Un jutge envia a la presó un home per saltar-se el confinament i tossir als clients d'un supermercat a Reus;https://www.ara.cat/societat/coronavirus-preso-provisional-desobediencia-confinament-covid-19_1_1177210.html;23/03/2020;"BarcelonaPrimera mesura judicial a Catalunya per saltar-se el confinament. Un jutge ha enviat preventivament a la presó un home que va sortir al carrer en diverses ocasions sense justificació la setmana passada i que va acabar entrant en un supermercat de Reus tossint i escopint sobre els clients i els treballadors de l'establiment. L'home, a qui constaven una cinquantena d'antecedents policials, va resistir-se a la detenció dels agents: ""El virus aquest a mi no m'afecta. Us afectarà a vosaltres, a mi no, perquè l'alcohol que porto a sobre el mata"", hauria cridat als policies, segons recull la resolució del jutge. L'home, de 37 anys i a qui els Mossos d'Esquadra responsabilitzen d'un delicte de resistència, desobediència i atemptat als agents de l'autoritat, havia estat denunciat en fins a en nou ocasions des de dimecres passat per saltar-se el confinament i protagonitzar diversos incidents: els agents el van interceptar diversos cops i en hores molt diferents al carrer Ample de Reus, al centre de Tarragona, a la carretera T-300 a Falset (Priorat).";successos
Els Mossos descarten el mòbil terrorista en la irrupció d'un cotxe a l'aeroport del Prat;https://www.ara.cat/societat/detenen-persones-intentar-t-1-prat_1_1181032.html;20/03/2020;BarcelonaEls Mossos d'Esquadra han detingut, a primera hora d'aquest matí, dues persones per haver intentat accedir amb el seu vehicle a l'interior de la terminal T1 de l'aeroport del Prat. La policia ja ha confirmat que l'incident no ha provocat ferits i els Tedax han descartat que el vehicle porti explosius. Els fets han tingut lloc cap a les 5 de la matinada, quan el cotxe ha accedit al hall de la planta 0 per un accés habilitat per a vianants, segons ha informat el conseller d'Interior, Miquel Buch. Tot i que un dels detinguts ha fet una proclama islamista en el moment de la detenció, els Mossos d'Esquadra descarten finalment el mòbil terrorista. Ara la policia catalana està intentant acabar de determinar les intencions dels detinguts, de nacionalitat albanesa, i sense antecedents confirmats. Interior ha enviat el cas a la Fiscalia i ha obert una investigació.;successos
Un mort, 19 ferits i un desaparegut en una explosió en una empresa química a la Verneda;https://www.ara.cat/societat/explosio-empresa-quimica-verneda_1_1185633.html;10/03/2020;"BarcelonaL'explosió en una empresa química del polígon industrial de Montsolís, a la Verneda, a la frontera entre Barcelona i Sant Adrià de Besòs, ha deixat un mort, 19 ferits lleus i un possible desaparegut. L'explosió ha nascut a l'empresa química Proquibasa, però veïns i treballadors del mateix polígon que eren a fins a un quilòmetre de distància han sentit la forta explosió i, en alguns casos, s'han quedat quedat sense llum. A les naus veïnes, segons han explicat, han vist ""pedres volant com meteorits"", i els treballadors de l'empresa IET lamentaven la mort d'un company. El cap de la unitat de suport tècnic dels Bombers de Barcelona, Antoni Cabeza, ha explicat que els treballadors estaven fent ""unes proves de pressió"" en un dipòsit, quan aquest ""no ha suportat la pressió"" i ha explotat. L'ona expansiva ha afectat tant el dipòsit com la nau on s'ha produït la deflagració, i diversos elements de construcció ""han sortit projectats"" i han afectat també l'entorn de l'empresa. Un d'aquests impactes ha anat a parar a una nau pròxima i ha matat un treballador. Altres impactes han afectat la mateixa empresa i han provocat, entre altres coses, un ""vessament important"" en un dels dipòsits. Arran de l'explosió s'ha activat en fase d'emergència el Plaseqcat d'emergències químiques, que després s'ha rebaixat ja que les autoritats han considerat que no hi havia risc per als veïns que fossin al voltant. El Bombers hi han desplaçat 11 dotacions, i el SEM, vuit.";successos
Mata la dona d'un tret al cap al País Valencià;https://www.ara.cat/societat/mata-parella-al-pais-valencia_1_1186266.html;09/03/2020;BarcelonaUna dona ha mort a la localitat valenciana de Castelló de la Ribera després que la seva parella li disparés un tret al cap en el que la delegació del govern contra la violència de gènere ja ha confirmat que és un cas de violència masclista. La víctima és una dona de 28 anys i tenia un fill menors d'edat. No constaven denúncies prèvies per maltractaments. Agents de la Guàrdia Civil han detingut la parella de la víctima, un home que ha afirmat que el tret que va causar la mort de la dona s'havia produït de manera accidental, mentre netejava una arma de foc.;successos
La Guàrdia Civil difon el retrat robot de l'home mort trobat a l'Ebre i demana ajuda per identificar-lo;https://www.ara.cat/societat/guardia-civil-retrat-ebre-trobar-lo_1_1192364.html;07/03/2020;"BarcelonaLa Guàrdia Civil ha difós aquest dissabte un retrat robot de l'home que van trobar mort el 8 de febrer passat a l'Ebre, al seu pas per la partida de la Font de Quinto de la localitat de Campredó, a Tortosa. Ha demanat ""col·laboració ciutadana"" per identificar l'home, d'entre 35 i 45 anys, al voltant d'1,75 cm i que té com a senyal característic una petita cicatriu al llavi superior esquerre. L'home presentava dos trets i tenia les dues mans amputades. Per ara, expliquen fonts de la Guàrdia Civil, no han aconseguit identificar-lo amb els protocols habituals. Tampoc han rebut denúncies de desaparició.";successos
Onada de robatoris de mànecs de portal a Sant Antoni i al Poble-sec;https://www.ara.cat/societat/onada-robatoris-sant-antoni-poble-sec-manecs-porta-poms-manetes-llauto_1_1192984.html;03/03/2020;"BarcelonaDesprés del robatori de les lletres de la Granja Vendrell, que finalment s'han recuperat, a Barcelona s'ha produït un altre fenomen: el robatori de mànecs dels portals d'entrada dels blocs. Així ho han detectat els comerciants del barri de Sant Antoni, que estan organitzats en un grup de WhatsApp des de l'estiu, quan van patir una onada de robatoris nocturns als establiments que ara, gràcies al reforç policial, està més controlada, segons els mateixos afectats. El grup, però, els serveix per posar-se en guàrdia davant d'altres delictes, i ara han detectat aquesta nova pràctica, els robatoris de manetes de portal dels edificis, que els Mossos d'Esquadra ja investiguen. Una passejada per carrers com Tamarit o l'avinguda Mistral permet veure moltes portes sense els poms. Els lladres intenten vendre el llautó dels mànecs al mercat negre i, segons la plataforma SantAntoni Vigila, en una sola nit, la del diumenge 23 de febrer, en van desaparèixer una vintena entre els carrers de Sant Antoni i el Poble-sec, on els comerciants també tenen contactes. ""Des de llavors hem anat tenint constància que n'han anat desapareixent més"", ha explicat una de les portaveus de la plataforma. Un degoteig de casos. Els lladres fan palanca amb alguna eina, extreuen les manetes i marxen amb el botí, tot i que els Mossos sospiten que en la majoria dels casos ho descargolen.";successos
A presó tres homes per haver violat en grup una dona en un cotxe i haver-ho gravat;https://www.ara.cat/societat/tres-detinguts-agredir-sexualment-barcelona_1_1193381.html;02/03/2020;BarcelonaNova violació en grup. Va passar dissabte, abans de les sis de la matinada, en un cotxe aparcat al carrer Casanova de Barcelona. Tres homes van agredir sexualment una dona a l'interior del vehicle i la víctima recorda que aquella nit havia coincidit amb almenys un d'ells en una discoteca pròxima. Els Mossos d'Esquadra els van detenir després de rebre l'alerta que es podia estar produint una violació dins un cotxe. Un vianant va veure que la dona estava semiinconscient i que els homes l'agredien sexualment mentre li feien fotos i la gravaven amb els mòbils. Per això el jutge els ha enviat a la presó per un delicte d'agressió sexual en grup i també per un altre de revelació de secrets, per les imatges i els vídeos. Quan la patrulla dels Mossos va arribar al carrer Casanova, a tocar de la Diagonal, dos dels homes eren fora del cotxe i l'altre continuava a l'interior amb la dona. Segons la policia, la violació va passar dins el vehicle i es creu que els homes haurien actuat per torns. La investigació dels Mossos es basa en el testimoni del vianant, el que recorda la víctima, les imatges i els vídeos que van gravar els agressors i el que van veure els agents. Els detinguts, de 28, 32 i 33 anys i de diferents nacionalitats, es van negar a declarar a la comissaria i al jutjat dos d'ells han fet el mateix.;successos
Primera querella per una 'fake news' sobre menors estrangers;https://www.ara.cat/societat/primera-querella-sobre-menors-estrangers_1_1195870.html;27/02/2020;"Barcelona""T'envio un vídeo d'un centre educatiu per als emigrants menors d'edat que entren il·legalment a Espanya. Et prego que ho difonguis perquè Espanya s'assabenti d'una vegada com ens agraeixen que els acollim"". És el missatge d'un tuit que es va publicar el juny de l'any passat acompanyat d'un vídeo d'un minut i mig en què es pot veure l'interior d'una aula d'un centre educatiu, diversos alumnes que criden i llancen papers a la professora i que també tomben les taules i les cadires, entremig de crits i rialles de burla. Però les imatges no eren d'Espanya, sinó del Brasil. Davant d'això, la Fiscalia especialitzada en delictes d'odi de Barcelona ha presentat la primera querella a Espanya per una 'fake news': ha denunciat la dona que va difondre el vídeo amb el missatge que atacava els migrants menors d'edat no acompanyats, els coneguts com a menes. El cas va començar per una denúncia que va fer la síndica de greuges de Barcelona, que a finals de juny havia rebut el vídeo ara investigat que es difonia per les xarxes socials i WhatsApp. L'1 de juliol va portar el vídeo a la Fiscalia perquè considerava que tant les imatges com el text que anava amb la publicació podia fomentar i promocionar la discriminació i l'odi contra el col·lectiu que s'assenyalava: per tant, podia tractar-se d'un delicte d'odi per haver associat interessadament els migrants menors amb la violència a les aules. La fiscal en cap de Barcelona va tirar endavant la denúncia i la va delegar al servei de delictes d'odi, que va demanar a la unitat d'investigació de radicalismes a la xarxa dels Mossos d'Esquadra que assumís aquest cas i n'identifiqués l'autor.";successos
Cop al dòping al gimnàs: el perillós consum que enganxa joves mileuristes;https://www.ara.cat/societat/cop-trafic-substancies-dopant-gimnasos_1_1194974.html;27/02/2020;"BarcelonaUn repartidor porta un paquet a casa. La caixa no va a nom de cap dels habitants d'aquell domicili i tampoc és el nom de cap veí. En obrir-lo, el paquet conté 100 petites capses amb aparença de medicament. Són hormones de creixement que venen de Bulgària, que tenen un valor de 8.000 euros i que al mercat il·legal es compren gairebé pel doble d'aquesta quantitat. La persona que va rebre aquest paquet, el juliol de l'any passat, va avisar la policia. I a partir d'aquí, els Mossos d'Esquadra van obrir una investigació que va destapar una organització dedicada a traficar, distribuir i falsificar substàncies dopants que són il·legals a Espanya, però que cada cop són més buscades. La policia no ha anat a perseguir els consumidors dels productes, tot i que tenen clar els perfils que hi ha al darrere: joves cada cop més focalitzats en el gimnàs i amoïnats pel físic són la majoria, tot i que també hi ha culturistes –persones que desenvolupen la seva musculatura fins a l'hipertrofia– dedicats a la competició de manera professional. ""El perfil dels joves acostuma a ser de mileuristes, amb una feina precària, però que prefereixen viure a casa dels pares i gastar-se 400 euros al mes en el tractament per guanyar múscul. Això, el gimnàs i la dieta són sagrats per a ells"", expliquen els investigadors dels Mossos. I apunten que de cara a l'estiu creixen els adeptes per l'efecte de l'anomenada operació biquini.";successos
Mileuristes que es gasten 400 euros al mes en múscul;https://www.ara.cat/societat/mileuristes-que-gasten-euros-muscul_8_1194947.html;27/02/2020;;successos
Mileuristes que es gasten 400 euros al mes en múscul;https://www.ara.cat/societat/mileuristes-que-gasten-euros-muscul_8_1194883.html;27/02/2020;;successos
Una granada de mà apareix en un punt verd de Barcelona;https://www.ara.cat/societat/granada-ma-apareix-punt-verd-barcelona-artefacte_1_1204964.html;19/02/2020;BarcelonaEl grup d'artificiers dels Mossos d'Esquadra, els Tedax, s'han fet càrrec aquest dimecres al matí d'una granada de mà que havia estat dipositada al punt verd del carrer Carmen Amaya del districte de Sant Martí de Barcelona. Segons ha explicat la policia, la peça d'artilleria es va deixar al punt de reciclatge ahir al vespre. Aquest matí s'ha avisat els Mossos, que han activat el protocol previst per a aquests casos. Efectius del Tedax s'han desplaçat fins al punt verd per fer-se càrrec de l'artefacte i retirar-lo amb seguretat. Mentre han durat aquestes tasques, i també en el marc del que estipula el protocol, la Guàrdia Urbana ha tallat el trànsit dels carrers adjacents al punt verd, sense que hi hagi hagut més complicacions.;successos
Per què s'han mort desenes d'estornells a prop de la petroquímica de Tarragona?;https://www.ara.cat/societat/investiguen-desenes-ocells-petroquimica-tarragona_1_1203134.html;17/02/2020;BarcelonaLa imatge ha corregut com la pólvora a través de les xarxes socials: desenes d'ocells morts a la C-31B, a prop del polígon sud de la petroquímica de Tarragona. El número d'Emergències, el 112, va rebre la primera trucada d'avís sobre aquesta situació aquest diumenge a les cinc de la tarda i, posteriorment, va rebre un parell de trucades més des del lloc i també d'altres que havien rebut imatges per WhatsApp. Quan els preguntaven als que avisaven si percebien una olor estranya com de producte químic o similar deien que no. Ningú no sabia què els havia pogut passar als estornells. Un centenar de cadàvers reposaven a la carretera. Efectius dels Agents Rurals s'han desplaçat fins al lloc del fets per agafar mostres dels estornells afectats i intentar aclarir les causes de la seva mort. Segons fonts d'aquest cos, les primeres observacions porten a descartar qualsevol dany químic perquè els ocells morts eren en una zona molt focalitzada i no hi havia més fauna afectada a prop.;successos
L’ensorrament d’un abocador qüestiona la gestió del govern basc;https://www.ara.cat/societat/enfonsament-abocador-biscaia-dos-treballadors-sepultats-questiona-gestio-govern-basc_1_1077826.html;13/02/2020;ZaldívarEren les quatre de la tarda del dijous de la setmana passada quan tres treballadors de l'abocador de Zaldíbar, a Biscaia, propietat de l'empresa Verter Recycling, van notar que el terra es movia sota els seus peus. Un d'ells va aconseguir saltar a temps de la grua amb què treballava i va evitar caure pendent avall. Els altres dos, Alberto Soraluze y Joaquín Beltrán, no van tenir la mateixa sort i van quedar sepultats sota mig milió de metres cúbics de terra i runa. L'esllavissada va obligar a tallar l'AP-8, l'autopista que uneix Bilbao i Donosti. A partir d'aquest moment es van produir una cadena d'errors que posen en qüestió el control i el model de gestió de residus del govern basc. La mateixa tarda, dotacions dels bombers, personal de rescat de muntanya i la unitat canina es van desplaçar fins a Zaldíbar per intentar rescatar els dos treballadors atrapats, i efectius de l'Ertzaintza van intentar, de manera prioritària, crear rutes viàries alternatives al col·lapse de l'AP-8. Set hores després de l'ensorrament, els serveis de rescat van aturar les tasques sense cap motiu aparent.;successos
Detenen el conductor que ha avançat en línia contínua i ha causat l'accident mortal d'un motorista a la Selva;https://www.ara.cat/societat/detenen-conductor-ha-motorista-selva-linia-continua-massanes_1_1205190.html;09/02/2020;GironaEls Mossos d'Esquadra han detingut per imprudència greu i homicidi imprudent el conductor d'un dels cotxes implicats en l'accident mortal d'un motorista a Massanes (Selva). Els fets han succeït pels volts de les 10.15 hores d'aquest diumenge al quilòmetre 12,5 de la GI-555, a la zona de l'Hostal del Roure, quan un vehicle que circulava en sentit Hostalric ha fet un avançament prohibit en línia contínua. En direcció contrària hi circulava una motocicleta que s'ha vist obligada a esquivar el turisme per evitar la col·lisió frontal i ha sortit de la via. El motorista ha caigut en un terraplè i ha mort a causa de l'accident. Al lloc han arribat el Sistema d’Emergències Mèdiques (SEM), que no ha pogut fer res per salvar-li la vida. Els agents de trànsit han detingut el conductor del cotxe –un home de 35 anys veí de Girona–, que ha donat negatiu a les proves d'alcohol i drogues.;successos
Mor un excursionista de 30 anys de Sabadell mentre feia una travessa pel Pedraforca;https://www.ara.cat/societat/mor-excursionista-30-anys-sabadell-pedraforca_1_1204828.html;09/02/2020;BarcelonaUn excursionista de 30 anys i de Sabadell va morir ahir dissabte en caure mentre feia una travessa per la muntanya del Pedraforca (Berguedà). Els Bombers de la Generalitat van rebre un avís de rescat ahir a les 18.06 hores, segons han informat aquest diumenge. Segons les primeres informacions, un grup de gent va sentir els senyals d’auxili d’un excursionista a la zona de sota de l’anomenada via Berguedana, a Saldes, i van avisar els equips d’emergència. Es van posar en marxa tres unitats del Grup d’Actuacions Especials (GRAE), juntament amb el Grup d’Emergències Mèdiques en rescats (GEM).;successos
Dura agressió a una dona per robar-li la bossa al metro;https://www.ara.cat/societat/dura-agressio-robar-li-bossa-metro_1_2593253.html;05/02/2020;BarcelonaNit de divendres a l'estació del metro de Navas (L1) de Barcelona. Passen pocs minuts de les onze i un home amb caputxa sorprèn per l'esquena una passatgera que està a punt de validar el bitllet per robar-li el bolso. Ella es resisteix a deixar anar la bossa i el lladre l'arrossega per terra amb molta violència i li arriba a donar puntades de peu. En algun moment, fins i tot, sembla que treu algun objecte per aconseguir trencar la corretja de la bossa i fugir amb el botí. Les imatges, que es van enregistrar aquest divendres, ja corren per les xarxes socials i, com ha informat Transports Metropolitans de Barcelona (TMB), els Mossos d'Esquadra estan investigant el robatori violent. L'empresa assegura que està col·laborant amb la policia per aclarir les circumstàncies dels fets. Fonts de Mossos han confirmat que la víctima ha presentat denúncia i que estan investigant el cas.;successos
Investiguen la mort violenta d'un home a Sabadell;https://www.ara.cat/societat/investiguen-mort-violenta-home-sabadell_1_2596617.html;30/01/2020;BarcelonaEls Mossos d'Esquadra estan investigant les circumstàncies de la mort d'un home a Sabadell. La policia va rebre l'avís, ahir cap a les 23.40, que hi havia una persona greument ferida al carrer, al barri de la Concòrdia. Un cop allà, els agents van constatar la mort violenta de l'home. Els agents de la Divisió d'Investigació Criminal de la Regió Policial Metropolitana Nord s'han fet càrrec de la investigació per identificar el presumpte autor o autors dels fets.;successos
Detenen a l'aeroport un home quan fugia per l'assassinat de la seva parella;https://www.ara.cat/societat/assassinada-sant-joan-despi-violencia_1_1039003.html;28/01/2020;BarcelonaUn home intentava comprar un bitllet aquesta matinada a l'aeroport del Prat. Buscava un país on poder fugir, però abans que pogués agafar cap avió la policia l'ha detingut. Els Mossos d'Esquadra el buscaven perquè feia poca estona que havien trobat el cos sense vida de la seva parella al domicili que compartien a Sant Joan Despí. Els agents han descobert l'assassinat aquesta nit després de rebre l'alerta de la família de la víctima, que havia avisat que intentaven contactar amb ella des de feia hores i que la dona no els responia. La policia no havia rebut cap trucada dels veïns que alertés de baralles o crits a l'habitatge, però, amb la sospita que a ella li hagués pogut passar alguna cosa, els Mossos han entrat al pis amb un familiar, que tenia les claus, moment en què s'han trobat l'escena del crim. A l'habitatge no hi havia la parella de la dona i per això la policia ha activat una recerca per localitzar-lo. Ha sigut més tard, un cop s'havia donat l'avís de recerca, que uns agents han vist l'home, de 45 anys i nacionalitat espanyola, a l'aeroport del Prat. El presumpte autor de l'assassinat ha quedat detingut abans que pogués fugir amb un vol. La víctima de Sant Joan Despí és la quarta per crim masclista que es produeix aquest any a Catalunya. Les dues primeres van ser una dona de 28 anys i la seva filla de tres anys, que van ser assassinades el dia de Reis per la seva parella i pare, respectivament, a Esplugues de Llobregat. L'home es va intentar suïcidar, però va rebre l'alta hospitalària i està tancat preventivament a la presó pel crim. 12 dies després, un mosso d'esquadra va matar la seva exparella a Terrassa amb l'arma que tenia com a policia i després es va suïcidar.;successos
Els delictes augmenten un 2,9% a Barcelona el 2019;https://www.ara.cat/societat/delictes-augmenten-barcelona_1_2596890.html;27/01/2020;"BarcelonaNo n'hi ha hagut prou amb l'augment d'agents dels Mossos d'Esquadra a Barcelona per revertir el nombre de delictes, que des de fa anys creix de manera sostinguda a la ciutat: durant el 2019, els delictes van créixer un 2,9% a Barcelona. Tot i aquesta xifra a l'alça, el departament d'Interior valora positivament les dades, perquè evidencien alhora l'impacte de l'entrada en funcionament del pla Barcelona Ciutat Segura, que va activar Interior per combatre la criminalitat a la ciutat. El 2019 es van produir un total de 229.258 delictes a Barcelona: 136.110 abans d'implementar-se el pla, el 29 de juliol, i 93.148 des d'aleshores. Això significa que abans del pla els delictes havien augmentat un 7,7% i que, després de posar-lo en marxa (i que arribessin 400 agents més a Barcelona), els delictes han baixat un 3,5% en relació amb els mateixos mesos del 2018. Tot i que han disminuït un 1,2% en relació al 2018, els furts segueixen sent el delicte més comú –sis de cada deu delictes ho són–, mentre que els robatoris amb violència i intimidació suposen el 10% dels fets delictius. Aquests fets han tancat el 2019 amb un creixement del 19%, després d'haver registrat una pujada de fins al 31%. La majoria d'aquests delictes es produeixen a Ciutat Vella i l'Eixample, on es concentren pràcticament la meitat dels fets coneguts de tota la ciutat, en part perquè són les zones amb més concentració de turistes, un col·lectiu ""vulnerable"". De fet, una de cada quatre víctimes de furt a Barcelona és un turista.";successos
El sindicat CCOO diu que Iqoxe havia acumulat una setantena d'incidents els últims cinc anys abans de l'explosió;https://www.ara.cat/societat/explosio-tarragona-ccoo-denuncia-incidents-accidents-quimica-iqoxe_1_2598979.html;24/01/2020;"BarcelonaDeu dies després de l'explosió a l'empresa Iqoxe del polígon químic de la Canonja (Tarragona), que va acabar provocant la mort de tres persones, continua obert el debat sobre la seguretat de la planta. El secretari general de CCOO Indústria de Tarragona, José Martín, ha explicat aquest divendres que en els últims cinc anys Iqoxe havia acumulat 73 incidents i accidents laborals. El departament de Treball havia sancionat l'empresa quatre cops, tres per incompliments de salut i seguretat. Ara ha obert un altre expedient per haver reprès l'activitat després de l'explosió sense avaluar riscos, una acusació que nega l'empresa, que assegura que només està fent treballs per mantenir la instal·lació ""segura"". Aquest divendres, Iqoxe ha fet públic un acord amb el comitè d'empresa en el qual les dues parts es comprometen a treballar plegades per ""reconstruir"" la planta i demanen ""agilitat"" a l'administració per tramitar els permisos necessaris per poder reobrir les instal·lacions no afectades per l'explosió i de les quals també depenen la producció d'altres indústries químiques del polígon.";successos
Mor el periodista de l'Ajuntament de Barcelona apunyalat a Ciutat Vella;https://www.ara.cat/societat/mor-ajuntament-barcelona-ciutat-vella_1_2599531.html;22/01/2020;"BarcelonaEl periodista David Caminada, de 52 anys, treballador de l'Ajuntament de Barcelona i professor de periodisme a la Universitat Pompeu Fabra, ha mort com a conseqüència de la punyalada que va rebre al cor dilluns, molt a prop de la plaça Sant Jaume, quan sortia de la feina. Va ser operat d'urgència a l'Hospital Clínic, on va ingressar en estat crític. Caminada havia estat durant anys periodista del diari Avui, on, entre altres funcions, va exercir de subcap d'Internacional. Ara treballava al departament de continguts digitals del consistori barceloní, on era tècnic. L'Ajuntament ha emès un comunicat en què lamenta la mort del treballador i recorda el seu ""tarannà afable, professional i col·laborador"". El consistori ha convocat un minut de silenci per aquest dijous a les 12h a la plaça Sant Jaume i davant les diverses seus de dependències municipals.";successos
Entitats alerten que hi ha contaminants que s'escapen dels controls de la Generalitat;https://www.ara.cat/societat/entitats-que-contaminants-controls-generalitat_1_2601043.html;17/01/2020;BarcelonaL'explosió mortal en una planta química de la petroquímica de Tarragona ha aguditzat la sensació de vulnerabilitat de treballadors i veïns del complex industrial. Després de la deflagració, la Generalitat va afanyar-se a assegurar que no hi va haver núvol tòxic ni un repunt de substàncies perilloses per a la salut per la crema d'òxid d'etilè. Experts com el catedràtic de toxicologia i salut mediambiental de la URV José Luis Domingo explicava a l'ARA que, en tot cas, el risc no era tant l'òxid d'etilè com la resta de materials que van cremar. En tot cas, l'episodi augmenta el neguit ciutadà tant per les amenaces visibles per a la salut com per les que no ho són tant, com ara la qualitat de l'aire en aquest important pol industrial i el seu entorn. Es dona el cas que aquesta empresa afectada va rebre una sanció de 20.000 euros fa quatre anys justament per no mesurar bé les seves emissions contaminants. Plataformes com Cel Net, que ha impulsat estudis de la contaminació atmosfèrica a la zona des de fa anys, demana al Govern més controls i més exhaustius per conèixer el grau de partícules i compostos nocius que ara no s'estan mesurant. “La xarxa de vigilància no està adaptada per detectar alguns compostos orgànics volàtils (cov) i no hi ha xarxa prou específica per controlar el complex petroquímic on es troba un còctel de substàncies diferents que en altres llocs”, defensa el portaveu de Cel Net, Josep Maria Torres.;successos
Els sindicats convocaran vaga general a la petroquímica de Tarragona al febrer;https://www.ara.cat/societat/ccoo_1_2600611.html;17/01/2020;"Barcelona / TarragonaDos dels principals sindicats catalans, CCOO i la UGT han anunciat aquest divendres que convocaran vaga general a la petroquímica de Tarragona a principis de febrer i han cridat a l'aturada –que serà de 24 hores– tots els treballadors del polígon. Els sindicats denuncien que el Govern ""no ha fet res"" des que, fa un any i mig, van avisar sobre les ""deficiències"" dels plans d'emergència de les empreses químiques de la Canonja, on aquest dimarts va explotar un dels dipòsits d'òxid d'etilè de la companyia Iqoxe. CCOO i la UGT acusen la Generalitat de ""falta d'interès en prendre mesures"" per ""garantir la seguretat"" dels treballadors del sector petroquímic de Tarragona, i han exigit que es revisin els protocols actuals, tant interns com externs. Els dos sindicats s'han reunit aquest matí amb el conseller de Treball, Afers Socials i Famílies, Chakir el Homrani, per abordar la situació després de l'accident de dimarts –que ha causat fins ara tres víctimes mortals i set ferits–. ""Se'ls ha posat damunt de la taula una sèrie de mancances i fins i tot de deixadesa, perquè pensem que les coses s'han de fer d'una altra manera"", ha remarcat el secretari general de la UGT a Tarragona, Joan Llort, i ha afegit: ""No hem vist cap actuació des de la reunió de l'octubre. El sindicat ha subratllat que l'estiu passat ja va denunciar ""la situació de descontrol i falta d'informació"" arran de dos accidents greus al polígon.";successos
Emergències no va saber durant més d'una hora si l'aire tenia tòxics per l'explosió de Tarragona;https://www.ara.cat/societat/que-va-passar-explosio-tarragona-aire-toxic-toxics-emergencies-desconeixia-iqoxe-sirenes-no-sonar_1_1112272.html;17/01/2020;BarcelonaVa passar més d'una hora des que es va produir l'explosió a l'empresa Iqoxe, al complex petroquímic de Tarragona, fins que es va saber que l'aire no tenia tòxics. A les 18.38 h de dimarts es rebien les primeres trucades al 112 per l'explosió però no va ser fins a les 19.40 h que es va confirmar que l'aire més pròxim a l'empresa no tenia tòxics, segons les anàlisis dels Bombers. Aquestes medicions només afectaven el radi de l'incendi. Va ser a les 20.20 h quan van arribar les lectures de les unitats de Medi Ambient, que descartaven la presència de tòxics a l'aire fora de la planta química. En la primera hora de l'explosió, doncs, Protecció Civil –que gestiona les emergències a Catalunya– desconeixia si l'aire podia ser perjudicial per a la població, però no va activar les sirenes, que és el sistema previst per anunciar el confinament. Per què no es van fer sonar les sirenes? Fonts de Protecció Civil argumenten que les informacions que tenien en la primera hora no detectaven danys o fuites a l'exterior del polígon de la Canonja i que cap de les trucades que van rebre al 112 –ni de les policies locals ni dels alcaldes– van venir de persones amb molèsties o picors. Per això, i per evitar un efecte alarmista, es va descartar activar les sirenes.;successos
Boye denuncia a la policia un assalt al seu despatx durant la nit;https://www.ara.cat/politica/boye-denuncia-policia-regirat-despatx_1_2600515.html;17/01/2020;"BarcelonaL'advocat de Carles Puigdemont i Quim Torra, Gonzalo Boye, ha denunciat aquest divendres que uns desconeguts han entrat al seu despatx de Madrid durant la nit. ""Ho han regirat tot"", ha lamentat l'advocat, que explica a l'ARA que ha presentat una denúncia davant el Cos Nacional de la Policia i que diversos agents s'han personat al despatx per investigar els fets. Boye ha apuntat que no sap si li pretenien robar perquè no semblen haver-se emportat res de valor (tampoc ordinadors), més enllà de ""destrossar"" el servidor: ""Tots els cables del servidor estan trencats"". A més, ha explicat que l'empresa d'alarma els ha dit que no hi ha ""indicis"" d'intrusió. ""No ens intimidaran"", ha asseverat l'advocat, que s'ha preguntat a Twitter ""què serà el següent"": ""¿Casa meva, la meva família?"".";successos
"""És un malson perquè aquí ens coneixem tots, som com una família""";https://www.ara.cat/societat/malson-perque-aqui-coneixem-familia_1_2600590.html;16/01/2020;"TarragonaSón les dues de la tarda. Canvi de torn. I a escassos metres d'on s'ha produït el pitjor accident químic en la història de Tarragona, un grup de treballadors fa capelleta. Són d'Iqoxe, l'empresa on s'ha produït el sinistre, i molts d'ells es coneixien d'abans, quan la companyia es deia IQA, empresa històrica del complex que va arribar el 1964. No saben si els toca treballar, però es reuneixen per saber el què. ""Som com els toreros que es posen el vestit de llums abans de jugar-se la vida. La diferència és que nosaltres ens posem el mono de treball"", comenta un treballador d'uns cinquanta anys. Tots ells no volen parlar del tema i a vegades només donen el nom de pila quan els periodistes s'acosten per parlar amb ells. Com el José María, que amb llàgrimes als ulls parla dels companys que han mort. ""Aquí som com una família, tots ens coneixem. Això és un malson"", declara.";successos
"""Era una mort anunciada""";https://www.ara.cat/societat/mort-anunciada_1_2602296.html;16/01/2020;TarragonaEls treballadors d’Iqoxe morts o ferits a causa de l’accident de dimarts havien parlat llargament dels problemes a la seva feina amb amics i coneguts –com fem tots en qualsevol àmbit laboral–. Un d'ells és el geògraf i fotògraf Rafael López-Monné, amic del cap de planta a Iqoxe, Òscar Saladié, que ha mort per les ferides rebudes en la deflagració. López-Monné recorda les seves últimes converses, quan les seves famílies van celebrar juntes el Cap d’Any. Li ha quedat gravada la gran preocupació que va veure en el seu amic per les condicions de treball que hi havia a la fàbrica química últimament. “Són sensacions que tinc de compartir anys de converses amb ell. No li agradava el que veia allí dins, que podia repercutir en la seguretat de la planta. Ell també em va comentar que la nova planta no s’havia muntat bé. Algunes coses no anaven bé”, explica el fotògraf. Li queda la sensació que s’hauria pogut fer alguna cosa més per evitar l'accident fatal si l’empresa no hagués volgut maximitzar els beneficis a costa d’augmentar la càrrega laboral dels treballadors i no acomiadar operaris que no estaven fent bé la seva feina. “Era una mort anunciada”, conclou.;successos
Els Mossos escorcollen l'empresa on es va produir l'explosió de Tarragona;https://www.ara.cat/societat/jutjat-investiga-morts-explosio-tarragona-determinar-si-hi-ha-negligencia_1_2600601.html;16/01/2020;"Tarragona/BarcelonaEls Mossos d'Esquadra han entrat aquesta tarda a la seu de l'empresa química Iqoxe, on abans-d'ahir es va produir una explosió en un dels dipòsits d'òxid d'etilè. L'entrada dels agents a les oficines de l'empresa al Prat del Llobregat l'ha ordenat el jutjat d'instrucció número 1 de Tarragona, que ""ha decretat secretes les actuacions obertes dimarts arran de l'explosió en una empresa petroquímica"". Els registres al Prat són a les instal·lacions de Plastiverd, que, com Iqoxe, pertany al Grup Industrial Cristian Lay. A més, la policia també està entrant a les instal·lacions que la companyia de l'accident té a la Canonja –i on es va produir l'accident aquest dimarts–, segons ha informat el Tribunal Superior de Justícia de Catalunya (TSJC) a través d'una piulada a Twitter. La magistrada d'aquest tribunal ha obert diligències aquest dijous al matí per les morts en l'explosió de l'empresa química Iqoxe. Fonts judicials han apuntat que la magistrada està a l'espera de rebre i analitzar a fons informes dels Mossos, Bombers, Protecció Civil i Inspecció de Treball per decidir si demana noves diligències i, si és el cas, investigar l'empresa per accident o per negligència. La investigació sobre les causes i les circumstàncies en què es va produir l'explosió del reactor serà clau per determinar la possible responsabilitat penal de l'empresa. Fonts jurídiques apunten que es podria atribuir homicidi imprudent a l'empresa si es detecten negligències o deficiències de manteniment o de seguretat a la planta.";successos
Treball va sancionar quatre cops l'empresa de l'explosió de Tarragona;https://www.ara.cat/societat/inspeccio-treball-sancionar-iqoxe-investigacio_1_2560580.html;16/01/2020;"BarcelonaInspecció de Treball de la Generalitat va sancionar quatre vegades en els últims anys Iqoxe, l'empresa on va explotar abans-d'ahir un dipòsit d'òxid d'etilè. Tres d'aquestes sancions van ser per incompliments en matèria de salut i seguretat, i l'altra per aspectes relacionats amb les condicions de treball. Algunes de les inspeccions es van activar després que ho demanessin els representants dels treballadors i altres directament per intervenció de l'administració, segons han confirmat fonts sindicals. Les sancions que va haver de pagar Iqoxe per aquests incompliments oscil·laven entre els 2.000 i els 8.000 euros. Fonts sindicals han apuntat que l'empresa havia comès ""deficiències de seguretat flagrant"" i que algunes ""podien tenir conseqüències greus"". Arran de l'explosió, que ha causat tres víctimes mortals i set ferits –dues d'elles treballadores de l'empresa–, s'han obert dos expedients més a l'empresa, que encara s'han de resoldre. El conseller de Treball de la Generalitat, Chakir el Homrani, ha assegurat aquest matí que la Inspecció de Treball anirà ""fins al fons per aclarir les causes i les responsabilitats d'un accident molt greu"".";successos
L'empresa no va avisar de l'explosió i va endarrerir l'alerta d'emergència;https://www.ara.cat/societat/explosio-quimica-tarragona-no-avisar-empresa-alerta-emergencia-sirenes-proteccio-civil-canonja-avisos-mobils_1_1156667.html;15/01/2020;BarcelonaCap avís. L'empresa química Iqoxe de la Canonja, on ahir es va produir l'explosió que ha deixat tres morts, no va trucar al 112 ni al CECAT –el Centre de Coordinació Operativa de Catalunya– per alertar que tenia un incendi a la seva planta. Així ho expliquen fonts de Protecció Civil a l'ARA, que, malgrat no tenir informació de per què l'empresa no va donar l'avís, ho atribueixen a la magnitud de l'explosió i a l'afectació personal. La falta de comunicació, però, va fer endarrerir l'alerta d'emergència. Com que la companyia no va dir res i les primeres informacions van arribar per les trucades al 112, els primers minuts van destinar-se a identificar l'empresa on s'havia produït l'explosió. Això també va suposar que no se sabia, en un primer moment, quina substància cremava. Les trucades per l'explosió es van rebre a les 18.45 h, i a les 19.01 h Protecció Civil va enviar una primera informació per SMS als alcaldes de sis municipis de la zona afectada –Constantí, el Morell, Reus, Salou, Tarragona i Vila-seca– en què alertava d'una explosió amb incendi al polígon sud de Tarragona en una empresa pendent d'identificar. Es va fer una ronda de trucades a diverses plantes del complex petroquímic fins a localitzar l'afectada, i això va coincidir amb l'arribada dels Bombers, que van poder concretar els productes que cremaven. Mentre tot això passava, a les 19.15 h Protecció Civil va fer un tuit en què demanava el confinament de set municipis de manera preventiva. Els següents minuts va publicar nous missatges en què reduïa l'afectació i a les 19.34 h va dir que es farien sonar les sirenes, però no es van arribar a sentir mai.;successos
El trajecte mortífer de la planxa voladora;https://www.ara.cat/societat/planxa-explosio-tarragona-pis-ensorrat-home-mort-esteles-avions_1_1156707.html;15/01/2020;"BarcelonaEl pis del barri de Torreforta, a Tarragona, on vivia l'home que va morir quan es va ensorrar el sostre està situat a més de dos quilòmetres de l'empresa química Iqoxe de la Canonja, on aquest dimarts es va produir l'explosió. Dins el pis s'ha trobat una planxa metàl·lica que, segons la investigació, hi va entrar disparada després d'impactar contra una finestra, cosa que va provocar que s'ensorrés una part del sostre del pis on hi havia la víctima. ¿Però la placa, que pesa gairebé una tona, venia de l'empresa química on va passar l'explosió? Els primers indicis de la investigació dels Mossos d'Esquadra i els Bombers apunten en aquesta direcció, i l'alcalde de Tarragona, Pau Ricomà, ha admès a l'agència Efe que és la ""hipòtesi més probable"". Els experts asseguren que és possible que l'ona expansiva de l'explosió disparés la planxa fins al pis, tot i que es mostren sorpresos per la distància recorreguda entre l'empresa i l'habitatge. El catedràtic emèrit d'enginyeria química de la Universitat Rovira i Virgili (URV) Francesc Castells reconeix que ""costa de creure"", malgrat que una explosió ""gran"" com la d'ahir pot fer que una peça surti ""amb molta força, com un canó"". ""És estrany, però pot haver passat. No deixa de sorprendre"", considera Castells, perquè la placa, a part de pesar molt, fa gairebé dos metres de llarg i més d'un d'ample, i tres centímetres de gruix.";successos
La mort d'un dels ferits crítics eleva a tres les víctimes mortals de l'explosió de Tarragona;https://www.ara.cat/societat/explosio-incendi-industria-quimica-tarragona-dues-victimes-mortals_1_1093895.html;15/01/2020;Tarragona / BarcelonaJa són tres les víctimes mortals per l'explosió a la indústria química de Tarragona dimarts a la tarda. El ferit crític que estava ingressat a la unitats de cremats de l'Hospital Vall d'Hebron ha mort aquest dimecres. Aquesta víctima s'afegeix al cos sense vida del treballador desaparegut des d'ahir, que, segons fonts sindicals, era el cap de torn de la planta. Els cossos d'emergència ja han pogut accedir-hi per rescatar el cos de la víctima i a hores d'ara ja l'han tret de l'interior del recinte. Ahir ja es va confirmar la mort d'un altre home per l'ensorrament del sostre de casa seva al barri de Torreforta, a Tarragona, a més de tres quilòmetres del lloc de l'explosió, a causa de l'impacte d'una placa metàl·lica que hauria sortit disparada de la planta. Els Bombers han confirmat avui que les primeres investigacions apunten que la planxa, d'aproximadament una tona de pes i de 122x165x3 centímetres, provenia de l'explosió –podria ser la tapa del reactor on es va originar l'accident. L'explosió també va deixar set treballadors ferits de diferent gravetat (un segueix molt greu, un de greu, que està ingressat al Joan XXIII, i cinc de lleus). L'empresa on es va produir l'accident, a les instal·lacions de l'antiga IQA, ara Iqoxe, treballa amb òxid d'etilè, i la gestió que s'ha fet de la crisi ha posat al centre del debat per què es va decidir no activar les sirenes d'alerta, com han criticat sindicats, alcaldes, veïns i agents com els advocats del Col·lectiu Ronda.;successos
"""Estem espantats i volem marxar d'aquí, no confiem en les fàbriques""";https://www.ara.cat/societat/espantats-volem-marxar-confiem-fabriques_1_2601071.html;15/01/2020;"Bonavista (Tarragona)A les 18:41 h es va sentir una fuita de gas molt forta, després el cel es va pintar d'un color ataronjat i l'explosió va crear una forta onada expansiva que va sacsejar i rebentar els cristalls dels veïns dels barris de Ponent de Tarragona. Així ho explica Sergio Garcia, un noi que des del 1998 viu en un edifici a 600 metres de les instal·lacions d'Iqoxe, mentre recull amb una escombra els vidres a la cuina de casa seva. ""El primer que vam fer va ser sortir corrents, perquè estava amb una amiga i li va agafar un atac d'ansietat. Vam anar a casa seva, a un quilòmetre d'aquí, i vaig intentar trucar al pare, però no hi havia línia. Estava tot col·lapsat"", explica. Quan van arribar a casa de l'amiga, diu, van obrir Twitter: ""Ens deien que ens quedéssim a casa, però les sirenes no van sonar"".";successos
"""El risc no és l’òxid d’etilè sinó la resta de productes que s’han cremat""";https://www.ara.cat/societat/explosio-oxid-etile-expert-quimic-toxic-perill-jose-luis-domingo_1_2600778.html;15/01/2020;BarcelonaL'incendi que es va produir ahir a la tarda en una empresa de la zona d'indústria química de la Canonja, a Tarragona, es va originar en un tanc d'òxid d'etilè, una substància habitual en la indústria química però desconeguda per al gran públic. El catedràtic de toxicologia de la Universitat Rovira i Virgili José Luis Domingo aclareix algunes de les seves característiques i valora la perillositat de l'accident. És una molècula senzilla derivada de l'etilè, un hidrocarbur senzill. A temperatura ambient és un gas que no té color i que es transporta comprimit com el butà.;successos
Una explosió a la petroquímica de Tarragona deixa almenys un mort i vuit ferits;https://www.ara.cat/societat/explosio-incendi-industria-quimica-tarragona_1_1147827.html;15/01/2020;"Barcelona / TarragonaL'explosió que es va produir ahir poc abans de les 7 de la tarda en una empresa de la zona d'indústria química de la Canonja, a Tarragona, ha causat vuit ferits de diversa consideració (dos grans cremats -un crític i un molt greu-, que van ser traslladats a l'hospital de la Vall d'Hebron; un menys greu, traslladat al Joan XXIII, i cinc de lleus -dos dels quals es van derivar a l'hospital Sant Joan de Reus i tres van ser donats d'alta in situ-) i una persona desapareguda, que ara els bombers busquen entre la runa ocasionada per l'explosió amb la col·laboració d'un dels gossos de la unitat canina de recerca. Tots eren treballadors de l'empresa on s'ha produït l'incident, que ha passat a les instal·lacions de l'antiga IQA, ara Iqoxe, que treballa amb òxid d'etilè. A més, ha mort un home en ensorrar-se el sostre d'un pis del barri de Torreforta, a Tarragona, que està a uns 4 quilòmetres d'on es va produir l'explosió. Durant aquest matí, per prevenció i mentre durin els treballs d'extinció, no circulen els trens que surten de Tarragona en direcció i Renfe no ha pogut localitzar prou autocars com per habilitar un servei alternatiu per carretera. Això afecta l'itinerari entre Tarragona i Reus i entre Tarragona i Port Aventura, en concret les línies R13, R14, R15, R16, R17, RT1 i RT2.";successos
Una explosió causa un gran incendi en una indústria química a Tarragona;https://www.ara.cat/societat/explosio-incendi-industria-quimica-tarragona_8_1257110.html;14/01/2020;;successos
L'Ajuntament de Badalona demana que es reactivi la cerca del nen de 12 anys segrestat a Hondures;https://www.ara.cat/societat/badalona-demana-reactivi-recerca-desaparegut_1_2602703.html;13/01/2020;"BadalonaEl regidor de l'àrea de govern i territori de l'Ajuntament de Badalona, Rubén Guijarro, ha demanat a les autoritats hondurenyes aquest dilluns que reactivin la recerca de l'Enoc, el nen de 12 anys i alumne de l'Institut Escola Rafael Alberti de Badalona que porta desaparegut des del 2 de desembre al país. Després de reunir-se amb el subdelegat del govern a Barcelona, Carlos Prieto Gómez, el consistori ha demanat reunir-se tant amb el consolat d'Hondures a Barcelona com amb l'ambaixada hondurenya a Espanya per, ha dit Guijarro, ""trobar l'Enoc i que estigui a casa aviat"". El regidor ha explicat que a nivell administratiu es tracta ""d'un ciutadà hondureny perdut a Hondures"", cosa que limita el marge d'actuació des del municipi on residien el menor i la seva família. ""Cal posar el focus en els representants del govern hondureny a Catalunya i Espanya per fer la pressió suficient"", ha apuntat Guijarro, i ha insistit: ""Ens mourem tot el que calgui"". Quan es van conèixer els fets, l'Ajuntament de Badalona es va posar en contacte amb els familiars que resideixen al municipi i els va oferir la seva ajuda. També va contactar amb la direcció del centre on l'Enoc cursava 1r d'ESO. ""La família, la comunitat educativa, el teixit associatiu del barri de Llefià i la ciutat s'estan movent perquè es reactivi la recerca i l'Enoc torni sa i estalvi"".";successos
Concentració a plaça Catalunya per exigir el retorn del menor segrestat a Hondures;https://www.ara.cat/societat/concentracio-placa-catalunya-segrestat-hondures_1_2601688.html;11/01/2020;"BarcelonaUna vuitantena de persones, entre familiars, amics i companys de l'escola, s'han concentrat a les 15.00 h del migdia a la plaça de Catalunya de Barcelona per exigir la recerca i el retorn del nen Enoc, de 12 anys, alumne de l'Escola Institut Rafael Alberti de Badalona que va ser segrestat el 2 de desembre a Hondures. El nen, que havia tornat al seu país d'origen per fer una visita a la família, va desaparèixer durant un atracament on van morir assassinats el seu tiet, el seu avi i la seva mainadera. La mare del menor, que continua a Hondures a la recerca del seu fill, s'ha adreçat als concentrats aquest migdia per telèfon per agraïr-los el suport. ""Jo crec que els segrestadors van pensar que en podrien treure diners, del segrest, però des del 2 de desembre no en sabem res"", ha assegurat. Els representants del col·lectiu de ciutadans hondurenys i de l'escola del nen han exigit a les autoritats que posin tots els mitjans per rescatar el noi. La directora del centre on estudiava el noi, Neus Casablanca, ha demanat també que es faci ""pressió diplomàtica"".";successos
Un nen de 12 anys de Badalona, segrestat des de fa un mes a Hondures;https://www.ara.cat/societat/segrest-badalona-hondures-nen-12-anys-rafael-alberti_1_2602699.html;10/01/2020;"BarcelonaUn nen de 12 anys que viu a Badalona fa un mes que està segrestat a Hondures. El nen, que es diu Enoc i cursava 1r d'ESO a l'institut escola Rafael Alberti, va marxar fa gairebé un mes i mig amb la seva mare al seu país d'origen. Segons alguns mitjans locals, almenys quatre membres de la seva família i el seu entorn han estat assassinats (un tiet, l'avi, una veïna i la mainadera), mentre que el menor continua desaparegut des del 2 de desembre. Les informacions són confuses. Els Mossos d'Esquadra no tenen constància del cas. L'assalt ha aixecat molta expectació a Hondures, on la mare ha estat entrevistada per diferents mitjans de comunicació. La mare del noi, Carina Chinchilla, va explicar el 2 de gener en una entrevista al canal HCH Television Digital que encara no han rebut cap trucada dels assaltants demanant un rescat. ""Estic desesperada"", va dir la mare, després de denunciar la inseguretat del país. Segons va dir, ""els van atacar només per robar-los"" i va insistir que no devien diners a ningú.";successos
La mare menor d'edat del nadó que el seu pare va llançar al riu Besòs havia demanat ajuda per avortar;https://www.ara.cat/societat/llancat-besos-demanar-ajuda-avortar_1_2603153.html;09/01/2020;"BarcelonaLa mare del nadó que va ser llançat pel pare al riu Besòs el setembre passat havia demanat ajuda als serveis municipals de l'Hospitalet de Llobregat per avortar, segons ha publicat aquest dijous El Periódico. La noia, de 16 anys, va adreçar-se el 13 de març de l'any passat al punt d'informació municipal Salut Jove quan ja estava embarassada de dos o tres mesos. Allà va ser atesa per una educadora del centre que va confirmar-li el seu estat amb un test. Amb tot, se li va indicar que la llei no li permetia interrompre l'embaràs sense el permís dels seus pares perquè tenia 16 anys i que, com a molt, podia anar a un centre mèdic per informar de la seva situació. La jove no ho va fer mai i, com que no existeix cap protocol que obligui l'educadora a comunicar-ho –per tal de garantir la confidencialitat del servei– o a fer cap seguiment del cas, la noia va portar l'embaràs en secret fins al final. El 2015, l'executiu de Mariano Rajoy va reformar la llei orgànica de salut sexual i reproductiva i va eliminar el dret de les dones de 16 i 17 anys a avortar com a dones adultes. Feia cinc anys que el govern de José Luis Rodríguez Zapatero havia fixat com a ""requisit comú"" que el consentiment per interrompre l'embaràs els correspongués exclusivament a elles. Amb la modificació de la norma, perpetrada pel PP, actualment les joves no poden decidir voluntàriament i se'ls apliquen les mateixes limitacions que a les menors de 16 anys: necessiten l'autorització dels pares.";successos
